"product_id","source_id","canonical_path","has_image","image_source","rights_status","rights_source","quality_review_pending","availability_check","resolution_check","product_match_check","watermark_check","cropping_check","action"
"1001","7500756023","/catalog/product/dvigatel-v-sbore-weichai-wp12-430e50-1001/","true","avito_external","confirmed_by_owner","company_avito_account","true","manual_review_required","manual_review_required","manual_review_required","manual_review_required","manual_review_required","review_quality_availability_resolution_and_product_match"
"1002","7596771238","/catalog/product/dvigatel-wd615-47-evro-2-1002/","true","avito_external","confirmed_by_owner","company_avito_account","true","manual_review_required","manual_review_required","manual_review_required","manual_review_required","manual_review_required","review_quality_availability_resolution_and_product_match"
"1003","7500528381","/catalog/product/dvigatel-v-sbore-eicha-analog-weichai-wp12-430e50-1003/","true","avito_external","confirmed_by_owner","company_avito_account","true","manual_review_required","manual_review_required","manual_review_required","manual_review_required","manual_review_required","review_quality_availability_resolution_and_product_match"
"1004","8044367673","/catalog/product/perednyaya-fara-levaya-aito-m8-1004/","true","avito_external","confirmed_by_owner","company_avito_account","true","manual_review_required","manual_review_required","manual_review_required","manual_review_required","manual_review_required","review_quality_availability_resolution_and_product_match"
"1005","4044928070","/catalog/product/zadnii-fonar-pravyi-voyah-free-original-1005/","true","avito_external","confirmed_by_owner","company_avito_account","true","manual_review_required","manual_review_required","manual_review_required","manual_review_required","manual_review_required","review_quality_availability_resolution_and_product_match"
"1006","8108325039","/catalog/product/levyi-zadnii-fonar-voyah-passion-1006/","true","avito_external","confirmed_by_owner","company_avito_account","true","manual_review_required","manual_review_required","manual_review_required","manual_review_required","manual_review_required","review_quality_availability_resolution_and_product_match"
"1007","8012577766","/catalog/product/fonar-zadnii-pravyi-v-kryle-geely-galaxy-m9-1007/","true","avito_external","confirmed_by_owner","company_avito_account","true","manual_review_required","manual_review_required","manual_review_required","manual_review_required","manual_review_required","review_quality_availability_resolution_and_product_match"
"1008","8108692478","/catalog/product/perednii-dnevnoi-hodovoi-ogon-volkswagen-tavendor-1008/","true","avito_external","confirmed_by_owner","company_avito_account","true","manual_review_required","manual_review_required","manual_review_required","manual_review_required","manual_review_required","review_quality_availability_resolution_and_product_match"
"1009","8076468162","/catalog/product/fara-levaya-changan-hanter-plus-1009/","true","avito_external","confirmed_by_owner","company_avito_account","true","manual_review_required","manual_review_required","manual_review_required","manual_review_required","manual_review_required","review_quality_availability_resolution_and_product_match"
"1010","8076431394","/catalog/product/fara-levaya-toyota-corolla-1010/","true","avito_external","confirmed_by_owner","company_avito_account","true","manual_review_required","manual_review_required","manual_review_required","manual_review_required","manual_review_required","review_quality_availability_resolution_and_product_match"
"1011","7948794874","/catalog/product/fonar-kryshki-bagazhnika-pravyi-toyota-highlander-1011/","true","avito_external","confirmed_by_owner","company_avito_account","true","manual_review_required","manual_review_required","manual_review_required","manual_review_required","manual_review_required","review_quality_availability_resolution_and_product_match"
"1012","7948486542","/catalog/product/perednyaya-fara-pravaya-baic-u5-plus-1012/","true","avito_external","confirmed_by_owner","company_avito_account","true","manual_review_required","manual_review_required","manual_review_required","manual_review_required","manual_review_required","review_quality_availability_resolution_and_product_match"
"1013","7948878603","/catalog/product/dnevnoi-hodovoi-ogon-levyi-baic-x35-1013/","true","avito_external","confirmed_by_owner","company_avito_account","true","manual_review_required","manual_review_required","manual_review_required","manual_review_required","manual_review_required","review_quality_availability_resolution_and_product_match"
"1014","7884757595","/catalog/product/fara-pravaya-livan-x6-pro-1014/","true","avito_external","confirmed_by_owner","company_avito_account","true","manual_review_required","manual_review_required","manual_review_required","manual_review_required","manual_review_required","review_quality_availability_resolution_and_product_match"
"1015","8043953127","/catalog/product/pravyi-perednii-gabaritnyi-fonar-voyah-dream-1015/","true","avito_external","confirmed_by_owner","company_avito_account","true","manual_review_required","manual_review_required","manual_review_required","manual_review_required","manual_review_required","review_quality_availability_resolution_and_product_match"
"1016","7948151299","/catalog/product/perednyaya-levaya-fara-baic-bj40-1016/","true","avito_external","confirmed_by_owner","company_avito_account","true","manual_review_required","manual_review_required","manual_review_required","manual_review_required","manual_review_required","review_quality_availability_resolution_and_product_match"
"1017","7979964406","/catalog/product/zadnyaya-fara-bagazhnik-levaya-toyota-camry-xv80-1017/","true","avito_external","confirmed_by_owner","company_avito_account","true","manual_review_required","manual_review_required","manual_review_required","manual_review_required","manual_review_required","review_quality_availability_resolution_and_product_match"
"1018","7980302086","/catalog/product/perednyaya-fara-pravaya-xiaomi-su7-1018/","true","avito_external","confirmed_by_owner","company_avito_account","true","manual_review_required","manual_review_required","manual_review_required","manual_review_required","manual_review_required","review_quality_availability_resolution_and_product_match"
"1019","7948074333","/catalog/product/levyi-zadnii-fonar-baic-u5-plus-1019/","true","avito_external","confirmed_by_owner","company_avito_account","true","manual_review_required","manual_review_required","manual_review_required","manual_review_required","manual_review_required","review_quality_availability_resolution_and_product_match"
"1020","8076674943","/catalog/product/fara-perednyaya-pravaya-verhnyaya-nissan-x-trail-t33-1020/","true","avito_external","confirmed_by_owner","company_avito_account","true","manual_review_required","manual_review_required","manual_review_required","manual_review_required","manual_review_required","review_quality_availability_resolution_and_product_match"
"1021","8076002209","/catalog/product/fara-levaya-tank-500-1021/","true","avito_external","confirmed_by_owner","company_avito_account","true","manual_review_required","manual_review_required","manual_review_required","manual_review_required","manual_review_required","review_quality_availability_resolution_and_product_match"
"1022","8108038452","/catalog/product/zadnii-levyi-fonar-volkswagen-tavendor-1022/","true","avito_external","confirmed_by_owner","company_avito_account","true","manual_review_required","manual_review_required","manual_review_required","manual_review_required","manual_review_required","review_quality_availability_resolution_and_product_match"
"1023","8108345729","/catalog/product/fara-perednyaya-levaya-toyota-rav4-v-1023/","true","avito_external","confirmed_by_owner","company_avito_account","true","manual_review_required","manual_review_required","manual_review_required","manual_review_required","manual_review_required","review_quality_availability_resolution_and_product_match"
"1024","8076250090","/catalog/product/fara-pravaya-toyota-corolla-1024/","true","avito_external","confirmed_by_owner","company_avito_account","true","manual_review_required","manual_review_required","manual_review_required","manual_review_required","manual_review_required","review_quality_availability_resolution_and_product_match"
"1025","7948252872","/catalog/product/zadnyaya-fara-pravaya-toyota-highlander-xu70-1025/","true","avito_external","confirmed_by_owner","company_avito_account","true","manual_review_required","manual_review_required","manual_review_required","manual_review_required","manual_review_required","review_quality_availability_resolution_and_product_match"
"1026","3981501981","/catalog/product/fara-svetodiodnaya-perednyaya-lixiang-l7-max-orig-1026/","true","avito_external","confirmed_by_owner","company_avito_account","true","manual_review_required","manual_review_required","manual_review_required","manual_review_required","manual_review_required","review_quality_availability_resolution_and_product_match"
"1027","8044854684","/catalog/product/fonar-perednii-tsentralnyi-levyi-voyah-taishan-1027/","true","avito_external","confirmed_by_owner","company_avito_account","true","manual_review_required","manual_review_required","manual_review_required","manual_review_required","manual_review_required","review_quality_availability_resolution_and_product_match"
"1028","7980583132","/catalog/product/pravyi-zadnii-fonar-wey-80-1028/","true","avito_external","confirmed_by_owner","company_avito_account","true","manual_review_required","manual_review_required","manual_review_required","manual_review_required","manual_review_required","review_quality_availability_resolution_and_product_match"
"1029","4045118897","/catalog/product/perednyaya-levaya-fara-voyah-free-original-1029/","true","avito_external","confirmed_by_owner","company_avito_account","true","manual_review_required","manual_review_required","manual_review_required","manual_review_required","manual_review_required","review_quality_availability_resolution_and_product_match"
"1030","8012473614","/catalog/product/perednyaya-fara-levaya-byd-fangchengbao-titanium-7-1030/","true","avito_external","confirmed_by_owner","company_avito_account","true","manual_review_required","manual_review_required","manual_review_required","manual_review_required","manual_review_required","review_quality_availability_resolution_and_product_match"
"1031","8012833750","/catalog/product/protivotumannaya-zadnyaya-levaya-fara-geely-preface-1031/","true","avito_external","confirmed_by_owner","company_avito_account","true","manual_review_required","manual_review_required","manual_review_required","manual_review_required","manual_review_required","review_quality_availability_resolution_and_product_match"
"1032","7948453324","/catalog/product/levyi-zadnii-fonar-krylo-baik-x55-1032/","true","avito_external","confirmed_by_owner","company_avito_account","true","manual_review_required","manual_review_required","manual_review_required","manual_review_required","manual_review_required","review_quality_availability_resolution_and_product_match"
"1033","7948670796","/catalog/product/levyi-zadnii-fonar-kryshka-bagazhnika-baik-x55-1033/","true","avito_external","confirmed_by_owner","company_avito_account","true","manual_review_required","manual_review_required","manual_review_required","manual_review_required","manual_review_required","review_quality_availability_resolution_and_product_match"
"1034","8108569975","/catalog/product/pravaya-perednyaya-svetovaya-polosa-volkswagen-tavendor-1034/","true","avito_external","confirmed_by_owner","company_avito_account","true","manual_review_required","manual_review_required","manual_review_required","manual_review_required","manual_review_required","review_quality_availability_resolution_and_product_match"
"1035","7948003561","/catalog/product/pravaya-perednyaya-fara-baic-x55-1035/","true","avito_external","confirmed_by_owner","company_avito_account","true","manual_review_required","manual_review_required","manual_review_required","manual_review_required","manual_review_required","review_quality_availability_resolution_and_product_match"
"1036","7980101221","/catalog/product/zadnyaya-fara-levaya-toyota-camry-xv80-1036/","true","avito_external","confirmed_by_owner","company_avito_account","true","manual_review_required","manual_review_required","manual_review_required","manual_review_required","manual_review_required","review_quality_availability_resolution_and_product_match"
"1037","8076778763","/catalog/product/levyi-svetootrazhatel-voyah-passion-1037/","true","avito_external","confirmed_by_owner","company_avito_account","true","manual_review_required","manual_review_required","manual_review_required","manual_review_required","manual_review_required","review_quality_availability_resolution_and_product_match"
"1038","7916590795","/catalog/product/fara-perednyaya-levaya-livan-x3-pro-1038/","true","avito_external","confirmed_by_owner","company_avito_account","true","manual_review_required","manual_review_required","manual_review_required","manual_review_required","manual_review_required","review_quality_availability_resolution_and_product_match"
"1039","4045197619","/catalog/product/zadnii-fonar-tsentralnyi-voyah-free-original-1039/","true","avito_external","confirmed_by_owner","company_avito_account","true","manual_review_required","manual_review_required","manual_review_required","manual_review_required","manual_review_required","review_quality_availability_resolution_and_product_match"
"1040","4141192049","/catalog/product/fara-pravaya-lixiang-l7-kruglaya-fishka-18-pin-max-1040/","true","avito_external","confirmed_by_owner","company_avito_account","true","manual_review_required","manual_review_required","manual_review_required","manual_review_required","manual_review_required","review_quality_availability_resolution_and_product_match"
"1041","7948033388","/catalog/product/perednyaya-pravaya-fara-baic-bj40-1041/","true","avito_external","confirmed_by_owner","company_avito_account","true","manual_review_required","manual_review_required","manual_review_required","manual_review_required","manual_review_required","review_quality_availability_resolution_and_product_match"
"1042","8108715917","/catalog/product/levaya-fara-changan-cs75-plus-1042/","true","avito_external","confirmed_by_owner","company_avito_account","true","manual_review_required","manual_review_required","manual_review_required","manual_review_required","manual_review_required","review_quality_availability_resolution_and_product_match"
"1043","7884131794","/catalog/product/fara-levaya-livan-x6-pro-1043/","true","avito_external","confirmed_by_owner","company_avito_account","true","manual_review_required","manual_review_required","manual_review_required","manual_review_required","manual_review_required","review_quality_availability_resolution_and_product_match"
"1044","8012198967","/catalog/product/perednyaya-fara-levaya-geely-galaxy-m9-1044/","true","avito_external","confirmed_by_owner","company_avito_account","true","manual_review_required","manual_review_required","manual_review_required","manual_review_required","manual_review_required","review_quality_availability_resolution_and_product_match"
"1045","8076177630","/catalog/product/perednyaya-protivotumannaya-fara-levaya-toyota-corolla-1045/","true","avito_external","confirmed_by_owner","company_avito_account","true","manual_review_required","manual_review_required","manual_review_required","manual_review_required","manual_review_required","review_quality_availability_resolution_and_product_match"
"1046","8108236489","/catalog/product/fonar-na-kryshke-bagazhnika-kia-seltos-1046/","true","avito_external","confirmed_by_owner","company_avito_account","true","manual_review_required","manual_review_required","manual_review_required","manual_review_required","manual_review_required","review_quality_availability_resolution_and_product_match"
"1047","8108515740","/catalog/product/pravyi-perednii-gabaritnyi-fonar-voyah-passion-1047/","true","avito_external","confirmed_by_owner","company_avito_account","true","manual_review_required","manual_review_required","manual_review_required","manual_review_required","manual_review_required","review_quality_availability_resolution_and_product_match"
"1048","7980388014","/catalog/product/fara-pravaya-changan-deepal-s7-1048/","true","avito_external","confirmed_by_owner","company_avito_account","true","manual_review_required","manual_review_required","manual_review_required","manual_review_required","manual_review_required","review_quality_availability_resolution_and_product_match"
"1049","8108873721","/catalog/product/perednii-gabaritnyi-fonar-changan-cs75-plus-1049/","true","avito_external","confirmed_by_owner","company_avito_account","true","manual_review_required","manual_review_required","manual_review_required","manual_review_required","manual_review_required","review_quality_availability_resolution_and_product_match"
"1050","8108454898","/catalog/product/fonar-zadnii-levyi-kryshka-bagazhnika-haval-xiaolong-hi4-1050/","true","avito_external","confirmed_by_owner","company_avito_account","true","manual_review_required","manual_review_required","manual_review_required","manual_review_required","manual_review_required","review_quality_availability_resolution_and_product_match"
"1051","7980690429","/catalog/product/fonar-kryshki-bagazhnika-dfsk-ix5-1051/","true","avito_external","confirmed_by_owner","company_avito_account","true","manual_review_required","manual_review_required","manual_review_required","manual_review_required","manual_review_required","review_quality_availability_resolution_and_product_match"
"1052","8043916277","/catalog/product/fara-perednyaya-levaya-verhnyaya-voyah-taishan-1052/","true","avito_external","confirmed_by_owner","company_avito_account","true","manual_review_required","manual_review_required","manual_review_required","manual_review_required","manual_review_required","review_quality_availability_resolution_and_product_match"
"1053","7948262079","/catalog/product/zadnii-fonar-levyi-volkswagen-tayron-1053/","true","avito_external","confirmed_by_owner","company_avito_account","true","manual_review_required","manual_review_required","manual_review_required","manual_review_required","manual_review_required","review_quality_availability_resolution_and_product_match"
"1054","7980169872","/catalog/product/pravaya-fara-hongqi-hs5-1054/","true","avito_external","confirmed_by_owner","company_avito_account","true","manual_review_required","manual_review_required","manual_review_required","manual_review_required","manual_review_required","review_quality_availability_resolution_and_product_match"
"1055","8107983344","/catalog/product/fonar-zadnii-pravyi-haval-xiaolong-hi4-1055/","true","avito_external","confirmed_by_owner","company_avito_account","true","manual_review_required","manual_review_required","manual_review_required","manual_review_required","manual_review_required","review_quality_availability_resolution_and_product_match"
"1056","4140625514","/catalog/product/fonar-zadnii-tsentralnyi-lixiang-l7-original-1056/","true","avito_external","confirmed_by_owner","company_avito_account","true","manual_review_required","manual_review_required","manual_review_required","manual_review_required","manual_review_required","review_quality_availability_resolution_and_product_match"
"1057","7948553194","/catalog/product/fara-perednyaya-levaya-baic-x35-1057/","true","avito_external","confirmed_by_owner","company_avito_account","true","manual_review_required","manual_review_required","manual_review_required","manual_review_required","manual_review_required","review_quality_availability_resolution_and_product_match"
"1058","4076854467","/catalog/product/fonar-zadnii-tsentralnyi-lixiang-l7-original-1058/","true","avito_external","confirmed_by_owner","company_avito_account","true","manual_review_required","manual_review_required","manual_review_required","manual_review_required","manual_review_required","review_quality_availability_resolution_and_product_match"
"1059","8044871957","/catalog/product/protivotumannaya-zadnyaya-pravaya-fara-voyah-taishan-1059/","true","avito_external","confirmed_by_owner","company_avito_account","true","manual_review_required","manual_review_required","manual_review_required","manual_review_required","manual_review_required","review_quality_availability_resolution_and_product_match"
"1060","8044457702","/catalog/product/levaya-fara-voyah-dream-1060/","true","avito_external","confirmed_by_owner","company_avito_account","true","manual_review_required","manual_review_required","manual_review_required","manual_review_required","manual_review_required","review_quality_availability_resolution_and_product_match"
"1061","7244736542","/catalog/product/fara-pravaya-geely-atlas-1061/","false","missing","confirmed_by_owner","company_avito_account","true","manual_review_required","manual_review_required","manual_review_required","manual_review_required","manual_review_required","review_quality_availability_resolution_and_product_match"
"1062","8076493733","/catalog/product/zadnii-fonar-levyi-tank-500-1062/","true","avito_external","confirmed_by_owner","company_avito_account","true","manual_review_required","manual_review_required","manual_review_required","manual_review_required","manual_review_required","review_quality_availability_resolution_and_product_match"
"1063","7948066600","/catalog/product/fonar-zadnii-levyi-krylo-baic-x35-1063/","true","avito_external","confirmed_by_owner","company_avito_account","true","manual_review_required","manual_review_required","manual_review_required","manual_review_required","manual_review_required","review_quality_availability_resolution_and_product_match"
"1064","7980381308","/catalog/product/zadnii-fonar-pravyi-changan-deepal-s7-1064/","true","avito_external","confirmed_by_owner","company_avito_account","true","manual_review_required","manual_review_required","manual_review_required","manual_review_required","manual_review_required","review_quality_availability_resolution_and_product_match"
"1065","7788073540","/catalog/product/fara-perednyaya-pravaya-toyota-camry-xv-80-1065/","false","missing","confirmed_by_owner","company_avito_account","true","manual_review_required","manual_review_required","manual_review_required","manual_review_required","manual_review_required","review_quality_availability_resolution_and_product_match"
"1066","7948134722","/catalog/product/levaya-perednyaya-fara-baic-x55-1066/","true","avito_external","confirmed_by_owner","company_avito_account","true","manual_review_required","manual_review_required","manual_review_required","manual_review_required","manual_review_required","review_quality_availability_resolution_and_product_match"
"1067","8012408910","/catalog/product/fary-perednyaya-pravaya-geely-preface-1067/","true","avito_external","confirmed_by_owner","company_avito_account","true","manual_review_required","manual_review_required","manual_review_required","manual_review_required","manual_review_required","review_quality_availability_resolution_and_product_match"
"1068","4045465979","/catalog/product/zadnii-fonar-levyi-voyah-free-original-1068/","true","avito_external","confirmed_by_owner","company_avito_account","true","manual_review_required","manual_review_required","manual_review_required","manual_review_required","manual_review_required","review_quality_availability_resolution_and_product_match"
"1069","7980555935","/catalog/product/fonar-zadnii-levyi-byd-tang-l-1069/","false","missing","confirmed_by_owner","company_avito_account","true","manual_review_required","manual_review_required","manual_review_required","manual_review_required","manual_review_required","review_quality_availability_resolution_and_product_match"
"1070","8107907283","/catalog/product/fonar-zadnii-levyi-kia-seltos-1070/","true","avito_external","confirmed_by_owner","company_avito_account","true","manual_review_required","manual_review_required","manual_review_required","manual_review_required","manual_review_required","review_quality_availability_resolution_and_product_match"
"1071","7948057928","/catalog/product/levyi-zadnii-fonar-kryshka-bagazhnika-baik-x55-1071/","true","avito_external","confirmed_by_owner","company_avito_account","true","manual_review_required","manual_review_required","manual_review_required","manual_review_required","manual_review_required","review_quality_availability_resolution_and_product_match"
"1072","7820522771","/catalog/product/fonar-perednii-tsentralnyi-niz-byd-leopard-5-1072/","true","avito_external","confirmed_by_owner","company_avito_account","true","manual_review_required","manual_review_required","manual_review_required","manual_review_required","manual_review_required","review_quality_availability_resolution_and_product_match"
"1073","7948670718","/catalog/product/perednyaya-fara-levaya-baic-u5-plus-1073/","true","avito_external","confirmed_by_owner","company_avito_account","true","manual_review_required","manual_review_required","manual_review_required","manual_review_required","manual_review_required","review_quality_availability_resolution_and_product_match"
"1074","7980664249","/catalog/product/levaya-perednyaya-protivotumannaya-fara-hongqi-hs5-1074/","true","avito_external","confirmed_by_owner","company_avito_account","true","manual_review_required","manual_review_required","manual_review_required","manual_review_required","manual_review_required","review_quality_availability_resolution_and_product_match"
"1075","7980657669","/catalog/product/pravyi-zadnii-fonar-hongqi-hs5-1075/","true","avito_external","confirmed_by_owner","company_avito_account","true","manual_review_required","manual_review_required","manual_review_required","manual_review_required","manual_review_required","review_quality_availability_resolution_and_product_match"
"1076","8108456238","/catalog/product/pravyi-zadnii-fonar-exeed-exlantix-es-e3-1076/","true","avito_external","confirmed_by_owner","company_avito_account","true","manual_review_required","manual_review_required","manual_review_required","manual_review_required","manual_review_required","review_quality_availability_resolution_and_product_match"
"1077","7948653690","/catalog/product/svetootrazhatel-zadnii-pravyi-baic-u5-plus-1077/","true","avito_external","confirmed_by_owner","company_avito_account","true","manual_review_required","manual_review_required","manual_review_required","manual_review_required","manual_review_required","review_quality_availability_resolution_and_product_match"
"1078","7948533436","/catalog/product/levaya-zadnyaya-protivotumannaya-fara-baic-x55-1078/","true","avito_external","confirmed_by_owner","company_avito_account","true","manual_review_required","manual_review_required","manual_review_required","manual_review_required","manual_review_required","review_quality_availability_resolution_and_product_match"
"1079","8108390691","/catalog/product/levaya-zadnyaya-ptf-exeed-exlantix-es-e3-1079/","true","avito_external","confirmed_by_owner","company_avito_account","true","manual_review_required","manual_review_required","manual_review_required","manual_review_required","manual_review_required","review_quality_availability_resolution_and_product_match"
"1080","4140591297","/catalog/product/fara-svetodiodnaya-perednyaya-lixiang-l7-max-1080/","true","avito_external","confirmed_by_owner","company_avito_account","true","manual_review_required","manual_review_required","manual_review_required","manual_review_required","manual_review_required","review_quality_availability_resolution_and_product_match"
"1081","4141124192","/catalog/product/fara-levaya-lixiang-l7-kruglaya-fishka-18-pin-max-1081/","true","avito_external","confirmed_by_owner","company_avito_account","true","manual_review_required","manual_review_required","manual_review_required","manual_review_required","manual_review_required","review_quality_availability_resolution_and_product_match"
"1082","8108839605","/catalog/product/pravyi-svetootrazhatel-voyah-passion-1082/","true","avito_external","confirmed_by_owner","company_avito_account","true","manual_review_required","manual_review_required","manual_review_required","manual_review_required","manual_review_required","review_quality_availability_resolution_and_product_match"
"1083","8012644013","/catalog/product/fara-perednyaya-pravaya-baw-bj-212-1083/","true","avito_external","confirmed_by_owner","company_avito_account","true","manual_review_required","manual_review_required","manual_review_required","manual_review_required","manual_review_required","review_quality_availability_resolution_and_product_match"
"1084","8076444135","/catalog/product/zadnii-protivotumannyi-fonar-pravyi-tank-500-1084/","true","avito_external","confirmed_by_owner","company_avito_account","true","manual_review_required","manual_review_required","manual_review_required","manual_review_required","manual_review_required","review_quality_availability_resolution_and_product_match"
"1085","8044597890","/catalog/product/verhnii-stop-signal-voyah-dream-1085/","true","avito_external","confirmed_by_owner","company_avito_account","true","manual_review_required","manual_review_required","manual_review_required","manual_review_required","manual_review_required","review_quality_availability_resolution_and_product_match"
"1086","8011952843","/catalog/product/fonar-zadnii-tsentralnyi-geely-galaxy-m9-1086/","true","avito_external","confirmed_by_owner","company_avito_account","true","manual_review_required","manual_review_required","manual_review_required","manual_review_required","manual_review_required","review_quality_availability_resolution_and_product_match"
"1087","4493162893","/catalog/product/fara-dnevnyh-hodovyh-ognei-pravaya-haval-jolion-1087/","false","missing","confirmed_by_owner","company_avito_account","true","manual_review_required","manual_review_required","manual_review_required","manual_review_required","manual_review_required","review_quality_availability_resolution_and_product_match"
"1088","8044814075","/catalog/product/fonar-kryshki-bagazhnika-byd-seal-06-gt-1088/","true","avito_external","confirmed_by_owner","company_avito_account","true","manual_review_required","manual_review_required","manual_review_required","manual_review_required","manual_review_required","review_quality_availability_resolution_and_product_match"
"1089","7980560323","/catalog/product/fonar-zadnii-xiaomi-su7-1089/","true","avito_external","confirmed_by_owner","company_avito_account","true","manual_review_required","manual_review_required","manual_review_required","manual_review_required","manual_review_required","review_quality_availability_resolution_and_product_match"
"1090","7948811116","/catalog/product/perednii-dnevnoi-hodovoi-ogon-pravyi-baic-u5-plus-1090/","true","avito_external","confirmed_by_owner","company_avito_account","true","manual_review_required","manual_review_required","manual_review_required","manual_review_required","manual_review_required","review_quality_availability_resolution_and_product_match"
"1091","7244804112","/catalog/product/dnevnoi-hodovoi-ogon-perednii-changan-hanter-plus-1091/","false","missing","confirmed_by_owner","company_avito_account","true","manual_review_required","manual_review_required","manual_review_required","manual_review_required","manual_review_required","review_quality_availability_resolution_and_product_match"
"1092","7948556111","/catalog/product/levyi-hodovoi-ogon-geely-galaxy-l7-1092/","true","avito_external","confirmed_by_owner","company_avito_account","true","manual_review_required","manual_review_required","manual_review_required","manual_review_required","manual_review_required","review_quality_availability_resolution_and_product_match"
"1093","8044277710","/catalog/product/pravyi-fonar-krylo-voyah-dream-1093/","true","avito_external","confirmed_by_owner","company_avito_account","true","manual_review_required","manual_review_required","manual_review_required","manual_review_required","manual_review_required","review_quality_availability_resolution_and_product_match"
"1094","8108584856","/catalog/product/pravaya-fara-changan-cs75-plus-1094/","true","avito_external","confirmed_by_owner","company_avito_account","true","manual_review_required","manual_review_required","manual_review_required","manual_review_required","manual_review_required","review_quality_availability_resolution_and_product_match"
"1095","8108212615","/catalog/product/fonar-zadnii-pravyi-changan-cs95-1095/","true","avito_external","confirmed_by_owner","company_avito_account","true","manual_review_required","manual_review_required","manual_review_required","manual_review_required","manual_review_required","review_quality_availability_resolution_and_product_match"
"1096","8044688484","/catalog/product/protivotumannaya-zadnyaya-levaya-fara-voyah-taishan-1096/","true","avito_external","confirmed_by_owner","company_avito_account","true","manual_review_required","manual_review_required","manual_review_required","manual_review_required","manual_review_required","review_quality_availability_resolution_and_product_match"
"1097","8107894584","/catalog/product/fara-pravaya-haval-xiaolong-hi4-1097/","true","avito_external","confirmed_by_owner","company_avito_account","true","manual_review_required","manual_review_required","manual_review_required","manual_review_required","manual_review_required","review_quality_availability_resolution_and_product_match"
"1098","8108287647","/catalog/product/perednyaya-protivotumannaya-fara-pravaya-toyota-rav4-v-1098/","true","avito_external","confirmed_by_owner","company_avito_account","true","manual_review_required","manual_review_required","manual_review_required","manual_review_required","manual_review_required","review_quality_availability_resolution_and_product_match"
"1099","8108037496","/catalog/product/zadnii-levyi-fonar-na-kryle-toyota-rav4-v-1099/","true","avito_external","confirmed_by_owner","company_avito_account","true","manual_review_required","manual_review_required","manual_review_required","manual_review_required","manual_review_required","review_quality_availability_resolution_and_product_match"
"1100","8076282461","/catalog/product/perednyaya-fara-pravaya-geely-galaxy-starship-7-1100/","true","avito_external","confirmed_by_owner","company_avito_account","true","manual_review_required","manual_review_required","manual_review_required","manual_review_required","manual_review_required","review_quality_availability_resolution_and_product_match"
"1101","4493216174","/catalog/product/fonar-zadnii-tsentralnyi-geely-monjaro-original-1101/","true","avito_external","confirmed_by_owner","company_avito_account","true","manual_review_required","manual_review_required","manual_review_required","manual_review_required","manual_review_required","review_quality_availability_resolution_and_product_match"
"1102","8076026110","/catalog/product/zadnii-fonar-levyi-kia-k5-1102/","true","avito_external","confirmed_by_owner","company_avito_account","true","manual_review_required","manual_review_required","manual_review_required","manual_review_required","manual_review_required","review_quality_availability_resolution_and_product_match"
"1103","7948454892","/catalog/product/zadnyaya-levaya-fara-geely-galaxy-l7-1103/","true","avito_external","confirmed_by_owner","company_avito_account","true","manual_review_required","manual_review_required","manual_review_required","manual_review_required","manual_review_required","review_quality_availability_resolution_and_product_match"
"1104","8044598387","/catalog/product/levyi-fonar-kryshka-bagazhnika-voyah-dream-1104/","true","avito_external","confirmed_by_owner","company_avito_account","true","manual_review_required","manual_review_required","manual_review_required","manual_review_required","manual_review_required","review_quality_availability_resolution_and_product_match"
"1105","7948004656","/catalog/product/levaya-zadnyaya-protivotumannaya-fara-baic-x7-1105/","true","avito_external","confirmed_by_owner","company_avito_account","true","manual_review_required","manual_review_required","manual_review_required","manual_review_required","manual_review_required","review_quality_availability_resolution_and_product_match"
"1106","8043969294","/catalog/product/zadnii-tsentralnyi-fonar-aito-m8-1106/","true","avito_external","confirmed_by_owner","company_avito_account","true","manual_review_required","manual_review_required","manual_review_required","manual_review_required","manual_review_required","review_quality_availability_resolution_and_product_match"
"1107","8107940899","/catalog/product/fara-perednyaya-levaya-changan-cs95-1107/","true","avito_external","confirmed_by_owner","company_avito_account","true","manual_review_required","manual_review_required","manual_review_required","manual_review_required","manual_review_required","review_quality_availability_resolution_and_product_match"
"1108","7948458441","/catalog/product/zadnii-tsentralnyi-fonar-baic-u5-plus-1108/","true","avito_external","confirmed_by_owner","company_avito_account","true","manual_review_required","manual_review_required","manual_review_required","manual_review_required","manual_review_required","review_quality_availability_resolution_and_product_match"
"1109","7948818869","/catalog/product/perednyaya-fara-levaya-kia-k3-1109/","true","avito_external","confirmed_by_owner","company_avito_account","true","manual_review_required","manual_review_required","manual_review_required","manual_review_required","manual_review_required","review_quality_availability_resolution_and_product_match"
"1110","8044737221","/catalog/product/perednii-fonar-changan-cs95-1110/","true","avito_external","confirmed_by_owner","company_avito_account","true","manual_review_required","manual_review_required","manual_review_required","manual_review_required","manual_review_required","review_quality_availability_resolution_and_product_match"
"1111","7948359321","/catalog/product/pravyi-zadnii-fonar-kryshka-bagazhnika-baic-x55-1111/","true","avito_external","confirmed_by_owner","company_avito_account","true","manual_review_required","manual_review_required","manual_review_required","manual_review_required","manual_review_required","review_quality_availability_resolution_and_product_match"
"1112","8076254121","/catalog/product/fara-perednyaya-levaya-nizhnyaya-nissan-x-trail-t33-1112/","true","avito_external","confirmed_by_owner","company_avito_account","true","manual_review_required","manual_review_required","manual_review_required","manual_review_required","manual_review_required","review_quality_availability_resolution_and_product_match"
"1113","8108378704","/catalog/product/verhnii-stop-signal-voyah-passion-1113/","true","avito_external","confirmed_by_owner","company_avito_account","true","manual_review_required","manual_review_required","manual_review_required","manual_review_required","manual_review_required","review_quality_availability_resolution_and_product_match"
"1114","7980573764","/catalog/product/zadnii-fonar-levyi-changan-deepal-s7-1114/","true","avito_external","confirmed_by_owner","company_avito_account","true","manual_review_required","manual_review_required","manual_review_required","manual_review_required","manual_review_required","review_quality_availability_resolution_and_product_match"
"1115","7980439927","/catalog/product/zadnyaya-protivotumannaya-fara-hongqi-hs5-1115/","false","missing","confirmed_by_owner","company_avito_account","true","manual_review_required","manual_review_required","manual_review_required","manual_review_required","manual_review_required","review_quality_availability_resolution_and_product_match"
"1116","8108486844","/catalog/product/fara-pravaya-volkswagen-tavendor-1116/","true","avito_external","confirmed_by_owner","company_avito_account","true","manual_review_required","manual_review_required","manual_review_required","manual_review_required","manual_review_required","review_quality_availability_resolution_and_product_match"
"1117","8011951131","/catalog/product/fonar-zadnii-levyi-geely-preface-1117/","true","avito_external","confirmed_by_owner","company_avito_account","true","manual_review_required","manual_review_required","manual_review_required","manual_review_required","manual_review_required","review_quality_availability_resolution_and_product_match"
"1118","7980560308","/catalog/product/pravaya-perednyaya-protivotumannaya-fara-hongqi-hs5-1118/","true","avito_external","confirmed_by_owner","company_avito_account","true","manual_review_required","manual_review_required","manual_review_required","manual_review_required","manual_review_required","review_quality_availability_resolution_and_product_match"
"1119","4044943686","/catalog/product/perednyaya-pravaya-fara-voyah-free-original-1119/","true","avito_external","confirmed_by_owner","company_avito_account","true","manual_review_required","manual_review_required","manual_review_required","manual_review_required","manual_review_required","review_quality_availability_resolution_and_product_match"
"1120","8043950215","/catalog/product/fonar-zadnii-pravyi-byd-yangwang-u8l-1120/","true","avito_external","confirmed_by_owner","company_avito_account","true","manual_review_required","manual_review_required","manual_review_required","manual_review_required","manual_review_required","review_quality_availability_resolution_and_product_match"
"1121","7948097893","/catalog/product/fonar-kryshki-bagazhnika-geely-galaxy-l7-1121/","true","avito_external","confirmed_by_owner","company_avito_account","true","manual_review_required","manual_review_required","manual_review_required","manual_review_required","manual_review_required","review_quality_availability_resolution_and_product_match"
"1122","7948580330","/catalog/product/zadnii-fonar-pravyi-volkswagen-tayron-1122/","true","avito_external","confirmed_by_owner","company_avito_account","true","manual_review_required","manual_review_required","manual_review_required","manual_review_required","manual_review_required","review_quality_availability_resolution_and_product_match"
"1123","7948427743","/catalog/product/zadnyaya-ptf-pravaya-toyota-highlander-xu70-1123/","true","avito_external","confirmed_by_owner","company_avito_account","true","manual_review_required","manual_review_required","manual_review_required","manual_review_required","manual_review_required","review_quality_availability_resolution_and_product_match"
"1124","7947961041","/catalog/product/fonar-kryshki-bagazhnika-levyi-toyota-highlander-1124/","true","avito_external","confirmed_by_owner","company_avito_account","true","manual_review_required","manual_review_required","manual_review_required","manual_review_required","manual_review_required","review_quality_availability_resolution_and_product_match"
"1125","7980495682","/catalog/product/perednyaya-verhnyaya-fara-pravaya-byd-tang-l-1125/","true","avito_external","confirmed_by_owner","company_avito_account","true","manual_review_required","manual_review_required","manual_review_required","manual_review_required","manual_review_required","review_quality_availability_resolution_and_product_match"
"1126","8076277188","/catalog/product/fara-perednyaya-pravaya-nizhnyaya-nissan-x-trail-t33-1126/","true","avito_external","confirmed_by_owner","company_avito_account","true","manual_review_required","manual_review_required","manual_review_required","manual_review_required","manual_review_required","review_quality_availability_resolution_and_product_match"
"1127","8076168683","/catalog/product/zadnii-fonar-pravyi-tank-500-1127/","true","avito_external","confirmed_by_owner","company_avito_account","true","manual_review_required","manual_review_required","manual_review_required","manual_review_required","manual_review_required","review_quality_availability_resolution_and_product_match"
"1128","7948781444","/catalog/product/pravyi-hodovoi-ogon-geely-galaxy-l7-1128/","true","avito_external","confirmed_by_owner","company_avito_account","true","manual_review_required","manual_review_required","manual_review_required","manual_review_required","manual_review_required","review_quality_availability_resolution_and_product_match"
"1129","8076854392","/catalog/product/fonar-zadnii-pravyi-toyota-corolla-1129/","true","avito_external","confirmed_by_owner","company_avito_account","true","manual_review_required","manual_review_required","manual_review_required","manual_review_required","manual_review_required","review_quality_availability_resolution_and_product_match"
"1130","8108851950","/catalog/product/fara-levaya-haval-xiaolong-hi4-1130/","true","avito_external","confirmed_by_owner","company_avito_account","true","manual_review_required","manual_review_required","manual_review_required","manual_review_required","manual_review_required","review_quality_availability_resolution_and_product_match"
"1131","7980662813","/catalog/product/perednyaya-fara-pravaya-wey-07-1131/","true","avito_external","confirmed_by_owner","company_avito_account","true","manual_review_required","manual_review_required","manual_review_required","manual_review_required","manual_review_required","review_quality_availability_resolution_and_product_match"
"1132","8076020124","/catalog/product/fara-pravaya-kia-k5-1132/","true","avito_external","confirmed_by_owner","company_avito_account","true","manual_review_required","manual_review_required","manual_review_required","manual_review_required","manual_review_required","review_quality_availability_resolution_and_product_match"
"1133","7244343682","/catalog/product/fara-levaya-geely-atlas-1133/","false","missing","confirmed_by_owner","company_avito_account","true","manual_review_required","manual_review_required","manual_review_required","manual_review_required","manual_review_required","review_quality_availability_resolution_and_product_match"
"1134","7948296121","/catalog/product/levyi-zadnii-fonar-baic-x7-1134/","true","avito_external","confirmed_by_owner","company_avito_account","true","manual_review_required","manual_review_required","manual_review_required","manual_review_required","manual_review_required","review_quality_availability_resolution_and_product_match"
"1135","8076334871","/catalog/product/fara-pravaya-changan-hanter-plus-1135/","true","avito_external","confirmed_by_owner","company_avito_account","true","manual_review_required","manual_review_required","manual_review_required","manual_review_required","manual_review_required","review_quality_availability_resolution_and_product_match"
"1136","8108682889","/catalog/product/zadnii-protivotumannyi-fonar-changan-cs95-1136/","true","avito_external","confirmed_by_owner","company_avito_account","true","manual_review_required","manual_review_required","manual_review_required","manual_review_required","manual_review_required","review_quality_availability_resolution_and_product_match"
"1137","7596244982","/catalog/product/fonar-zadnii-proektsionnyi-levyi-hiphi-z-1137/","true","avito_external","confirmed_by_owner","company_avito_account","true","manual_review_required","manual_review_required","manual_review_required","manual_review_required","manual_review_required","review_quality_availability_resolution_and_product_match"
"1138","7980696556","/catalog/product/levyi-zadnii-fonar-hongqi-hs5-1138/","true","avito_external","confirmed_by_owner","company_avito_account","true","manual_review_required","manual_review_required","manual_review_required","manual_review_required","manual_review_required","review_quality_availability_resolution_and_product_match"
"1139","7948569024","/catalog/product/dnevnoi-hodovoi-ogon-pravyi-baic-x35-1139/","true","avito_external","confirmed_by_owner","company_avito_account","true","manual_review_required","manual_review_required","manual_review_required","manual_review_required","manual_review_required","review_quality_availability_resolution_and_product_match"
"1140","7948254504","/catalog/product/fonar-zadnii-pravyi-dver-baic-x35-1140/","true","avito_external","confirmed_by_owner","company_avito_account","true","manual_review_required","manual_review_required","manual_review_required","manual_review_required","manual_review_required","review_quality_availability_resolution_and_product_match"
"1141","8108702041","/catalog/product/fonar-dnevnogo-sveta-levyi-baw-bj-212-1141/","true","avito_external","confirmed_by_owner","company_avito_account","true","manual_review_required","manual_review_required","manual_review_required","manual_review_required","manual_review_required","review_quality_availability_resolution_and_product_match"
"1142","7948873721","/catalog/product/pravyi-zadnii-fonar-baic-u5-plus-1142/","true","avito_external","confirmed_by_owner","company_avito_account","true","manual_review_required","manual_review_required","manual_review_required","manual_review_required","manual_review_required","review_quality_availability_resolution_and_product_match"
"1143","7979991420","/catalog/product/zadnyaya-fara-pravaya-toyota-camry-xv80-1143/","true","avito_external","confirmed_by_owner","company_avito_account","true","manual_review_required","manual_review_required","manual_review_required","manual_review_required","manual_review_required","review_quality_availability_resolution_and_product_match"
"1144","8044360313","/catalog/product/levyi-perednii-gabaritnyi-fonar-voyah-dream-1144/","true","avito_external","confirmed_by_owner","company_avito_account","true","manual_review_required","manual_review_required","manual_review_required","manual_review_required","manual_review_required","review_quality_availability_resolution_and_product_match"
"1145","7980846705","/catalog/product/fonar-zadnii-levyi-wey-07-1145/","true","avito_external","confirmed_by_owner","company_avito_account","true","manual_review_required","manual_review_required","manual_review_required","manual_review_required","manual_review_required","review_quality_availability_resolution_and_product_match"
"1146","4429393428","/catalog/product/fonar-zadnii-tsentralnyi-lixiang-l7-restailing-1146/","true","avito_external","confirmed_by_owner","company_avito_account","true","manual_review_required","manual_review_required","manual_review_required","manual_review_required","manual_review_required","review_quality_availability_resolution_and_product_match"
"1147","8108050779","/catalog/product/pravyi-perednii-ukazatel-povorota-exeed-exlantix-es-e3-1147/","true","avito_external","confirmed_by_owner","company_avito_account","true","manual_review_required","manual_review_required","manual_review_required","manual_review_required","manual_review_required","review_quality_availability_resolution_and_product_match"
"1148","7948877156","/catalog/product/pravyi-zadnii-fonar-baic-x7-1148/","true","avito_external","confirmed_by_owner","company_avito_account","true","manual_review_required","manual_review_required","manual_review_required","manual_review_required","manual_review_required","review_quality_availability_resolution_and_product_match"
"1149","8108672023","/catalog/product/zadnyaya-levaya-fara-geely-galaxy-starship-7-1149/","true","avito_external","confirmed_by_owner","company_avito_account","true","manual_review_required","manual_review_required","manual_review_required","manual_review_required","manual_review_required","review_quality_availability_resolution_and_product_match"
"1150","7980676483","/catalog/product/fonar-zadnii-zeekr-9x-1150/","true","avito_external","confirmed_by_owner","company_avito_account","true","manual_review_required","manual_review_required","manual_review_required","manual_review_required","manual_review_required","review_quality_availability_resolution_and_product_match"
"1151","7948251848","/catalog/product/pravaya-perednyaya-protivotumannaya-fara-baic-x55-1151/","true","avito_external","confirmed_by_owner","company_avito_account","true","manual_review_required","manual_review_required","manual_review_required","manual_review_required","manual_review_required","review_quality_availability_resolution_and_product_match"
"1152","7948612983","/catalog/product/pravaya-perednyaya-fara-baic-x55-1152/","false","missing","confirmed_by_owner","company_avito_account","true","manual_review_required","manual_review_required","manual_review_required","manual_review_required","manual_review_required","review_quality_availability_resolution_and_product_match"
"1153","8107914201","/catalog/product/zadnyaya-pravaya-fara-geely-galaxy-starship-7-1153/","true","avito_external","confirmed_by_owner","company_avito_account","true","manual_review_required","manual_review_required","manual_review_required","manual_review_required","manual_review_required","review_quality_availability_resolution_and_product_match"
"1154","4140604669","/catalog/product/zadnii-levyi-fonar-geely-monjaro-original-1154/","true","avito_external","confirmed_by_owner","company_avito_account","true","manual_review_required","manual_review_required","manual_review_required","manual_review_required","manual_review_required","review_quality_availability_resolution_and_product_match"
"1155","7948622001","/catalog/product/perednyaya-fara-pravaya-baic-u5-plus-1155/","true","avito_external","confirmed_by_owner","company_avito_account","true","manual_review_required","manual_review_required","manual_review_required","manual_review_required","manual_review_required","review_quality_availability_resolution_and_product_match"
"1156","8108252203","/catalog/product/zadnii-pravyi-fonar-na-kryshke-bagazhnika-toyota-rav4-v-1156/","true","avito_external","confirmed_by_owner","company_avito_account","true","manual_review_required","manual_review_required","manual_review_required","manual_review_required","manual_review_required","review_quality_availability_resolution_and_product_match"
"1157","7980245053","/catalog/product/pravyi-verhnii-zadnii-fonar-wey-80-1157/","true","avito_external","confirmed_by_owner","company_avito_account","true","manual_review_required","manual_review_required","manual_review_required","manual_review_required","manual_review_required","review_quality_availability_resolution_and_product_match"
"1158","8076503306","/catalog/product/fara-pravaya-tank-500-1158/","true","avito_external","confirmed_by_owner","company_avito_account","true","manual_review_required","manual_review_required","manual_review_required","manual_review_required","manual_review_required","review_quality_availability_resolution_and_product_match"
"1159","8012220051","/catalog/product/fonar-zadnii-levyi-byd-fangchengbao-titanium-7-1159/","true","avito_external","confirmed_by_owner","company_avito_account","true","manual_review_required","manual_review_required","manual_review_required","manual_review_required","manual_review_required","review_quality_availability_resolution_and_product_match"
"1160","8044289945","/catalog/product/fonar-kryshki-bagazhnika-pravyi-voyah-taishan-1160/","true","avito_external","confirmed_by_owner","company_avito_account","true","manual_review_required","manual_review_required","manual_review_required","manual_review_required","manual_review_required","review_quality_availability_resolution_and_product_match"
"1161","7980002364","/catalog/product/fonar-zadnii-levyi-verhnii-wey-80-1161/","true","avito_external","confirmed_by_owner","company_avito_account","true","manual_review_required","manual_review_required","manual_review_required","manual_review_required","manual_review_required","review_quality_availability_resolution_and_product_match"
"1162","8044756885","/catalog/product/fara-pravaya-volkswagen-talagon-1162/","true","avito_external","confirmed_by_owner","company_avito_account","true","manual_review_required","manual_review_required","manual_review_required","manual_review_required","manual_review_required","review_quality_availability_resolution_and_product_match"
"1163","8108703246","/catalog/product/fonar-kryshki-bagazhnika-voyah-passion-1163/","true","avito_external","confirmed_by_owner","company_avito_account","true","manual_review_required","manual_review_required","manual_review_required","manual_review_required","manual_review_required","review_quality_availability_resolution_and_product_match"
"1164","4141509921","/catalog/product/zadnii-pravyi-fonar-geely-monjaro-original-1164/","true","avito_external","confirmed_by_owner","company_avito_account","true","manual_review_required","manual_review_required","manual_review_required","manual_review_required","manual_review_required","review_quality_availability_resolution_and_product_match"
"1165","7244363678","/catalog/product/fonar-zadnii-pravyi-voyah-free-1165/","false","missing","confirmed_by_owner","company_avito_account","true","manual_review_required","manual_review_required","manual_review_required","manual_review_required","manual_review_required","review_quality_availability_resolution_and_product_match"
"1166","8076188848","/catalog/product/fonar-zadnii-levyi-toyota-corolla-1166/","true","avito_external","confirmed_by_owner","company_avito_account","true","manual_review_required","manual_review_required","manual_review_required","manual_review_required","manual_review_required","review_quality_availability_resolution_and_product_match"
"1167","7948398388","/catalog/product/fara-perednyaya-pravaya-baic-x35-1167/","true","avito_external","confirmed_by_owner","company_avito_account","true","manual_review_required","manual_review_required","manual_review_required","manual_review_required","manual_review_required","review_quality_availability_resolution_and_product_match"
"1168","8012660441","/catalog/product/tsentralnyi-hodovoi-ogon-geely-galaxy-m9-1168/","true","avito_external","confirmed_by_owner","company_avito_account","true","manual_review_required","manual_review_required","manual_review_required","manual_review_required","manual_review_required","review_quality_availability_resolution_and_product_match"
"1169","8108817613","/catalog/product/fonar-zadnii-levyi-baw-bj-212-1169/","true","avito_external","confirmed_by_owner","company_avito_account","true","manual_review_required","manual_review_required","manual_review_required","manual_review_required","manual_review_required","review_quality_availability_resolution_and_product_match"
"1170","4141277687","/catalog/product/fara-pravaya-geely-monjaro-original-1170/","true","avito_external","confirmed_by_owner","company_avito_account","true","manual_review_required","manual_review_required","manual_review_required","manual_review_required","manual_review_required","review_quality_availability_resolution_and_product_match"
"1171","7916139607","/catalog/product/fara-perednyaya-pravaya-livan-x3-pro-1171/","true","avito_external","confirmed_by_owner","company_avito_account","true","manual_review_required","manual_review_required","manual_review_required","manual_review_required","manual_review_required","review_quality_availability_resolution_and_product_match"
"1172","7948585896","/catalog/product/zadnyaya-levaya-fara-baic-bj40-1172/","true","avito_external","confirmed_by_owner","company_avito_account","true","manual_review_required","manual_review_required","manual_review_required","manual_review_required","manual_review_required","review_quality_availability_resolution_and_product_match"
"1173","4460983734","/catalog/product/zadnii-tsentralnyi-fonar-geely-monjaro-1173/","true","avito_external","confirmed_by_owner","company_avito_account","true","manual_review_required","manual_review_required","manual_review_required","manual_review_required","manual_review_required","review_quality_availability_resolution_and_product_match"
"1174","8107987848","/catalog/product/fara-levaya-kia-sportage-china-v-1174/","true","avito_external","confirmed_by_owner","company_avito_account","true","manual_review_required","manual_review_required","manual_review_required","manual_review_required","manual_review_required","review_quality_availability_resolution_and_product_match"
"1175","8044876032","/catalog/product/fonar-zadnii-levyi-byd-yangwang-u8l-1175/","true","avito_external","confirmed_by_owner","company_avito_account","true","manual_review_required","manual_review_required","manual_review_required","manual_review_required","manual_review_required","review_quality_availability_resolution_and_product_match"
"1176","8076560622","/catalog/product/zadnii-protivotumannyi-fonar-levyi-tank-500-1176/","true","avito_external","confirmed_by_owner","company_avito_account","true","manual_review_required","manual_review_required","manual_review_required","manual_review_required","manual_review_required","review_quality_availability_resolution_and_product_match"
"1177","8044624394","/catalog/product/pravyi-svetootrazhatel-voyah-dream-1177/","true","avito_external","confirmed_by_owner","company_avito_account","true","manual_review_required","manual_review_required","manual_review_required","manual_review_required","manual_review_required","review_quality_availability_resolution_and_product_match"
"1178","8076650589","/catalog/product/perednyaya-protivotumannaya-fara-pravaya-toyota-corolla-1178/","true","avito_external","confirmed_by_owner","company_avito_account","true","manual_review_required","manual_review_required","manual_review_required","manual_review_required","manual_review_required","review_quality_availability_resolution_and_product_match"
"1179","8075953552","/catalog/product/fonar-kryshki-bagazhnika-levyi-toyota-corolla-1179/","true","avito_external","confirmed_by_owner","company_avito_account","true","manual_review_required","manual_review_required","manual_review_required","manual_review_required","manual_review_required","review_quality_availability_resolution_and_product_match"
"1180","7980236096","/catalog/product/levaya-fara-hongqi-hs5-1180/","true","avito_external","confirmed_by_owner","company_avito_account","true","manual_review_required","manual_review_required","manual_review_required","manual_review_required","manual_review_required","review_quality_availability_resolution_and_product_match"
"1181","7916406512","/catalog/product/katafot-zadnego-bampera-pravyi-livan-x3-pro-1181/","true","avito_external","confirmed_by_owner","company_avito_account","true","manual_review_required","manual_review_required","manual_review_required","manual_review_required","manual_review_required","review_quality_availability_resolution_and_product_match"
"1182","7980125175","/catalog/product/fonar-zadnii-levyi-dfsk-ix5-1182/","true","avito_external","confirmed_by_owner","company_avito_account","true","manual_review_required","manual_review_required","manual_review_required","manual_review_required","manual_review_required","review_quality_availability_resolution_and_product_match"
"1183","8108293195","/catalog/product/tsentralnyi-zadnii-fonar-exeed-exlantix-es-e3-1183/","true","avito_external","confirmed_by_owner","company_avito_account","true","manual_review_required","manual_review_required","manual_review_required","manual_review_required","manual_review_required","review_quality_availability_resolution_and_product_match"
"1184","7948563043","/catalog/product/perednyaya-fara-pravaya-geely-galaxy-l7-1184/","true","avito_external","confirmed_by_owner","company_avito_account","true","manual_review_required","manual_review_required","manual_review_required","manual_review_required","manual_review_required","review_quality_availability_resolution_and_product_match"
"1185","8044743326","/catalog/product/fara-levaya-volkswagen-talagon-1185/","true","avito_external","confirmed_by_owner","company_avito_account","true","manual_review_required","manual_review_required","manual_review_required","manual_review_required","manual_review_required","review_quality_availability_resolution_and_product_match"
"1186","8108457075","/catalog/product/pravaya-zadnyaya-ptf-exeed-exlantix-es-e3-1186/","true","avito_external","confirmed_by_owner","company_avito_account","true","manual_review_required","manual_review_required","manual_review_required","manual_review_required","manual_review_required","review_quality_availability_resolution_and_product_match"
"1187","8044121506","/catalog/product/fonar-kryshki-bagazhnika-levyi-changan-cs95-1187/","true","avito_external","confirmed_by_owner","company_avito_account","true","manual_review_required","manual_review_required","manual_review_required","manual_review_required","manual_review_required","review_quality_availability_resolution_and_product_match"
"1188","7948906336","/catalog/product/fonar-kryshki-bagazhnika-levyi-volkswagen-tayron-1188/","true","avito_external","confirmed_by_owner","company_avito_account","true","manual_review_required","manual_review_required","manual_review_required","manual_review_required","manual_review_required","review_quality_availability_resolution_and_product_match"
"1189","7980488159","/catalog/product/fonar-zadnii-pravyi-wey-07-1189/","true","avito_external","confirmed_by_owner","company_avito_account","true","manual_review_required","manual_review_required","manual_review_required","manual_review_required","manual_review_required","review_quality_availability_resolution_and_product_match"
"1190","8044822694","/catalog/product/zadnii-srednii-protivotumannyi-fonar-voyah-dream-1190/","true","avito_external","confirmed_by_owner","company_avito_account","true","manual_review_required","manual_review_required","manual_review_required","manual_review_required","manual_review_required","review_quality_availability_resolution_and_product_match"
"1191","7947949124","/catalog/product/zadnii-tsentralnyi-fonar-baic-x7-1191/","true","avito_external","confirmed_by_owner","company_avito_account","true","manual_review_required","manual_review_required","manual_review_required","manual_review_required","manual_review_required","review_quality_availability_resolution_and_product_match"
"1192","7916458084","/catalog/product/katafot-zadnego-bampera-levyi-livan-x3-pro-1192/","true","avito_external","confirmed_by_owner","company_avito_account","true","manual_review_required","manual_review_required","manual_review_required","manual_review_required","manual_review_required","review_quality_availability_resolution_and_product_match"
"1193","8108711730","/catalog/product/fara-perednyaya-pravaya-toyota-rav4-v-1193/","true","avito_external","confirmed_by_owner","company_avito_account","true","manual_review_required","manual_review_required","manual_review_required","manual_review_required","manual_review_required","review_quality_availability_resolution_and_product_match"
"1194","7980531117","/catalog/product/perednyaya-fara-levaya-wey-80-1194/","true","avito_external","confirmed_by_owner","company_avito_account","true","manual_review_required","manual_review_required","manual_review_required","manual_review_required","manual_review_required","review_quality_availability_resolution_and_product_match"
"1195","7948519982","/catalog/product/levaya-perednyaya-fara-baic-x7-1195/","true","avito_external","confirmed_by_owner","company_avito_account","true","manual_review_required","manual_review_required","manual_review_required","manual_review_required","manual_review_required","review_quality_availability_resolution_and_product_match"
"1196","8044486433","/catalog/product/levyi-fonar-krylo-voyah-dream-1196/","true","avito_external","confirmed_by_owner","company_avito_account","true","manual_review_required","manual_review_required","manual_review_required","manual_review_required","manual_review_required","review_quality_availability_resolution_and_product_match"
"1197","8107978632","/catalog/product/pravyi-dnevnoi-hodovoi-ogon-geely-galaxy-starship-7-1197/","true","avito_external","confirmed_by_owner","company_avito_account","true","manual_review_required","manual_review_required","manual_review_required","manual_review_required","manual_review_required","review_quality_availability_resolution_and_product_match"
"1198","8044198022","/catalog/product/fara-pravaya-changan-cs95-1198/","true","avito_external","confirmed_by_owner","company_avito_account","true","manual_review_required","manual_review_required","manual_review_required","manual_review_required","manual_review_required","review_quality_availability_resolution_and_product_match"
"1199","8107911184","/catalog/product/fara-levaya-volkswagen-tavendor-1199/","true","avito_external","confirmed_by_owner","company_avito_account","true","manual_review_required","manual_review_required","manual_review_required","manual_review_required","manual_review_required","review_quality_availability_resolution_and_product_match"
"1200","8012404605","/catalog/product/fara-perednyaya-levaya-geely-preface-1200/","true","avito_external","confirmed_by_owner","company_avito_account","true","manual_review_required","manual_review_required","manual_review_required","manual_review_required","manual_review_required","review_quality_availability_resolution_and_product_match"
"1201","8044098205","/catalog/product/zadnii-pravyi-fonar-volkswagen-talagon-1201/","true","avito_external","confirmed_by_owner","company_avito_account","true","manual_review_required","manual_review_required","manual_review_required","manual_review_required","manual_review_required","review_quality_availability_resolution_and_product_match"
"1202","8044893095","/catalog/product/fonar-tsentralnyi-pravyi-voyah-taishan-1202/","true","avito_external","confirmed_by_owner","company_avito_account","true","manual_review_required","manual_review_required","manual_review_required","manual_review_required","manual_review_required","review_quality_availability_resolution_and_product_match"
"1203","7948443041","/catalog/product/svetootrazhatel-zadnii-levyi-baic-u5-plus-1203/","true","avito_external","confirmed_by_owner","company_avito_account","true","manual_review_required","manual_review_required","manual_review_required","manual_review_required","manual_review_required","review_quality_availability_resolution_and_product_match"
"1204","8108609875","/catalog/product/pravyi-zadnii-fonar-voyah-passion-1204/","true","avito_external","confirmed_by_owner","company_avito_account","true","manual_review_required","manual_review_required","manual_review_required","manual_review_required","manual_review_required","review_quality_availability_resolution_and_product_match"
"1205","7980510214","/catalog/product/perednyaya-fara-levaya-xiaomi-su7-1205/","true","avito_external","confirmed_by_owner","company_avito_account","true","manual_review_required","manual_review_required","manual_review_required","manual_review_required","manual_review_required","review_quality_availability_resolution_and_product_match"
"1206","8107923600","/catalog/product/fonar-kryshki-bagazhnika-geely-galaxy-starship-7-1206/","true","avito_external","confirmed_by_owner","company_avito_account","true","manual_review_required","manual_review_required","manual_review_required","manual_review_required","manual_review_required","review_quality_availability_resolution_and_product_match"
"1207","7947992885","/catalog/product/fonar-zadnii-levyi-krylo-baic-x35-1207/","true","avito_external","confirmed_by_owner","company_avito_account","true","manual_review_required","manual_review_required","manual_review_required","manual_review_required","manual_review_required","review_quality_availability_resolution_and_product_match"
"1208","4173216692","/catalog/product/fara-pravaya-geely-okavango-original-1208/","true","avito_external","confirmed_by_owner","company_avito_account","true","manual_review_required","manual_review_required","manual_review_required","manual_review_required","manual_review_required","review_quality_availability_resolution_and_product_match"
"1209","8044707712","/catalog/product/pravyi-fonar-kryshka-bagazhnika-voyah-dream-1209/","true","avito_external","confirmed_by_owner","company_avito_account","true","manual_review_required","manual_review_required","manual_review_required","manual_review_required","manual_review_required","review_quality_availability_resolution_and_product_match"
"1210","8108117771","/catalog/product/perednyaya-protivotumannaya-fara-levaya-toyota-rav4-v-1210/","true","avito_external","confirmed_by_owner","company_avito_account","true","manual_review_required","manual_review_required","manual_review_required","manual_review_required","manual_review_required","review_quality_availability_resolution_and_product_match"
"1211","8044005015","/catalog/product/pravaya-fara-voyah-dream-1211/","true","avito_external","confirmed_by_owner","company_avito_account","true","manual_review_required","manual_review_required","manual_review_required","manual_review_required","manual_review_required","review_quality_availability_resolution_and_product_match"
"1212","7916205763","/catalog/product/fonar-perednego-bampera-levyi-livan-x3-pro-1212/","true","avito_external","confirmed_by_owner","company_avito_account","true","manual_review_required","manual_review_required","manual_review_required","manual_review_required","manual_review_required","review_quality_availability_resolution_and_product_match"
"1213","8043957306","/catalog/product/fonar-kryshki-bagazhnika-levyi-voyah-taishan-1213/","true","avito_external","confirmed_by_owner","company_avito_account","true","manual_review_required","manual_review_required","manual_review_required","manual_review_required","manual_review_required","review_quality_availability_resolution_and_product_match"
"1214","7244793047","/catalog/product/fonar-zadnego-bampera-pravyi-voyah-free-1214/","false","missing","confirmed_by_owner","company_avito_account","true","manual_review_required","manual_review_required","manual_review_required","manual_review_required","manual_review_required","review_quality_availability_resolution_and_product_match"
"1215","7788190658","/catalog/product/fara-perednyaya-levaya-toyota-camry-xv-80-1215/","true","avito_external","confirmed_by_owner","company_avito_account","true","manual_review_required","manual_review_required","manual_review_required","manual_review_required","manual_review_required","review_quality_availability_resolution_and_product_match"
"1216","8108735371","/catalog/product/zadnii-pravyi-fonar-na-kryle-toyota-rav4-v-1216/","true","avito_external","confirmed_by_owner","company_avito_account","true","manual_review_required","manual_review_required","manual_review_required","manual_review_required","manual_review_required","review_quality_availability_resolution_and_product_match"
"1217","8044363743","/catalog/product/fara-perednyaya-levaya-byd-yangwang-u8l-1217/","true","avito_external","confirmed_by_owner","company_avito_account","true","manual_review_required","manual_review_required","manual_review_required","manual_review_required","manual_review_required","review_quality_availability_resolution_and_product_match"
"1218","8108185792","/catalog/product/zadnii-levyi-fonar-na-kryshke-bagazhnika-toyota-rav4-v-1218/","true","avito_external","confirmed_by_owner","company_avito_account","true","manual_review_required","manual_review_required","manual_review_required","manual_review_required","manual_review_required","review_quality_availability_resolution_and_product_match"
"1219","8044862042","/catalog/product/tsentralnyi-hodovoi-ogon-aito-m8-1219/","true","avito_external","confirmed_by_owner","company_avito_account","true","manual_review_required","manual_review_required","manual_review_required","manual_review_required","manual_review_required","review_quality_availability_resolution_and_product_match"
"1220","8043920409","/catalog/product/levyi-svetootrazhatel-voyah-dream-1220/","true","avito_external","confirmed_by_owner","company_avito_account","true","manual_review_required","manual_review_required","manual_review_required","manual_review_required","manual_review_required","review_quality_availability_resolution_and_product_match"
"1221","8108735486","/catalog/product/fonar-zadnii-pravyi-kia-seltos-1221/","true","avito_external","confirmed_by_owner","company_avito_account","true","manual_review_required","manual_review_required","manual_review_required","manual_review_required","manual_review_required","review_quality_availability_resolution_and_product_match"
"1222","8044454465","/catalog/product/fara-perednyaya-levaya-nizhnyaya-voyah-taishan-1222/","true","avito_external","confirmed_by_owner","company_avito_account","true","manual_review_required","manual_review_required","manual_review_required","manual_review_required","manual_review_required","review_quality_availability_resolution_and_product_match"
"1223","8108448186","/catalog/product/zadnii-fonar-na-kryshke-bagazhnika-volkswagen-tavendor-1223/","true","avito_external","confirmed_by_owner","company_avito_account","true","manual_review_required","manual_review_required","manual_review_required","manual_review_required","manual_review_required","review_quality_availability_resolution_and_product_match"
"1224","7948556121","/catalog/product/pravaya-zadnyaya-protivotumannaya-fara-baic-x55-1224/","true","avito_external","confirmed_by_owner","company_avito_account","true","manual_review_required","manual_review_required","manual_review_required","manual_review_required","manual_review_required","review_quality_availability_resolution_and_product_match"
"1225","8044254454","/catalog/product/fara-perednyaya-pravaya-verhnyaya-voyah-taishan-1225/","true","avito_external","confirmed_by_owner","company_avito_account","true","manual_review_required","manual_review_required","manual_review_required","manual_review_required","manual_review_required","review_quality_availability_resolution_and_product_match"
"1226","4141514830","/catalog/product/fara-levaya-lixiang-l7-kruglaya-fishka-18-pin-max-1226/","true","avito_external","confirmed_by_owner","company_avito_account","true","manual_review_required","manual_review_required","manual_review_required","manual_review_required","manual_review_required","review_quality_availability_resolution_and_product_match"
"1227","7948409693","/catalog/product/perednyaya-fara-pravaya-toyota-highlander-xu70-1227/","true","avito_external","confirmed_by_owner","company_avito_account","true","manual_review_required","manual_review_required","manual_review_required","manual_review_required","manual_review_required","review_quality_availability_resolution_and_product_match"
"1228","8108841739","/catalog/product/pravaya-fara-voyah-passion-1228/","true","avito_external","confirmed_by_owner","company_avito_account","true","manual_review_required","manual_review_required","manual_review_required","manual_review_required","manual_review_required","review_quality_availability_resolution_and_product_match"
"1229","7948309843","/catalog/product/fonar-kryshki-bagazhnika-kia-k3-1229/","true","avito_external","confirmed_by_owner","company_avito_account","true","manual_review_required","manual_review_required","manual_review_required","manual_review_required","manual_review_required","review_quality_availability_resolution_and_product_match"
"1230","7948739106","/catalog/product/zadnii-pravyi-protivotumannyi-fonar-baic-bj40-1230/","true","avito_external","confirmed_by_owner","company_avito_account","true","manual_review_required","manual_review_required","manual_review_required","manual_review_required","manual_review_required","review_quality_availability_resolution_and_product_match"
"1231","8108700818","/catalog/product/fonar-zadnii-levyi-changan-cs95-1231/","true","avito_external","confirmed_by_owner","company_avito_account","true","manual_review_required","manual_review_required","manual_review_required","manual_review_required","manual_review_required","review_quality_availability_resolution_and_product_match"
"1232","7500699171","/catalog/product/fara-pravaya-modul-osvescheniya-mercedes-g-class-1232/","false","missing","confirmed_by_owner","company_avito_account","true","manual_review_required","manual_review_required","manual_review_required","manual_review_required","manual_review_required","review_quality_availability_resolution_and_product_match"
"1233","7948448375","/catalog/product/perednyaya-ptf-pravaya-toyota-highlander-xu70-1233/","true","avito_external","confirmed_by_owner","company_avito_account","true","manual_review_required","manual_review_required","manual_review_required","manual_review_required","manual_review_required","review_quality_availability_resolution_and_product_match"
"1234","7948226523","/catalog/product/levyi-dnevnoi-hodovoi-ogon-baic-bj40-1234/","true","avito_external","confirmed_by_owner","company_avito_account","true","manual_review_required","manual_review_required","manual_review_required","manual_review_required","manual_review_required","review_quality_availability_resolution_and_product_match"
"1235","8076697866","/catalog/product/fonar-na-kryshke-bagazhnika-kia-k5-1235/","true","avito_external","confirmed_by_owner","company_avito_account","true","manual_review_required","manual_review_required","manual_review_required","manual_review_required","manual_review_required","review_quality_availability_resolution_and_product_match"
"1236","7948031878","/catalog/product/pravaya-perednyaya-fara-baic-x7-1236/","true","avito_external","confirmed_by_owner","company_avito_account","true","manual_review_required","manual_review_required","manual_review_required","manual_review_required","manual_review_required","review_quality_availability_resolution_and_product_match"
"1237","8076141386","/catalog/product/perednyaya-protivotumannaya-fara-pravaya-changan-hanter-plus-1237/","true","avito_external","confirmed_by_owner","company_avito_account","true","manual_review_required","manual_review_required","manual_review_required","manual_review_required","manual_review_required","review_quality_availability_resolution_and_product_match"
"1238","8108537315","/catalog/product/perednyaya-fara-pravaya-kia-seltos-1238/","true","avito_external","confirmed_by_owner","company_avito_account","true","manual_review_required","manual_review_required","manual_review_required","manual_review_required","manual_review_required","review_quality_availability_resolution_and_product_match"
"1239","8044294704","/catalog/product/fara-perednyaya-pravaya-nizhnyaya-voyah-taishan-1239/","true","avito_external","confirmed_by_owner","company_avito_account","true","manual_review_required","manual_review_required","manual_review_required","manual_review_required","manual_review_required","review_quality_availability_resolution_and_product_match"
"1240","8044219848","/catalog/product/fara-perednyaya-pravaya-byd-yangwang-u8l-1240/","true","avito_external","confirmed_by_owner","company_avito_account","true","manual_review_required","manual_review_required","manual_review_required","manual_review_required","manual_review_required","review_quality_availability_resolution_and_product_match"
"1241","8108458406","/catalog/product/perednyaya-fara-levaya-kia-seltos-1241/","true","avito_external","confirmed_by_owner","company_avito_account","true","manual_review_required","manual_review_required","manual_review_required","manual_review_required","manual_review_required","review_quality_availability_resolution_and_product_match"
"1242","8108724475","/catalog/product/zadnii-levyi-fonar-geely-galaxy-starship-7-1242/","true","avito_external","confirmed_by_owner","company_avito_account","true","manual_review_required","manual_review_required","manual_review_required","manual_review_required","manual_review_required","review_quality_availability_resolution_and_product_match"
"1243","7244727367","/catalog/product/fonar-zadnii-tsentralnyi-changan-hanter-plus-1243/","false","missing","confirmed_by_owner","company_avito_account","true","manual_review_required","manual_review_required","manual_review_required","manual_review_required","manual_review_required","review_quality_availability_resolution_and_product_match"
"1244","7980721736","/catalog/product/fonar-zadnii-levyi-nizhnii-wey-80-1244/","true","avito_external","confirmed_by_owner","company_avito_account","true","manual_review_required","manual_review_required","manual_review_required","manual_review_required","manual_review_required","review_quality_availability_resolution_and_product_match"
"1245","7948075426","/catalog/product/zadnyaya-ptf-levaya-toyota-highlander-xu70-1245/","true","avito_external","confirmed_by_owner","company_avito_account","true","manual_review_required","manual_review_required","manual_review_required","manual_review_required","manual_review_required","review_quality_availability_resolution_and_product_match"
"1246","8108315709","/catalog/product/zadnii-fonar-levyi-changan-cs75-plus-1246/","true","avito_external","confirmed_by_owner","company_avito_account","true","manual_review_required","manual_review_required","manual_review_required","manual_review_required","manual_review_required","review_quality_availability_resolution_and_product_match"
"1247","8108292811","/catalog/product/levyi-dnevnoi-hodovoi-ogon-geely-galaxy-starship-7-1247/","true","avito_external","confirmed_by_owner","company_avito_account","true","manual_review_required","manual_review_required","manual_review_required","manual_review_required","manual_review_required","review_quality_availability_resolution_and_product_match"
"1248","8012135606","/catalog/product/fonar-zadnii-pravyi-geely-preface-1248/","true","avito_external","confirmed_by_owner","company_avito_account","true","manual_review_required","manual_review_required","manual_review_required","manual_review_required","manual_review_required","review_quality_availability_resolution_and_product_match"
"1249","7980735723","/catalog/product/perednyaya-nizhnyaya-fara-pravaya-byd-tang-l-1249/","true","avito_external","confirmed_by_owner","company_avito_account","true","manual_review_required","manual_review_required","manual_review_required","manual_review_required","manual_review_required","review_quality_availability_resolution_and_product_match"
"1250","7244699742","/catalog/product/fonar-dveri-bagazhnika-voyah-free-1250/","false","missing","confirmed_by_owner","company_avito_account","true","manual_review_required","manual_review_required","manual_review_required","manual_review_required","manual_review_required","review_quality_availability_resolution_and_product_match"
"1251","8012015350","/catalog/product/perednyaya-fara-pravaya-geely-galaxy-m9-1251/","true","avito_external","confirmed_by_owner","company_avito_account","true","manual_review_required","manual_review_required","manual_review_required","manual_review_required","manual_review_required","review_quality_availability_resolution_and_product_match"
"1252","7436656658","/catalog/product/fara-perednyaya-pravaya-nizhnyaya-zeekr-001-1252/","false","missing","confirmed_by_owner","company_avito_account","true","manual_review_required","manual_review_required","manual_review_required","manual_review_required","manual_review_required","review_quality_availability_resolution_and_product_match"
"1253","8108430616","/catalog/product/fonar-zadnii-levyi-kia-sportage-china-v-1253/","true","avito_external","confirmed_by_owner","company_avito_account","true","manual_review_required","manual_review_required","manual_review_required","manual_review_required","manual_review_required","review_quality_availability_resolution_and_product_match"
"1254","8076221580","/catalog/product/fara-levaya-kia-k5-1254/","true","avito_external","confirmed_by_owner","company_avito_account","true","manual_review_required","manual_review_required","manual_review_required","manual_review_required","manual_review_required","review_quality_availability_resolution_and_product_match"
"1255","8108279412","/catalog/product/fonar-zadnii-pravyi-krylo-kia-sportage-v-1255/","true","avito_external","confirmed_by_owner","company_avito_account","true","manual_review_required","manual_review_required","manual_review_required","manual_review_required","manual_review_required","review_quality_availability_resolution_and_product_match"
"1256","7948788631","/catalog/product/fonar-zadnii-pravyi-kia-k3-1256/","true","avito_external","confirmed_by_owner","company_avito_account","true","manual_review_required","manual_review_required","manual_review_required","manual_review_required","manual_review_required","review_quality_availability_resolution_and_product_match"
"1257","8108499760","/catalog/product/fonar-kryshki-bagazhnika-zadnii-pravyi-changan-cs95-1257/","true","avito_external","confirmed_by_owner","company_avito_account","true","manual_review_required","manual_review_required","manual_review_required","manual_review_required","manual_review_required","review_quality_availability_resolution_and_product_match"
"1258","8076547508","/catalog/product/fonar-kryshki-bagazhnika-pravyi-toyota-corolla-1258/","true","avito_external","confirmed_by_owner","company_avito_account","true","manual_review_required","manual_review_required","manual_review_required","manual_review_required","manual_review_required","review_quality_availability_resolution_and_product_match"
"1259","8076596849","/catalog/product/tsentralnyi-stop-signal-tank-500-1259/","true","avito_external","confirmed_by_owner","company_avito_account","true","manual_review_required","manual_review_required","manual_review_required","manual_review_required","manual_review_required","review_quality_availability_resolution_and_product_match"
"1260","7948105935","/catalog/product/perednyaya-fara-levaya-geely-galaxy-l-7-1260/","true","avito_external","confirmed_by_owner","company_avito_account","true","manual_review_required","manual_review_required","manual_review_required","manual_review_required","manual_review_required","review_quality_availability_resolution_and_product_match"
"1261","8108497612","/catalog/product/fonar-zadnii-pravyi-baw-bj-212-1261/","true","avito_external","confirmed_by_owner","company_avito_account","true","manual_review_required","manual_review_required","manual_review_required","manual_review_required","manual_review_required","review_quality_availability_resolution_and_product_match"
"1262","8075966657","/catalog/product/perednii-protivotumannyi-fonar-pravyi-tank-500-1262/","true","avito_external","confirmed_by_owner","company_avito_account","true","manual_review_required","manual_review_required","manual_review_required","manual_review_required","manual_review_required","review_quality_availability_resolution_and_product_match"
"1263","8044374583","/catalog/product/zadnii-fonar-pravyi-aito-m8-1263/","true","avito_external","confirmed_by_owner","company_avito_account","true","manual_review_required","manual_review_required","manual_review_required","manual_review_required","manual_review_required","review_quality_availability_resolution_and_product_match"
"1264","8108004395","/catalog/product/fonar-zadnii-levyi-haval-xiaolong-hi4-1264/","true","avito_external","confirmed_by_owner","company_avito_account","true","manual_review_required","manual_review_required","manual_review_required","manual_review_required","manual_review_required","review_quality_availability_resolution_and_product_match"
"1265","7948424241","/catalog/product/zadnyaya-pravaya-fara-geely-galaxy-l7-1265/","true","avito_external","confirmed_by_owner","company_avito_account","true","manual_review_required","manual_review_required","manual_review_required","manual_review_required","manual_review_required","review_quality_availability_resolution_and_product_match"
"1266","7980720864","/catalog/product/perednyaya-tsentralnaya-fara-byd-tang-l-1266/","true","avito_external","confirmed_by_owner","company_avito_account","true","manual_review_required","manual_review_required","manual_review_required","manual_review_required","manual_review_required","review_quality_availability_resolution_and_product_match"
"1267","7948578940","/catalog/product/perednii-tsentralnyi-fonar-volkswagen-tayron-1267/","true","avito_external","confirmed_by_owner","company_avito_account","true","manual_review_required","manual_review_required","manual_review_required","manual_review_required","manual_review_required","review_quality_availability_resolution_and_product_match"
"1268","7980070734","/catalog/product/zadnii-protivotumannyi-fonar-changan-deepal-s7-1268/","true","avito_external","confirmed_by_owner","company_avito_account","true","manual_review_required","manual_review_required","manual_review_required","manual_review_required","manual_review_required","review_quality_availability_resolution_and_product_match"
"1269","7596917138","/catalog/product/fonar-zadnii-levyi-v-kryshku-hiphi-z-1269/","true","avito_external","confirmed_by_owner","company_avito_account","true","manual_review_required","manual_review_required","manual_review_required","manual_review_required","manual_review_required","review_quality_availability_resolution_and_product_match"
"1270","7948285172","/catalog/product/zadnii-levyi-protivotumannyi-fonar-baic-bj40-1270/","true","avito_external","confirmed_by_owner","company_avito_account","true","manual_review_required","manual_review_required","manual_review_required","manual_review_required","manual_review_required","review_quality_availability_resolution_and_product_match"
"1271","8076510993","/catalog/product/perednii-protivotumannyi-fonar-levyi-tank-500-1271/","true","avito_external","confirmed_by_owner","company_avito_account","true","manual_review_required","manual_review_required","manual_review_required","manual_review_required","manual_review_required","review_quality_availability_resolution_and_product_match"
"1272","8044022989","/catalog/product/zadnii-protivotumannyi-fonar-changan-cs95-1272/","true","avito_external","confirmed_by_owner","company_avito_account","true","manual_review_required","manual_review_required","manual_review_required","manual_review_required","manual_review_required","review_quality_availability_resolution_and_product_match"
"1273","8108017546","/catalog/product/levaya-perednyaya-svetovaya-polosa-volkswagen-tavendor-1273/","true","avito_external","confirmed_by_owner","company_avito_account","true","manual_review_required","manual_review_required","manual_review_required","manual_review_required","manual_review_required","review_quality_availability_resolution_and_product_match"
"1274","7916796452","/catalog/product/fara-perednyaya-pravaya-geely-okavango-1274/","true","avito_external","confirmed_by_owner","company_avito_account","true","manual_review_required","manual_review_required","manual_review_required","manual_review_required","manual_review_required","review_quality_availability_resolution_and_product_match"
"1275","8108503074","/catalog/product/zadnii-fonar-pravyi-changan-cs75-plus-1275/","true","avito_external","confirmed_by_owner","company_avito_account","true","manual_review_required","manual_review_required","manual_review_required","manual_review_required","manual_review_required","review_quality_availability_resolution_and_product_match"
"1276","7980820490","/catalog/product/perednyaya-fara-pravaya-zeekr-9x-1276/","true","avito_external","confirmed_by_owner","company_avito_account","true","manual_review_required","manual_review_required","manual_review_required","manual_review_required","manual_review_required","review_quality_availability_resolution_and_product_match"
"1277","8075904914","/catalog/product/zadnii-fonar-pravyi-changan-hanter-plus-1277/","true","avito_external","confirmed_by_owner","company_avito_account","true","manual_review_required","manual_review_required","manual_review_required","manual_review_required","manual_review_required","review_quality_availability_resolution_and_product_match"
"1278","8108368940","/catalog/product/levyi-perednii-ukazatel-povorota-exeed-exlantix-es-e3-1278/","true","avito_external","confirmed_by_owner","company_avito_account","true","manual_review_required","manual_review_required","manual_review_required","manual_review_required","manual_review_required","review_quality_availability_resolution_and_product_match"
"1279","8044077071","/catalog/product/zadnii-fonar-kryshki-bagazhnika-volkswagen-talagon-1279/","true","avito_external","confirmed_by_owner","company_avito_account","true","manual_review_required","manual_review_required","manual_review_required","manual_review_required","manual_review_required","review_quality_availability_resolution_and_product_match"
"1280","7980288311","/catalog/product/perednyaya-verhnyaya-fara-levaya-byd-tang-l-1280/","true","avito_external","confirmed_by_owner","company_avito_account","true","manual_review_required","manual_review_required","manual_review_required","manual_review_required","manual_review_required","review_quality_availability_resolution_and_product_match"
"1281","7980888851","/catalog/product/perednyaya-fara-levaya-wey-07-1281/","true","avito_external","confirmed_by_owner","company_avito_account","true","manual_review_required","manual_review_required","manual_review_required","manual_review_required","manual_review_required","review_quality_availability_resolution_and_product_match"
"1282","7596388136","/catalog/product/fonar-zadnii-levyi-v-krylo-hiphi-z-1282/","true","avito_external","confirmed_by_owner","company_avito_account","true","manual_review_required","manual_review_required","manual_review_required","manual_review_required","manual_review_required","review_quality_availability_resolution_and_product_match"
"1283","7980663710","/catalog/product/fonar-zadnii-tsentralnyi-wey-07-1283/","true","avito_external","confirmed_by_owner","company_avito_account","true","manual_review_required","manual_review_required","manual_review_required","manual_review_required","manual_review_required","review_quality_availability_resolution_and_product_match"
"1284","7980049310","/catalog/product/perednyaya-fara-pravaya-wey-80-1284/","true","avito_external","confirmed_by_owner","company_avito_account","true","manual_review_required","manual_review_required","manual_review_required","manual_review_required","manual_review_required","review_quality_availability_resolution_and_product_match"
"1285","8044479263","/catalog/product/fonar-zadnii-pravyi-voyah-taishan-1285/","true","avito_external","confirmed_by_owner","company_avito_account","true","manual_review_required","manual_review_required","manual_review_required","manual_review_required","manual_review_required","review_quality_availability_resolution_and_product_match"
"1286","7948017094","/catalog/product/zadnyaya-fara-levaya-toyota-highlander-xu70-1286/","true","avito_external","confirmed_by_owner","company_avito_account","true","manual_review_required","manual_review_required","manual_review_required","manual_review_required","manual_review_required","review_quality_availability_resolution_and_product_match"
"1287","8108497903","/catalog/product/zadnii-pravyi-fonar-volkswagen-tavendor-1287/","true","avito_external","confirmed_by_owner","company_avito_account","true","manual_review_required","manual_review_required","manual_review_required","manual_review_required","manual_review_required","review_quality_availability_resolution_and_product_match"
"1288","7980739650","/catalog/product/fara-levaya-changan-deepal-s7-1288/","true","avito_external","confirmed_by_owner","company_avito_account","true","manual_review_required","manual_review_required","manual_review_required","manual_review_required","manual_review_required","review_quality_availability_resolution_and_product_match"
"1289","8108040894","/catalog/product/fonar-zadnii-pravyi-kryshka-bagazhnika-haval-xiaolong-hi4-1289/","true","avito_external","confirmed_by_owner","company_avito_account","true","manual_review_required","manual_review_required","manual_review_required","manual_review_required","manual_review_required","review_quality_availability_resolution_and_product_match"
"1290","8012153254","/catalog/product/protivotumannaya-zadnyaya-pravaya-fara-geely-preface-1290/","true","avito_external","confirmed_by_owner","company_avito_account","true","manual_review_required","manual_review_required","manual_review_required","manual_review_required","manual_review_required","review_quality_availability_resolution_and_product_match"
"1291","7244897254","/catalog/product/fara-tsentralnaya-geely-atlas-1291/","false","missing","confirmed_by_owner","company_avito_account","true","manual_review_required","manual_review_required","manual_review_required","manual_review_required","manual_review_required","review_quality_availability_resolution_and_product_match"
"1292","7979959365","/catalog/product/perednyaya-fara-levaya-zeekr-9x-1292/","true","avito_external","confirmed_by_owner","company_avito_account","true","manual_review_required","manual_review_required","manual_review_required","manual_review_required","manual_review_required","review_quality_availability_resolution_and_product_match"
"1293","8108332926","/catalog/product/katafot-zadnego-bampera-levyi-nissan-pathfinder-1293/","true","avito_external","confirmed_by_owner","company_avito_account","true","manual_review_required","manual_review_required","manual_review_required","manual_review_required","manual_review_required","review_quality_availability_resolution_and_product_match"
"1294","8076567294","/catalog/product/perednyaya-protivotumannaya-fara-levaya-changan-hanter-plus-1294/","true","avito_external","confirmed_by_owner","company_avito_account","true","manual_review_required","manual_review_required","manual_review_required","manual_review_required","manual_review_required","review_quality_availability_resolution_and_product_match"
"1295","7916058998","/catalog/product/fara-perednyaya-pravaya-honda-crider-1295/","true","avito_external","confirmed_by_owner","company_avito_account","true","manual_review_required","manual_review_required","manual_review_required","manual_review_required","manual_review_required","review_quality_availability_resolution_and_product_match"
"1296","4140677966","/catalog/product/fara-levaya-geely-monjaro-original-1296/","true","avito_external","confirmed_by_owner","company_avito_account","true","manual_review_required","manual_review_required","manual_review_required","manual_review_required","manual_review_required","review_quality_availability_resolution_and_product_match"
"1297","7948377788","/catalog/product/zadnii-tsentralnyi-stop-signal-baik-x55-1297/","true","avito_external","confirmed_by_owner","company_avito_account","true","manual_review_required","manual_review_required","manual_review_required","manual_review_required","manual_review_required","review_quality_availability_resolution_and_product_match"
"1298","7980662115","/catalog/product/fonar-zadnii-pravyi-byd-tang-l-1298/","true","avito_external","confirmed_by_owner","company_avito_account","true","manual_review_required","manual_review_required","manual_review_required","manual_review_required","manual_review_required","review_quality_availability_resolution_and_product_match"
"1299","7948702759","/catalog/product/fonar-zadnii-levyi-kia-k3-1299/","true","avito_external","confirmed_by_owner","company_avito_account","true","manual_review_required","manual_review_required","manual_review_required","manual_review_required","manual_review_required","review_quality_availability_resolution_and_product_match"
"1300","7980157711","/catalog/product/zadnyaya-fara-bagazhnik-pravaya-toyota-camry-xv80-1300/","true","avito_external","confirmed_by_owner","company_avito_account","true","manual_review_required","manual_review_required","manual_review_required","manual_review_required","manual_review_required","review_quality_availability_resolution_and_product_match"
"1301","8076690417","/catalog/product/zadnii-fonar-levyi-changan-hanter-plus-1301/","true","avito_external","confirmed_by_owner","company_avito_account","true","manual_review_required","manual_review_required","manual_review_required","manual_review_required","manual_review_required","review_quality_availability_resolution_and_product_match"
"1302","8108750103","/catalog/product/fonar-dnevnogo-sveta-pravyi-baw-bj-212-1302/","true","avito_external","confirmed_by_owner","company_avito_account","true","manual_review_required","manual_review_required","manual_review_required","manual_review_required","manual_review_required","review_quality_availability_resolution_and_product_match"
"1303","7980262671","/catalog/product/levyi-zadnii-fonar-kryshki-bagazhnika-hongqi-hs5-1303/","true","avito_external","confirmed_by_owner","company_avito_account","true","manual_review_required","manual_review_required","manual_review_required","manual_review_required","manual_review_required","review_quality_availability_resolution_and_product_match"
"1304","8108077109","/catalog/product/fara-pravaya-kia-sportage-china-v-1304/","true","avito_external","confirmed_by_owner","company_avito_account","true","manual_review_required","manual_review_required","manual_review_required","manual_review_required","manual_review_required","review_quality_availability_resolution_and_product_match"
"1305","7948182192","/catalog/product/pravyi-zadnii-fonar-krylo-baic-x55-1305/","true","avito_external","confirmed_by_owner","company_avito_account","true","manual_review_required","manual_review_required","manual_review_required","manual_review_required","manual_review_required","review_quality_availability_resolution_and_product_match"
"1306","7947964217","/catalog/product/perednii-dnevnoi-hodovoi-ogon-levyi-baic-u5-plus-1306/","true","avito_external","confirmed_by_owner","company_avito_account","true","manual_review_required","manual_review_required","manual_review_required","manual_review_required","manual_review_required","review_quality_availability_resolution_and_product_match"
"1307","7948433450","/catalog/product/perednyaya-fara-pravaya-kia-k3-1307/","true","avito_external","confirmed_by_owner","company_avito_account","true","manual_review_required","manual_review_required","manual_review_required","manual_review_required","manual_review_required","review_quality_availability_resolution_and_product_match"
"1308","7948464774","/catalog/product/perednyaya-fara-levaya-toyota-highlander-xu70-1308/","true","avito_external","confirmed_by_owner","company_avito_account","true","manual_review_required","manual_review_required","manual_review_required","manual_review_required","manual_review_required","review_quality_availability_resolution_and_product_match"
"1309","7948393863","/catalog/product/perednyaya-fara-levaya-baic-u5-plus-1309/","true","avito_external","confirmed_by_owner","company_avito_account","true","manual_review_required","manual_review_required","manual_review_required","manual_review_required","manual_review_required","review_quality_availability_resolution_and_product_match"
"1310","7916512122","/catalog/product/fonar-zadnego-bampera-tsentralnyi-livan-x3-pro-1310/","true","avito_external","confirmed_by_owner","company_avito_account","true","manual_review_required","manual_review_required","manual_review_required","manual_review_required","manual_review_required","review_quality_availability_resolution_and_product_match"
"1311","8075976140","/catalog/product/zadnii-fonar-pravyi-kia-k5-1311/","true","avito_external","confirmed_by_owner","company_avito_account","true","manual_review_required","manual_review_required","manual_review_required","manual_review_required","manual_review_required","review_quality_availability_resolution_and_product_match"
"1312","7948877120","/catalog/product/pravaya-zadnyaya-protivotumannaya-fara-baic-x7-1312/","true","avito_external","confirmed_by_owner","company_avito_account","true","manual_review_required","manual_review_required","manual_review_required","manual_review_required","manual_review_required","review_quality_availability_resolution_and_product_match"
"1313","8044298548","/catalog/product/zadnii-fonar-levyi-aito-m8-1313/","true","avito_external","confirmed_by_owner","company_avito_account","true","manual_review_required","manual_review_required","manual_review_required","manual_review_required","manual_review_required","review_quality_availability_resolution_and_product_match"
"1314","7948733828","/catalog/product/fonar-zadnii-levyi-dver-baic-x35-1314/","true","avito_external","confirmed_by_owner","company_avito_account","true","manual_review_required","manual_review_required","manual_review_required","manual_review_required","manual_review_required","review_quality_availability_resolution_and_product_match"
"1315","7948363026","/catalog/product/perednyaya-ptf-levaya-toyota-highlander-xu70-1315/","true","avito_external","confirmed_by_owner","company_avito_account","true","manual_review_required","manual_review_required","manual_review_required","manual_review_required","manual_review_required","review_quality_availability_resolution_and_product_match"
"1316","8107912404","/catalog/product/levyi-perednii-gabaritnyi-fonar-voyah-passion-1316/","true","avito_external","confirmed_by_owner","company_avito_account","true","manual_review_required","manual_review_required","manual_review_required","manual_review_required","manual_review_required","review_quality_availability_resolution_and_product_match"
"1317","8108705334","/catalog/product/levaya-fara-voyah-passion-1317/","true","avito_external","confirmed_by_owner","company_avito_account","true","manual_review_required","manual_review_required","manual_review_required","manual_review_required","manual_review_required","review_quality_availability_resolution_and_product_match"
"1318","7916338601","/catalog/product/fara-protivotumannaya-pravaya-geely-okavango-1318/","true","avito_external","confirmed_by_owner","company_avito_account","true","manual_review_required","manual_review_required","manual_review_required","manual_review_required","manual_review_required","review_quality_availability_resolution_and_product_match"
"1319","8044806553","/catalog/product/fonar-zadnii-levyi-voyah-taishan-1319/","true","avito_external","confirmed_by_owner","company_avito_account","true","manual_review_required","manual_review_required","manual_review_required","manual_review_required","manual_review_required","review_quality_availability_resolution_and_product_match"
"1320","8044668307","/catalog/product/zadnii-levyi-fonar-volkswagen-talagon-1320/","true","avito_external","confirmed_by_owner","company_avito_account","true","manual_review_required","manual_review_required","manual_review_required","manual_review_required","manual_review_required","review_quality_availability_resolution_and_product_match"
"1321","7979930609","/catalog/product/zadnii-tsentralnyi-fonar-changan-deepal-s7-1321/","true","avito_external","confirmed_by_owner","company_avito_account","true","manual_review_required","manual_review_required","manual_review_required","manual_review_required","manual_review_required","review_quality_availability_resolution_and_product_match"
"1322","8108237973","/catalog/product/perednyaya-fara-levaya-geely-galaxy-starship-7-1322/","true","avito_external","confirmed_by_owner","company_avito_account","true","manual_review_required","manual_review_required","manual_review_required","manual_review_required","manual_review_required","review_quality_availability_resolution_and_product_match"
"1323","8107928220","/catalog/product/fonar-zadnii-levyi-krylo-kia-sportage-v-1323/","true","avito_external","confirmed_by_owner","company_avito_account","true","manual_review_required","manual_review_required","manual_review_required","manual_review_required","manual_review_required","review_quality_availability_resolution_and_product_match"
"1324","8012878338","/catalog/product/perednyaya-fara-pravaya-byd-fangchengbao-titanium-7-1324/","true","avito_external","confirmed_by_owner","company_avito_account","true","manual_review_required","manual_review_required","manual_review_required","manual_review_required","manual_review_required","review_quality_availability_resolution_and_product_match"
"1325","8012857293","/catalog/product/fonar-zadnii-levyi-v-kryle-geely-galaxy-m9-1325/","true","avito_external","confirmed_by_owner","company_avito_account","true","manual_review_required","manual_review_required","manual_review_required","manual_review_required","manual_review_required","review_quality_availability_resolution_and_product_match"
"1326","8012168943","/catalog/product/fonar-zadnii-pravyi-byd-fangchengbao-titanium-7-1326/","true","avito_external","confirmed_by_owner","company_avito_account","true","manual_review_required","manual_review_required","manual_review_required","manual_review_required","manual_review_required","review_quality_availability_resolution_and_product_match"
"1327","7820638751","/catalog/product/fara-perednyaya-levaya-byd-leopard-5-1327/","true","avito_external","confirmed_by_owner","company_avito_account","true","manual_review_required","manual_review_required","manual_review_required","manual_review_required","manual_review_required","review_quality_availability_resolution_and_product_match"
"1328","7948247525","/catalog/product/levaya-perednyaya-fara-baic-x55-1328/","false","missing","confirmed_by_owner","company_avito_account","true","manual_review_required","manual_review_required","manual_review_required","manual_review_required","manual_review_required","review_quality_availability_resolution_and_product_match"
"1329","7948355629","/catalog/product/zadnyaya-pravaya-fara-baic-bj40-1329/","true","avito_external","confirmed_by_owner","company_avito_account","true","manual_review_required","manual_review_required","manual_review_required","manual_review_required","manual_review_required","review_quality_availability_resolution_and_product_match"
"1330","8108643761","/catalog/product/zadnii-pravyi-fonar-geely-galaxy-starship-7-1330/","true","avito_external","confirmed_by_owner","company_avito_account","true","manual_review_required","manual_review_required","manual_review_required","manual_review_required","manual_review_required","review_quality_availability_resolution_and_product_match"
"1331","7980054058","/catalog/product/fonar-zadnii-tsentralnyi-byd-tang-l-1331/","true","avito_external","confirmed_by_owner","company_avito_account","true","manual_review_required","manual_review_required","manual_review_required","manual_review_required","manual_review_required","review_quality_availability_resolution_and_product_match"
"1332","7564127903","/catalog/product/fara-pravaya-polar-stone-01-1332/","false","missing","confirmed_by_owner","company_avito_account","true","manual_review_required","manual_review_required","manual_review_required","manual_review_required","manual_review_required","review_quality_availability_resolution_and_product_match"
"1333","8108803522","/catalog/product/zadnii-tsentralnyi-fonar-changan-cs75-plus-1333/","true","avito_external","confirmed_by_owner","company_avito_account","true","manual_review_required","manual_review_required","manual_review_required","manual_review_required","manual_review_required","review_quality_availability_resolution_and_product_match"
"1334","7916744897","/catalog/product/fonar-perednego-bampera-pravyi-livan-x3-pro-1334/","true","avito_external","confirmed_by_owner","company_avito_account","true","manual_review_required","manual_review_required","manual_review_required","manual_review_required","manual_review_required","review_quality_availability_resolution_and_product_match"
"1335","4492910706","/catalog/product/fara-perednyaya-pravaya-v-sbore-haval-jolion-1335/","false","missing","confirmed_by_owner","company_avito_account","true","manual_review_required","manual_review_required","manual_review_required","manual_review_required","manual_review_required","review_quality_availability_resolution_and_product_match"
"1336","7979932592","/catalog/product/perednyaya-nizhnyaya-fara-levaya-byd-tang-l-1336/","true","avito_external","confirmed_by_owner","company_avito_account","true","manual_review_required","manual_review_required","manual_review_required","manual_review_required","manual_review_required","review_quality_availability_resolution_and_product_match"
"1337","8044873939","/catalog/product/fara-perednyaya-pravaya-geely-vision-x6pro-1337/","true","avito_external","confirmed_by_owner","company_avito_account","true","manual_review_required","manual_review_required","manual_review_required","manual_review_required","manual_review_required","review_quality_availability_resolution_and_product_match"
"1338","7820119226","/catalog/product/fonar-perednii-tsentralnyi-verh-byd-leopard-5-1338/","true","avito_external","confirmed_by_owner","company_avito_account","true","manual_review_required","manual_review_required","manual_review_required","manual_review_required","manual_review_required","review_quality_availability_resolution_and_product_match"
"1339","7948637910","/catalog/product/fonar-kryshki-bagazhnika-pravyi-volkswagen-tayron-1339/","true","avito_external","confirmed_by_owner","company_avito_account","true","manual_review_required","manual_review_required","manual_review_required","manual_review_required","manual_review_required","review_quality_availability_resolution_and_product_match"
"1340","7692131494","/catalog/product/fara-pravaya-geely-monjaro-original-1340/","true","avito_external","confirmed_by_owner","company_avito_account","true","manual_review_required","manual_review_required","manual_review_required","manual_review_required","manual_review_required","review_quality_availability_resolution_and_product_match"
"1341","8108228852","/catalog/product/fonar-zadnii-pravyi-kia-sportage-china-v-1341/","true","avito_external","confirmed_by_owner","company_avito_account","true","manual_review_required","manual_review_required","manual_review_required","manual_review_required","manual_review_required","review_quality_availability_resolution_and_product_match"
"1342","7948230374","/catalog/product/levaya-perednyaya-protivotumannaya-fara-baic-x55-1342/","true","avito_external","confirmed_by_owner","company_avito_account","true","manual_review_required","manual_review_required","manual_review_required","manual_review_required","manual_review_required","review_quality_availability_resolution_and_product_match"
"1343","8044508139","/catalog/product/tsentralnyi-verhnii-stop-signal-changan-cs95-1343/","true","avito_external","confirmed_by_owner","company_avito_account","true","manual_review_required","manual_review_required","manual_review_required","manual_review_required","manual_review_required","review_quality_availability_resolution_and_product_match"
"1344","7980086309","/catalog/product/pravyi-zadnii-fonar-kryshka-bagazhnika-hongqi-hs5-1344/","true","avito_external","confirmed_by_owner","company_avito_account","true","manual_review_required","manual_review_required","manual_review_required","manual_review_required","manual_review_required","review_quality_availability_resolution_and_product_match"
"1345","7564454328","/catalog/product/fara-levaya-polar-stone-01-1345/","true","avito_external","confirmed_by_owner","company_avito_account","true","manual_review_required","manual_review_required","manual_review_required","manual_review_required","manual_review_required","review_quality_availability_resolution_and_product_match"
"1346","8044765982","/catalog/product/perednyaya-fara-pravaya-aito-m8-1346/","true","avito_external","confirmed_by_owner","company_avito_account","true","manual_review_required","manual_review_required","manual_review_required","manual_review_required","manual_review_required","review_quality_availability_resolution_and_product_match"
"1353","8108852300","/catalog/product/bachok-stekloomyvatelya-kia-seltos-1353/","true","avito_external","confirmed_by_owner","company_avito_account","true","manual_review_required","manual_review_required","manual_review_required","manual_review_required","manual_review_required","review_quality_availability_resolution_and_product_match"
"1354","7980326674","/catalog/product/radiator-dvigatelya-hongqi-hs5-1354/","true","avito_external","confirmed_by_owner","company_avito_account","true","manual_review_required","manual_review_required","manual_review_required","manual_review_required","manual_review_required","review_quality_availability_resolution_and_product_match"
"1355","7596033025","/catalog/product/patrubok-interkulera-geely-monjaro-1355/","true","avito_external","confirmed_by_owner","company_avito_account","true","manual_review_required","manual_review_required","manual_review_required","manual_review_required","manual_review_required","review_quality_availability_resolution_and_product_match"
"1356","7532560071","/catalog/product/vozduhozabornik-haval-jolion-1356/","false","missing","confirmed_by_owner","company_avito_account","true","manual_review_required","manual_review_required","manual_review_required","manual_review_required","manual_review_required","review_quality_availability_resolution_and_product_match"
"1357","7948379555","/catalog/product/kozhuh-radiatora-geely-galaxy-l7-1357/","true","avito_external","confirmed_by_owner","company_avito_account","true","manual_review_required","manual_review_required","manual_review_required","manual_review_required","manual_review_required","review_quality_availability_resolution_and_product_match"
"1358","7500828059","/catalog/product/shlang-sistemy-ohlazhdeniya-mercedes-benz-g-class-1358/","false","missing","confirmed_by_owner","company_avito_account","true","manual_review_required","manual_review_required","manual_review_required","manual_review_required","manual_review_required","review_quality_availability_resolution_and_product_match"
"1359","7500476377","/catalog/product/shlang-sistemy-ohlazhdeniya-verh-mercedes-benz-g-clas-1359/","false","missing","confirmed_by_owner","company_avito_account","true","manual_review_required","manual_review_required","manual_review_required","manual_review_required","manual_review_required","review_quality_availability_resolution_and_product_match"
"1360","7884597147","/catalog/product/radiator-dvigatelya-livan-x6-pro-1360/","true","avito_external","confirmed_by_owner","company_avito_account","true","manual_review_required","manual_review_required","manual_review_required","manual_review_required","manual_review_required","review_quality_availability_resolution_and_product_match"
"1361","8076103008","/catalog/product/radiator-dvigatelya-kia-sportage-china-v-1361/","true","avito_external","confirmed_by_owner","company_avito_account","true","manual_review_required","manual_review_required","manual_review_required","manual_review_required","manual_review_required","review_quality_availability_resolution_and_product_match"
"1362","7980201729","/catalog/product/interkuler-wey-07-1362/","true","avito_external","confirmed_by_owner","company_avito_account","true","manual_review_required","manual_review_required","manual_review_required","manual_review_required","manual_review_required","review_quality_availability_resolution_and_product_match"
"1363","7500908312","/catalog/product/patrubok-zabora-vozduha-hongqi-hs5-1363/","true","avito_external","confirmed_by_owner","company_avito_account","true","manual_review_required","manual_review_required","manual_review_required","manual_review_required","manual_review_required","review_quality_availability_resolution_and_product_match"
"1364","8076721922","/catalog/product/radiator-konditsionera-kia-sportage-china-v-1364/","true","avito_external","confirmed_by_owner","company_avito_account","true","manual_review_required","manual_review_required","manual_review_required","manual_review_required","manual_review_required","review_quality_availability_resolution_and_product_match"
"1365","8108743157","/catalog/product/radiator-byd-seal-06-gt-1365/","true","avito_external","confirmed_by_owner","company_avito_account","true","manual_review_required","manual_review_required","manual_review_required","manual_review_required","manual_review_required","review_quality_availability_resolution_and_product_match"
"1366","8108833366","/catalog/product/bachok-stekloomyvatelya-exeed-exlantix-es-e3-1366/","true","avito_external","confirmed_by_owner","company_avito_account","true","manual_review_required","manual_review_required","manual_review_required","manual_review_required","manual_review_required","review_quality_availability_resolution_and_product_match"
"1367","8108506219","/catalog/product/ventilyator-radiatora-exeed-exlantix-es-e3-1367/","true","avito_external","confirmed_by_owner","company_avito_account","true","manual_review_required","manual_review_required","manual_review_required","manual_review_required","manual_review_required","review_quality_availability_resolution_and_product_match"
"1368","8108577162","/catalog/product/radiator-dvigatelya-aito-m8-1368/","false","missing","confirmed_by_owner","company_avito_account","true","manual_review_required","manual_review_required","manual_review_required","manual_review_required","manual_review_required","review_quality_availability_resolution_and_product_match"
"1369","7948272918","/catalog/product/ventilyator-radiatora-volkswagen-tayron-1369/","true","avito_external","confirmed_by_owner","company_avito_account","true","manual_review_required","manual_review_required","manual_review_required","manual_review_required","manual_review_required","review_quality_availability_resolution_and_product_match"
"1370","7916342758","/catalog/product/ventilyator-radiatora-livan-x6-pro-1370/","true","avito_external","confirmed_by_owner","company_avito_account","true","manual_review_required","manual_review_required","manual_review_required","manual_review_required","manual_review_required","review_quality_availability_resolution_and_product_match"
"1371","7948521844","/catalog/product/ventilyator-radiatora-toyota-highlander-xu70-1371/","true","avito_external","confirmed_by_owner","company_avito_account","true","manual_review_required","manual_review_required","manual_review_required","manual_review_required","manual_review_required","review_quality_availability_resolution_and_product_match"
"1372","8044076167","/catalog/product/radiator-nizkih-temperatur-voyah-dream-1372/","true","avito_external","confirmed_by_owner","company_avito_account","true","manual_review_required","manual_review_required","manual_review_required","manual_review_required","manual_review_required","review_quality_availability_resolution_and_product_match"
"1373","8107927929","/catalog/product/radiator-dvigatelya-changan-cs75-plus-1373/","true","avito_external","confirmed_by_owner","company_avito_account","true","manual_review_required","manual_review_required","manual_review_required","manual_review_required","manual_review_required","review_quality_availability_resolution_and_product_match"
"1374","7948072049","/catalog/product/interkuller-baic-x7-1374/","true","avito_external","confirmed_by_owner","company_avito_account","true","manual_review_required","manual_review_required","manual_review_required","manual_review_required","manual_review_required","review_quality_availability_resolution_and_product_match"
"1375","7500612704","/catalog/product/vozduhovodnyi-segment-mercedes-benz-g-class-1375/","false","missing","confirmed_by_owner","company_avito_account","true","manual_review_required","manual_review_required","manual_review_required","manual_review_required","manual_review_required","review_quality_availability_resolution_and_product_match"
"1376","8108293848","/catalog/product/radiator-konditsionera-changan-cs75-plus-1376/","true","avito_external","confirmed_by_owner","company_avito_account","true","manual_review_required","manual_review_required","manual_review_required","manual_review_required","manual_review_required","review_quality_availability_resolution_and_product_match"
"1377","7948776602","/catalog/product/ventilyator-radiatora-geely-galaxy-l7-1377/","true","avito_external","confirmed_by_owner","company_avito_account","true","manual_review_required","manual_review_required","manual_review_required","manual_review_required","manual_review_required","review_quality_availability_resolution_and_product_match"
"1378","8108280589","/catalog/product/bachok-stekloochistitelya-baw-bj-212-1378/","false","missing","confirmed_by_owner","company_avito_account","true","manual_review_required","manual_review_required","manual_review_required","manual_review_required","manual_review_required","review_quality_availability_resolution_and_product_match"
"1379","8044298488","/catalog/product/interkuler-volkswagen-talagon-1379/","true","avito_external","confirmed_by_owner","company_avito_account","true","manual_review_required","manual_review_required","manual_review_required","manual_review_required","manual_review_required","review_quality_availability_resolution_and_product_match"
"1380","8044748075","/catalog/product/ventilyator-radiatora-volkswagen-talagon-1380/","true","avito_external","confirmed_by_owner","company_avito_account","true","manual_review_required","manual_review_required","manual_review_required","manual_review_required","manual_review_required","review_quality_availability_resolution_and_product_match"
"1381","7500329962","/catalog/product/radiator-sistemy-ohlazhdeniya-dvs-mercedes-benz-g-cl-1381/","false","missing","confirmed_by_owner","company_avito_account","true","manual_review_required","manual_review_required","manual_review_required","manual_review_required","manual_review_required","review_quality_availability_resolution_and_product_match"
"1382","7884605986","/catalog/product/radiator-interkulera-livan-x6-pro-1382/","true","avito_external","confirmed_by_owner","company_avito_account","true","manual_review_required","manual_review_required","manual_review_required","manual_review_required","manual_review_required","review_quality_availability_resolution_and_product_match"
"1383","8076737479","/catalog/product/diffuzor-radiatora-kia-seltos-1383/","true","avito_external","confirmed_by_owner","company_avito_account","true","manual_review_required","manual_review_required","manual_review_required","manual_review_required","manual_review_required","review_quality_availability_resolution_and_product_match"
"1384","3981565059","/catalog/product/radiator-ohlazhdeniya-dvigatelya-geely-monjaro-origi-1384/","true","avito_external","confirmed_by_owner","company_avito_account","true","manual_review_required","manual_review_required","manual_review_required","manual_review_required","manual_review_required","review_quality_availability_resolution_and_product_match"
"1385","8076648284","/catalog/product/ventilyator-radiatora-kia-sportage-china-v-1385/","true","avito_external","confirmed_by_owner","company_avito_account","true","manual_review_required","manual_review_required","manual_review_required","manual_review_required","manual_review_required","review_quality_availability_resolution_and_product_match"
"1386","7532241345","/catalog/product/radiator-konditsionera-haval-jolion-1386/","false","missing","confirmed_by_owner","company_avito_account","true","manual_review_required","manual_review_required","manual_review_required","manual_review_required","manual_review_required","review_quality_availability_resolution_and_product_match"
"1387","8076718181","/catalog/product/radiator-dvigatelya-exeed-exlantix-es-e3-1387/","true","avito_external","confirmed_by_owner","company_avito_account","true","manual_review_required","manual_review_required","manual_review_required","manual_review_required","manual_review_required","review_quality_availability_resolution_and_product_match"
"1388","7948502610","/catalog/product/radiator-dvigatelya-baic-x7-1388/","true","avito_external","confirmed_by_owner","company_avito_account","true","manual_review_required","manual_review_required","manual_review_required","manual_review_required","manual_review_required","review_quality_availability_resolution_and_product_match"
"1389","7532434577","/catalog/product/teploobmennik-akpp-haval-jolion-1389/","false","missing","confirmed_by_owner","company_avito_account","true","manual_review_required","manual_review_required","manual_review_required","manual_review_required","manual_review_required","review_quality_availability_resolution_and_product_match"
"1390","8076636818","/catalog/product/ventilyator-radiatora-haval-xiaolong-hi4-1390/","true","avito_external","confirmed_by_owner","company_avito_account","true","manual_review_required","manual_review_required","manual_review_required","manual_review_required","manual_review_required","review_quality_availability_resolution_and_product_match"
"1391","7500487980","/catalog/product/shlang-sistemy-ohlazhdeniya-mercedes-benz-g-class-1391/","false","missing","confirmed_by_owner","company_avito_account","true","manual_review_required","manual_review_required","manual_review_required","manual_review_required","manual_review_required","review_quality_availability_resolution_and_product_match"
"1392","8108679588","/catalog/product/radiator-dvigatelya-toyota-rav4-v-1392/","true","avito_external","confirmed_by_owner","company_avito_account","true","manual_review_required","manual_review_required","manual_review_required","manual_review_required","manual_review_required","review_quality_availability_resolution_and_product_match"
"1393","8107907720","/catalog/product/radiator-konditsionera-volkswagen-tavendor-1393/","true","avito_external","confirmed_by_owner","company_avito_account","true","manual_review_required","manual_review_required","manual_review_required","manual_review_required","manual_review_required","review_quality_availability_resolution_and_product_match"
"1394","8044190426","/catalog/product/radiator-konditsionera-volkswagen-talagon-1394/","true","avito_external","confirmed_by_owner","company_avito_account","true","manual_review_required","manual_review_required","manual_review_required","manual_review_required","manual_review_required","review_quality_availability_resolution_and_product_match"
"1395","7979948738","/catalog/product/radiator-konditsionera-hongqi-hs5-1395/","true","avito_external","confirmed_by_owner","company_avito_account","true","manual_review_required","manual_review_required","manual_review_required","manual_review_required","manual_review_required","review_quality_availability_resolution_and_product_match"
"1396","7788028770","/catalog/product/radiator-dvigatelya-toyota-camry-xv-80-1396/","true","avito_external","confirmed_by_owner","company_avito_account","true","manual_review_required","manual_review_required","manual_review_required","manual_review_required","manual_review_required","review_quality_availability_resolution_and_product_match"
"1397","7948862837","/catalog/product/interkuller-volkswagen-tayron-1397/","true","avito_external","confirmed_by_owner","company_avito_account","true","manual_review_required","manual_review_required","manual_review_required","manual_review_required","manual_review_required","review_quality_availability_resolution_and_product_match"
"1398","8044767705","/catalog/product/radiator-dvigatelya-volkswagen-talagon-1398/","true","avito_external","confirmed_by_owner","company_avito_account","true","manual_review_required","manual_review_required","manual_review_required","manual_review_required","manual_review_required","review_quality_availability_resolution_and_product_match"
"1399","7788733671","/catalog/product/bachok-omyvayuschei-zhidkosti-toyota-camry-xv-80-1399/","false","missing","confirmed_by_owner","company_avito_account","true","manual_review_required","manual_review_required","manual_review_required","manual_review_required","manual_review_required","review_quality_availability_resolution_and_product_match"
"1400","7500623279","/catalog/product/shlang-sistemy-ohlazhdeniya-mercedes-benz-g-class-1400/","false","missing","confirmed_by_owner","company_avito_account","true","manual_review_required","manual_review_required","manual_review_required","manual_review_required","manual_review_required","review_quality_availability_resolution_and_product_match"
"1401","8108251397","/catalog/product/radiator-konditsionera-geely-galaxy-starship-7-1401/","true","avito_external","confirmed_by_owner","company_avito_account","true","manual_review_required","manual_review_required","manual_review_required","manual_review_required","manual_review_required","review_quality_availability_resolution_and_product_match"
"1402","8108309778","/catalog/product/radiator-konditsionera-baw-bj-212-1402/","false","missing","confirmed_by_owner","company_avito_account","true","manual_review_required","manual_review_required","manual_review_required","manual_review_required","manual_review_required","review_quality_availability_resolution_and_product_match"
"1403","7948370220","/catalog/product/radiator-dvigatelya-baic-u5-plus-1403/","true","avito_external","confirmed_by_owner","company_avito_account","true","manual_review_required","manual_review_required","manual_review_required","manual_review_required","manual_review_required","review_quality_availability_resolution_and_product_match"
"1404","8076102493","/catalog/product/radiator-konditsionera-haval-xiaolong-hi4-1404/","true","avito_external","confirmed_by_owner","company_avito_account","true","manual_review_required","manual_review_required","manual_review_required","manual_review_required","manual_review_required","review_quality_availability_resolution_and_product_match"
"1405","7948188269","/catalog/product/ventilyator-radiatora-dvigatelya-baic-u5-plus-1405/","true","avito_external","confirmed_by_owner","company_avito_account","true","manual_review_required","manual_review_required","manual_review_required","manual_review_required","manual_review_required","review_quality_availability_resolution_and_product_match"
"1406","8044138428","/catalog/product/ventilyator-radiatora-voyah-dream-1406/","true","avito_external","confirmed_by_owner","company_avito_account","true","manual_review_required","manual_review_required","manual_review_required","manual_review_required","manual_review_required","review_quality_availability_resolution_and_product_match"
"1407","7884224602","/catalog/product/radiator-konditsionera-livan-x6-pro-1407/","true","avito_external","confirmed_by_owner","company_avito_account","true","manual_review_required","manual_review_required","manual_review_required","manual_review_required","manual_review_required","review_quality_availability_resolution_and_product_match"
"1408","7980371414","/catalog/product/interkuler-hongqi-hs5-1408/","true","avito_external","confirmed_by_owner","company_avito_account","true","manual_review_required","manual_review_required","manual_review_required","manual_review_required","manual_review_required","review_quality_availability_resolution_and_product_match"
"1409","8108780995","/catalog/product/radiator-dvigatelya-kia-seltos-1409/","true","avito_external","confirmed_by_owner","company_avito_account","true","manual_review_required","manual_review_required","manual_review_required","manual_review_required","manual_review_required","review_quality_availability_resolution_and_product_match"
"1410","8107944966","/catalog/product/ventilyator-radiatora-volkswagen-tavendor-1410/","true","avito_external","confirmed_by_owner","company_avito_account","true","manual_review_required","manual_review_required","manual_review_required","manual_review_required","manual_review_required","review_quality_availability_resolution_and_product_match"
"1411","7980360351","/catalog/product/radiator-konditsionera-changan-deepal-s7-1411/","true","avito_external","confirmed_by_owner","company_avito_account","true","manual_review_required","manual_review_required","manual_review_required","manual_review_required","manual_review_required","review_quality_availability_resolution_and_product_match"
"1412","7980428095","/catalog/product/ventilyator-radiatora-changan-deepal-s7-1412/","true","avito_external","confirmed_by_owner","company_avito_account","true","manual_review_required","manual_review_required","manual_review_required","manual_review_required","manual_review_required","review_quality_availability_resolution_and_product_match"
"1413","8108279201","/catalog/product/radiator-privodnogo-motora-geely-galaxy-starship-7-1413/","true","avito_external","confirmed_by_owner","company_avito_account","true","manual_review_required","manual_review_required","manual_review_required","manual_review_required","manual_review_required","review_quality_availability_resolution_and_product_match"
"1414","8076538139","/catalog/product/interkuler-kia-sportage-china-v-1414/","true","avito_external","confirmed_by_owner","company_avito_account","true","manual_review_required","manual_review_required","manual_review_required","manual_review_required","manual_review_required","review_quality_availability_resolution_and_product_match"
"1415","7564528332","/catalog/product/radiator-interkullera-polar-stone-01-1415/","true","avito_external","confirmed_by_owner","company_avito_account","true","manual_review_required","manual_review_required","manual_review_required","manual_review_required","manual_review_required","review_quality_availability_resolution_and_product_match"
"1416","8108455785","/catalog/product/interkuler-volkswagen-tavendor-1416/","true","avito_external","confirmed_by_owner","company_avito_account","true","manual_review_required","manual_review_required","manual_review_required","manual_review_required","manual_review_required","review_quality_availability_resolution_and_product_match"
"1417","7948880400","/catalog/product/ventilyator-radiatora-dvigatelya-baic-x7-1417/","true","avito_external","confirmed_by_owner","company_avito_account","true","manual_review_required","manual_review_required","manual_review_required","manual_review_required","manual_review_required","review_quality_availability_resolution_and_product_match"
"1418","7980413299","/catalog/product/radiator-dvigatelya-wey-07-1418/","true","avito_external","confirmed_by_owner","company_avito_account","true","manual_review_required","manual_review_required","manual_review_required","manual_review_required","manual_review_required","review_quality_availability_resolution_and_product_match"
"1419","8076113014","/catalog/product/bachok-stekloomyvatelya-haval-xiaolong-hi4-1419/","true","avito_external","confirmed_by_owner","company_avito_account","true","manual_review_required","manual_review_required","manual_review_required","manual_review_required","manual_review_required","review_quality_availability_resolution_and_product_match"
"1420","7948107613","/catalog/product/radiator-konditsionera-baic-u5-plus-1420/","true","avito_external","confirmed_by_owner","company_avito_account","true","manual_review_required","manual_review_required","manual_review_required","manual_review_required","manual_review_required","review_quality_availability_resolution_and_product_match"
"1421","7980712738","/catalog/product/ventilyator-radiatora-hongqi-hs5-1421/","true","avito_external","confirmed_by_owner","company_avito_account","true","manual_review_required","manual_review_required","manual_review_required","manual_review_required","manual_review_required","review_quality_availability_resolution_and_product_match"
"1422","8076831393","/catalog/product/interkuler-kia-k5-1422/","true","avito_external","confirmed_by_owner","company_avito_account","true","manual_review_required","manual_review_required","manual_review_required","manual_review_required","manual_review_required","review_quality_availability_resolution_and_product_match"
"1423","7948017278","/catalog/product/radiator-interkulera-toyota-highlander-xu70-1423/","true","avito_external","confirmed_by_owner","company_avito_account","true","manual_review_required","manual_review_required","manual_review_required","manual_review_required","manual_review_required","review_quality_availability_resolution_and_product_match"
"1424","8108594033","/catalog/product/radiator-nizkotemperaturnyi-changan-cs75-plus-1424/","true","avito_external","confirmed_by_owner","company_avito_account","true","manual_review_required","manual_review_required","manual_review_required","manual_review_required","manual_review_required","review_quality_availability_resolution_and_product_match"
"1425","8108171589","/catalog/product/radiator-dvigatelya-volkswagen-tavendor-1425/","true","avito_external","confirmed_by_owner","company_avito_account","true","manual_review_required","manual_review_required","manual_review_required","manual_review_required","manual_review_required","review_quality_availability_resolution_and_product_match"
"1426","8108639207","/catalog/product/ventilyator-radiatora-voyah-passion-1426/","true","avito_external","confirmed_by_owner","company_avito_account","true","manual_review_required","manual_review_required","manual_review_required","manual_review_required","manual_review_required","review_quality_availability_resolution_and_product_match"
"1427","8107965747","/catalog/product/ventilyator-radiatora-kia-seltos-1427/","true","avito_external","confirmed_by_owner","company_avito_account","true","manual_review_required","manual_review_required","manual_review_required","manual_review_required","manual_review_required","review_quality_availability_resolution_and_product_match"
"1428","8107990819","/catalog/product/bachok-stekloomyvatelya-geely-galaxy-starship-7-1428/","false","missing","confirmed_by_owner","company_avito_account","true","manual_review_required","manual_review_required","manual_review_required","manual_review_required","manual_review_required","review_quality_availability_resolution_and_product_match"
"1429","8108482199","/catalog/product/radiator-nizkih-temperatur-voyah-passion-1429/","false","missing","confirmed_by_owner","company_avito_account","true","manual_review_required","manual_review_required","manual_review_required","manual_review_required","manual_review_required","review_quality_availability_resolution_and_product_match"
"1430","7980624068","/catalog/product/radiator-dvigatelya-changan-deepal-s7-1430/","true","avito_external","confirmed_by_owner","company_avito_account","true","manual_review_required","manual_review_required","manual_review_required","manual_review_required","manual_review_required","review_quality_availability_resolution_and_product_match"
"1431","7564323104","/catalog/product/radiator-konditsionera-polar-stone-01-1431/","true","avito_external","confirmed_by_owner","company_avito_account","true","manual_review_required","manual_review_required","manual_review_required","manual_review_required","manual_review_required","review_quality_availability_resolution_and_product_match"
"1432","7596000150","/catalog/product/diffuzor-geely-monjaro-1432/","true","avito_external","confirmed_by_owner","company_avito_account","true","manual_review_required","manual_review_required","manual_review_required","manual_review_required","manual_review_required","review_quality_availability_resolution_and_product_match"
"1433","8108029578","/catalog/product/diffuzor-radiatora-verhnii-kia-sportage-china-v-1433/","true","avito_external","confirmed_by_owner","company_avito_account","true","manual_review_required","manual_review_required","manual_review_required","manual_review_required","manual_review_required","review_quality_availability_resolution_and_product_match"
"1434","8108429905","/catalog/product/diffuzor-radiatora-nizhnii-kia-sportage-china-v-1434/","true","avito_external","confirmed_by_owner","company_avito_account","true","manual_review_required","manual_review_required","manual_review_required","manual_review_required","manual_review_required","review_quality_availability_resolution_and_product_match"
"1435","4493099336","/catalog/product/radiator-konditsionera-haval-jolion-1435/","false","missing","confirmed_by_owner","company_avito_account","true","manual_review_required","manual_review_required","manual_review_required","manual_review_required","manual_review_required","review_quality_availability_resolution_and_product_match"
"1436","8076281747","/catalog/product/radiator-nizkih-temperatur-haval-xiaolong-hi4-1436/","true","avito_external","confirmed_by_owner","company_avito_account","true","manual_review_required","manual_review_required","manual_review_required","manual_review_required","manual_review_required","review_quality_availability_resolution_and_product_match"
"1437","8076752139","/catalog/product/bachok-stekloomyvatelya-nissan-x-trail-t33-1437/","true","avito_external","confirmed_by_owner","company_avito_account","true","manual_review_required","manual_review_required","manual_review_required","manual_review_required","manual_review_required","review_quality_availability_resolution_and_product_match"
"1438","7500256586","/catalog/product/radiator-dopolnitelnyi-mercedes-benz-g-class-1438/","false","missing","confirmed_by_owner","company_avito_account","true","manual_review_required","manual_review_required","manual_review_required","manual_review_required","manual_review_required","review_quality_availability_resolution_and_product_match"
"1439","7532470657","/catalog/product/ventilyator-ohlazhdeniya-v-sbore-s-korpusom-haval-jol-1439/","false","missing","confirmed_by_owner","company_avito_account","true","manual_review_required","manual_review_required","manual_review_required","manual_review_required","manual_review_required","review_quality_availability_resolution_and_product_match"
"1440","8076662541","/catalog/product/kompressor-konditsionera-kia-k5-1440/","true","avito_external","confirmed_by_owner","company_avito_account","true","manual_review_required","manual_review_required","manual_review_required","manual_review_required","manual_review_required","review_quality_availability_resolution_and_product_match"
"1441","7532405536","/catalog/product/gofra-vozduhozabornika-haval-jolion-1441/","false","missing","confirmed_by_owner","company_avito_account","true","manual_review_required","manual_review_required","manual_review_required","manual_review_required","manual_review_required","review_quality_availability_resolution_and_product_match"
"1442","8044040010","/catalog/product/ventilyator-radiatora-geely-galaxy-starship-7-1442/","true","avito_external","confirmed_by_owner","company_avito_account","true","manual_review_required","manual_review_required","manual_review_required","manual_review_required","manual_review_required","review_quality_availability_resolution_and_product_match"
"1443","8076314416","/catalog/product/radiator-dvigatelya-haval-xiaolong-hi4-1443/","true","avito_external","confirmed_by_owner","company_avito_account","true","manual_review_required","manual_review_required","manual_review_required","manual_review_required","manual_review_required","review_quality_availability_resolution_and_product_match"
"1444","7596084089","/catalog/product/interkuler-geely-monjaro-1444/","true","avito_external","confirmed_by_owner","company_avito_account","true","manual_review_required","manual_review_required","manual_review_required","manual_review_required","manual_review_required","review_quality_availability_resolution_and_product_match"
"1445","8108795108","/catalog/product/ventilyator-radiatora-changan-cs75-plus-1445/","true","avito_external","confirmed_by_owner","company_avito_account","true","manual_review_required","manual_review_required","manual_review_required","manual_review_required","manual_review_required","review_quality_availability_resolution_and_product_match"
"1446","7948889669","/catalog/product/radiator-dvigatelya-volkswagen-tayron-1446/","true","avito_external","confirmed_by_owner","company_avito_account","true","manual_review_required","manual_review_required","manual_review_required","manual_review_required","manual_review_required","review_quality_availability_resolution_and_product_match"
"1447","7788350031","/catalog/product/radiator-konditsionera-toyota-camry-xv-80-1447/","true","avito_external","confirmed_by_owner","company_avito_account","true","manual_review_required","manual_review_required","manual_review_required","manual_review_required","manual_review_required","review_quality_availability_resolution_and_product_match"
"1448","7916642451","/catalog/product/radiator-dvigatelya-livan-x3-pro-1448/","true","avito_external","confirmed_by_owner","company_avito_account","true","manual_review_required","manual_review_required","manual_review_required","manual_review_required","manual_review_required","review_quality_availability_resolution_and_product_match"
"1449","8107955013","/catalog/product/bachok-stekloomyvatelya-toyota-rav4-v-1449/","true","avito_external","confirmed_by_owner","company_avito_account","true","manual_review_required","manual_review_required","manual_review_required","manual_review_required","manual_review_required","review_quality_availability_resolution_and_product_match"
"1450","8108171353","/catalog/product/radiator-konditsionera-kia-seltos-1450/","true","avito_external","confirmed_by_owner","company_avito_account","true","manual_review_required","manual_review_required","manual_review_required","manual_review_required","manual_review_required","review_quality_availability_resolution_and_product_match"
"1451","8108331741","/catalog/product/ohladitel-batarei-voyah-passion-1451/","true","avito_external","confirmed_by_owner","company_avito_account","true","manual_review_required","manual_review_required","manual_review_required","manual_review_required","manual_review_required","review_quality_availability_resolution_and_product_match"
"1452","7948377045","/catalog/product/radiator-konditsionera-geely-galaxy-l7-1452/","true","avito_external","confirmed_by_owner","company_avito_account","true","manual_review_required","manual_review_required","manual_review_required","manual_review_required","manual_review_required","review_quality_availability_resolution_and_product_match"
"1453","8044487254","/catalog/product/radiator-vysokih-temperatur-voyah-dream-1453/","true","avito_external","confirmed_by_owner","company_avito_account","true","manual_review_required","manual_review_required","manual_review_required","manual_review_required","manual_review_required","review_quality_availability_resolution_and_product_match"
"1454","7947919155","/catalog/product/radiator-privodnogo-motora-geely-galaxy-l-7-1454/","true","avito_external","confirmed_by_owner","company_avito_account","true","manual_review_required","manual_review_required","manual_review_required","manual_review_required","manual_review_required","review_quality_availability_resolution_and_product_match"
"1455","8044874265","/catalog/product/interkuller-voyah-dream-1455/","true","avito_external","confirmed_by_owner","company_avito_account","true","manual_review_required","manual_review_required","manual_review_required","manual_review_required","manual_review_required","review_quality_availability_resolution_and_product_match"
"1456","8108389843","/catalog/product/radiator-konditsionera-exeed-exlantix-es-e3-1456/","true","avito_external","confirmed_by_owner","company_avito_account","true","manual_review_required","manual_review_required","manual_review_required","manual_review_required","manual_review_required","review_quality_availability_resolution_and_product_match"
"1457","8044246739","/catalog/product/radiator-dvigatelya-byd-seal-06-gt-1457/","true","avito_external","confirmed_by_owner","company_avito_account","true","manual_review_required","manual_review_required","manual_review_required","manual_review_required","manual_review_required","review_quality_availability_resolution_and_product_match"
"1458","8108794040","/catalog/product/kompressor-konditsionera-volkswagen-tavendor-1458/","true","avito_external","confirmed_by_owner","company_avito_account","true","manual_review_required","manual_review_required","manual_review_required","manual_review_required","manual_review_required","review_quality_availability_resolution_and_product_match"
"1459","8044514978","/catalog/product/ohladitel-batarei-voyah-dream-1459/","true","avito_external","confirmed_by_owner","company_avito_account","true","manual_review_required","manual_review_required","manual_review_required","manual_review_required","manual_review_required","review_quality_availability_resolution_and_product_match"
"1460","8108650655","/catalog/product/radiator-konditsionera-aito-m8-1460/","false","missing","confirmed_by_owner","company_avito_account","true","manual_review_required","manual_review_required","manual_review_required","manual_review_required","manual_review_required","review_quality_availability_resolution_and_product_match"
"1461","7532083702","/catalog/product/korpus-vozdushnogo-filtra-haval-jolion-1461/","false","missing","confirmed_by_owner","company_avito_account","true","manual_review_required","manual_review_required","manual_review_required","manual_review_required","manual_review_required","review_quality_availability_resolution_and_product_match"
"1462","8108846144","/catalog/product/ventilyator-radiatora-aito-m8-1462/","false","missing","confirmed_by_owner","company_avito_account","true","manual_review_required","manual_review_required","manual_review_required","manual_review_required","manual_review_required","review_quality_availability_resolution_and_product_match"
"1463","7948189295","/catalog/product/radiator-konditsionera-baic-x7-1463/","true","avito_external","confirmed_by_owner","company_avito_account","true","manual_review_required","manual_review_required","manual_review_required","manual_review_required","manual_review_required","review_quality_availability_resolution_and_product_match"
"1464","8108497628","/catalog/product/radiator-dvigatelya-baw-bj-212-1464/","false","missing","confirmed_by_owner","company_avito_account","true","manual_review_required","manual_review_required","manual_review_required","manual_review_required","manual_review_required","review_quality_availability_resolution_and_product_match"
"1465","8076630042","/catalog/product/radiator-kia-k5-1465/","true","avito_external","confirmed_by_owner","company_avito_account","true","manual_review_required","manual_review_required","manual_review_required","manual_review_required","manual_review_required","review_quality_availability_resolution_and_product_match"
"1466","7948006096","/catalog/product/radiator-konditsionera-toyota-highlander-xu70-1466/","true","avito_external","confirmed_by_owner","company_avito_account","true","manual_review_required","manual_review_required","manual_review_required","manual_review_required","manual_review_required","review_quality_availability_resolution_and_product_match"
"1467","7980003425","/catalog/product/radiator-nizkoi-temperatury-wey-07-1467/","true","avito_external","confirmed_by_owner","company_avito_account","true","manual_review_required","manual_review_required","manual_review_required","manual_review_required","manual_review_required","review_quality_availability_resolution_and_product_match"
"1468","7948804057","/catalog/product/radiator-v-sbore-geely-galaxy-l7-1468/","true","avito_external","confirmed_by_owner","company_avito_account","true","manual_review_required","manual_review_required","manual_review_required","manual_review_required","manual_review_required","review_quality_availability_resolution_and_product_match"
"1469","7980841293","/catalog/product/ventilyator-radiatora-wey-07-1469/","true","avito_external","confirmed_by_owner","company_avito_account","true","manual_review_required","manual_review_required","manual_review_required","manual_review_required","manual_review_required","review_quality_availability_resolution_and_product_match"
"1470","8108159334","/catalog/product/ventilyator-dvigatelya-toyota-rav4-v-1470/","true","avito_external","confirmed_by_owner","company_avito_account","true","manual_review_required","manual_review_required","manual_review_required","manual_review_required","manual_review_required","review_quality_availability_resolution_and_product_match"
"1471","7948739423","/catalog/product/radiator-dvigatelya-toyota-highlander-xu70-1471/","true","avito_external","confirmed_by_owner","company_avito_account","true","manual_review_required","manual_review_required","manual_review_required","manual_review_required","manual_review_required","review_quality_availability_resolution_and_product_match"
"1472","8108195488","/catalog/product/bachok-stekloomyvatelya-volkswagen-tavendor-1472/","true","avito_external","confirmed_by_owner","company_avito_account","true","manual_review_required","manual_review_required","manual_review_required","manual_review_required","manual_review_required","review_quality_availability_resolution_and_product_match"
"1473","8107970195","/catalog/product/kompressor-konditsionera-toyota-rav4-v-1473/","true","avito_external","confirmed_by_owner","company_avito_account","true","manual_review_required","manual_review_required","manual_review_required","manual_review_required","manual_review_required","review_quality_availability_resolution_and_product_match"
"1474","7788277060","/catalog/product/ventilyator-radiatora-dvigatelya-toyota-camry-xv-80-1474/","true","avito_external","confirmed_by_owner","company_avito_account","true","manual_review_required","manual_review_required","manual_review_required","manual_review_required","manual_review_required","review_quality_availability_resolution_and_product_match"
"1475","7564838347","/catalog/product/radiator-ohlazhdeniya-dvs-polar-stone-01-1475/","true","avito_external","confirmed_by_owner","company_avito_account","true","manual_review_required","manual_review_required","manual_review_required","manual_review_required","manual_review_required","review_quality_availability_resolution_and_product_match"
"1476","8044575326","/catalog/product/radiator-konditsionera-voyah-dream-1476/","true","avito_external","confirmed_by_owner","company_avito_account","true","manual_review_required","manual_review_required","manual_review_required","manual_review_required","manual_review_required","review_quality_availability_resolution_and_product_match"
"1477","7948258738","/catalog/product/ventilyator-radiatora-geely-galaxy-l7-1477/","true","avito_external","confirmed_by_owner","company_avito_account","true","manual_review_required","manual_review_required","manual_review_required","manual_review_required","manual_review_required","review_quality_availability_resolution_and_product_match"
"1478","8076789366","/catalog/product/ventilyator-radiatora-kia-k5-1478/","true","avito_external","confirmed_by_owner","company_avito_account","true","manual_review_required","manual_review_required","manual_review_required","manual_review_required","manual_review_required","review_quality_availability_resolution_and_product_match"
"1479","7532350621","/catalog/product/interkuller-haval-jolion-1479/","false","missing","confirmed_by_owner","company_avito_account","true","manual_review_required","manual_review_required","manual_review_required","manual_review_required","manual_review_required","review_quality_availability_resolution_and_product_match"
"1480","7948528979","/catalog/product/radiator-konditsionera-volkswagen-tayron-1480/","true","avito_external","confirmed_by_owner","company_avito_account","true","manual_review_required","manual_review_required","manual_review_required","manual_review_required","manual_review_required","review_quality_availability_resolution_and_product_match"
"1481","7500298766","/catalog/product/derzhatel-radiatora-v-arke-pr-i-mercedes-g-class-1481/","false","missing","confirmed_by_owner","company_avito_account","true","manual_review_required","manual_review_required","manual_review_required","manual_review_required","manual_review_required","review_quality_availability_resolution_and_product_match"
"1483","9044513159","/catalog/product/radiator-konditsionera-changan-oshan-z6-1483/","false","missing","confirmed_by_owner","company_avito_account","true","manual_review_required","manual_review_required","manual_review_required","manual_review_required","manual_review_required","review_quality_availability_resolution_and_product_match"
"1489","4141016425","/catalog/product/kolodki-perednie-voyah-free-rest-original-1489/","true","avito_external","confirmed_by_owner","company_avito_account","true","manual_review_required","manual_review_required","manual_review_required","manual_review_required","manual_review_required","review_quality_availability_resolution_and_product_match"
"1490","7852416978","/catalog/product/kolodki-tormoznye-perednie-byd-leopard-5-1490/","false","missing","confirmed_by_owner","company_avito_account","true","manual_review_required","manual_review_required","manual_review_required","manual_review_required","manual_review_required","review_quality_availability_resolution_and_product_match"
"1491","4333242468","/catalog/product/geely-monjaro-kolodki-salonnyi-maslyanyi-vozdushnyi-1491/","true","avito_external","confirmed_by_owner","company_avito_account","true","manual_review_required","manual_review_required","manual_review_required","manual_review_required","manual_review_required","review_quality_availability_resolution_and_product_match"
"1492","7532488389","/catalog/product/disk-tormoznoi-perednii-geely-x6-pro-1492/","false","missing","confirmed_by_owner","company_avito_account","true","manual_review_required","manual_review_required","manual_review_required","manual_review_required","manual_review_required","review_quality_availability_resolution_and_product_match"
"1493","4141227480","/catalog/product/kolodki-perednie-geely-monjaro-original-1493/","true","avito_external","confirmed_by_owner","company_avito_account","true","manual_review_required","manual_review_required","manual_review_required","manual_review_required","manual_review_required","review_quality_availability_resolution_and_product_match"
"1494","7852077388","/catalog/product/disk-tormoznoi-perednii-byd-fangchengbao-leopard-5-1494/","false","missing","confirmed_by_owner","company_avito_account","true","manual_review_required","manual_review_required","manual_review_required","manual_review_required","manual_review_required","review_quality_availability_resolution_and_product_match"
"1495","8012050341","/catalog/product/kolodki-tormoznye-perednie-byd-leopard-7-1495/","true","avito_external","confirmed_by_owner","company_avito_account","true","manual_review_required","manual_review_required","manual_review_required","manual_review_required","manual_review_required","review_quality_availability_resolution_and_product_match"
"1496","8012728840","/catalog/product/kolodki-tormoznye-zadnie-byd-leopard-7-1496/","true","avito_external","confirmed_by_owner","company_avito_account","true","manual_review_required","manual_review_required","manual_review_required","manual_review_required","manual_review_required","review_quality_availability_resolution_and_product_match"
"1497","7820549995","/catalog/product/disk-tormoznoi-perednii-baojun-rs-5-1497/","false","missing","confirmed_by_owner","company_avito_account","true","manual_review_required","manual_review_required","manual_review_required","manual_review_required","manual_review_required","review_quality_availability_resolution_and_product_match"
"1498","7564229096","/catalog/product/disk-tormoznoi-zadnii-geely-x6-pro-1498/","false","missing","confirmed_by_owner","company_avito_account","true","manual_review_required","manual_review_required","manual_review_required","manual_review_required","manual_review_required","review_quality_availability_resolution_and_product_match"
"1499","4173124947","/catalog/product/diski-tormoznye-zadnie-originalnye-tank-500-1499/","true","avito_external","confirmed_by_owner","company_avito_account","true","manual_review_required","manual_review_required","manual_review_required","manual_review_required","manual_review_required","review_quality_availability_resolution_and_product_match"
"1500","4141086041","/catalog/product/kolodki-perednie-tank-500-original-1500/","true","avito_external","confirmed_by_owner","company_avito_account","true","manual_review_required","manual_review_required","manual_review_required","manual_review_required","manual_review_required","review_quality_availability_resolution_and_product_match"
"1501","7820624259","/catalog/product/disk-tormoznoi-zadnii-baojun-rs-5-1501/","false","missing","confirmed_by_owner","company_avito_account","true","manual_review_required","manual_review_required","manual_review_required","manual_review_required","manual_review_required","review_quality_availability_resolution_and_product_match"
"1502","7532376787","/catalog/product/kolodki-tormoznye-perednie-geely-x6-pro-1502/","false","missing","confirmed_by_owner","company_avito_account","true","manual_review_required","manual_review_required","manual_review_required","manual_review_required","manual_review_required","review_quality_availability_resolution_and_product_match"
"1503","7532601570","/catalog/product/kolodki-tormoznye-zadnie-geely-x6-pro-1503/","false","missing","confirmed_by_owner","company_avito_account","true","manual_review_required","manual_review_required","manual_review_required","manual_review_required","manual_review_required","review_quality_availability_resolution_and_product_match"
"1504","4141384155","/catalog/product/kolodki-perednie-lixiang-l7-original-1504/","true","avito_external","confirmed_by_owner","company_avito_account","true","manual_review_required","manual_review_required","manual_review_required","manual_review_required","manual_review_required","review_quality_availability_resolution_and_product_match"
"1505","8076221816","/catalog/product/motor-perednego-privoda-voyah-passion-1505/","true","avito_external","confirmed_by_owner","company_avito_account","true","manual_review_required","manual_review_required","manual_review_required","manual_review_required","manual_review_required","review_quality_availability_resolution_and_product_match"
"1506","7980854883","/catalog/product/bachok-stekloomyvatelya-hongqi-hs5-1506/","true","avito_external","confirmed_by_owner","company_avito_account","true","manual_review_required","manual_review_required","manual_review_required","manual_review_required","manual_review_required","review_quality_availability_resolution_and_product_match"
"1507","7948204511","/catalog/product/bachok-stekloomyvatelya-baic-u5-plus-1507/","true","avito_external","confirmed_by_owner","company_avito_account","true","manual_review_required","manual_review_required","manual_review_required","manual_review_required","manual_review_required","review_quality_availability_resolution_and_product_match"
"1508","7564515862","/catalog/product/kamera-perednego-bampera-polar-stone-01-1508/","false","missing","confirmed_by_owner","company_avito_account","true","manual_review_required","manual_review_required","manual_review_required","manual_review_required","manual_review_required","review_quality_availability_resolution_and_product_match"
"1509","8076779621","/catalog/product/bachok-stekloomyvatelya-kia-k5-1509/","true","avito_external","confirmed_by_owner","company_avito_account","true","manual_review_required","manual_review_required","manual_review_required","manual_review_required","manual_review_required","review_quality_availability_resolution_and_product_match"
"1510","8107954011","/catalog/product/panel-priborov-kia-seltos-1510/","true","avito_external","confirmed_by_owner","company_avito_account","true","manual_review_required","manual_review_required","manual_review_required","manual_review_required","manual_review_required","review_quality_availability_resolution_and_product_match"
"1511","8076835975","/catalog/product/zaryadnoe-ustroistvo-voyah-passion-1511/","true","avito_external","confirmed_by_owner","company_avito_account","true","manual_review_required","manual_review_required","manual_review_required","manual_review_required","manual_review_required","review_quality_availability_resolution_and_product_match"
"1512","7948253679","/catalog/product/bachok-stekloomyvatelya-geely-galaxy-l7-1512/","true","avito_external","confirmed_by_owner","company_avito_account","true","manual_review_required","manual_review_required","manual_review_required","manual_review_required","manual_review_required","review_quality_availability_resolution_and_product_match"
"1513","8044865190","/catalog/product/kontroller-avtomobilya-voyah-dream-1513/","true","avito_external","confirmed_by_owner","company_avito_account","true","manual_review_required","manual_review_required","manual_review_required","manual_review_required","manual_review_required","review_quality_availability_resolution_and_product_match"
"1514","4493354282","/catalog/product/podushka-bezopasnosti-voditelya-haval-jolion-1514/","true","avito_external","confirmed_by_owner","company_avito_account","true","manual_review_required","manual_review_required","manual_review_required","manual_review_required","manual_review_required","review_quality_availability_resolution_and_product_match"
"1515","7916678236","/catalog/product/zvukovoi-signal-nizkii-livan-x3-pro-1515/","true","avito_external","confirmed_by_owner","company_avito_account","true","manual_review_required","manual_review_required","manual_review_required","manual_review_required","manual_review_required","review_quality_availability_resolution_and_product_match"
"1516","7948472407","/catalog/product/bachok-stekloomyvatelya-volkswagen-tayron-1516/","true","avito_external","confirmed_by_owner","company_avito_account","true","manual_review_required","manual_review_required","manual_review_required","manual_review_required","manual_review_required","review_quality_availability_resolution_and_product_match"
"1517","7244269327","/catalog/product/antenna-changan-hanter-plus-1517/","false","missing","confirmed_by_owner","company_avito_account","true","manual_review_required","manual_review_required","manual_review_required","manual_review_required","manual_review_required","review_quality_availability_resolution_and_product_match"
"1518","8044466776","/catalog/product/motor-zadnego-privoda-160kvt-voyah-dream-1518/","true","avito_external","confirmed_by_owner","company_avito_account","true","manual_review_required","manual_review_required","manual_review_required","manual_review_required","manual_review_required","review_quality_availability_resolution_and_product_match"
"1519","7244994173","/catalog/product/datchik-slepyh-zon-zadnii-pravyi-voyah-free-1519/","false","missing","confirmed_by_owner","company_avito_account","true","manual_review_required","manual_review_required","manual_review_required","manual_review_required","manual_review_required","review_quality_availability_resolution_and_product_match"
"1520","8108526726","/catalog/product/akkumulyatornaya-batareya-108-7kvt-ch-voyah-passion-1520/","true","avito_external","confirmed_by_owner","company_avito_account","true","manual_review_required","manual_review_required","manual_review_required","manual_review_required","manual_review_required","review_quality_availability_resolution_and_product_match"
"1521","8076581616","/catalog/product/akkp-nissan-x-trail-t33-1521/","true","avito_external","confirmed_by_owner","company_avito_account","true","manual_review_required","manual_review_required","manual_review_required","manual_review_required","manual_review_required","review_quality_availability_resolution_and_product_match"
"1522","8108231097","/catalog/product/motor-zadnego-privoda-voyah-passion-1522/","true","avito_external","confirmed_by_owner","company_avito_account","true","manual_review_required","manual_review_required","manual_review_required","manual_review_required","manual_review_required","review_quality_availability_resolution_and_product_match"
"1523","7852589769","/catalog/product/blok-upravleniya-airbag-byd-fangchengbao-leopard-5-1523/","false","missing","confirmed_by_owner","company_avito_account","true","manual_review_required","manual_review_required","manual_review_required","manual_review_required","manual_review_required","review_quality_availability_resolution_and_product_match"
"1524","8108700077","/catalog/product/akkumulyatornaya-batareya-82-1kvt-ch-voyah-passion-1524/","true","avito_external","confirmed_by_owner","company_avito_account","true","manual_review_required","manual_review_required","manual_review_required","manual_review_required","manual_review_required","review_quality_availability_resolution_and_product_match"
"1525","8076824709","/catalog/product/panel-priborov-kia-seltos-1525/","true","avito_external","confirmed_by_owner","company_avito_account","true","manual_review_required","manual_review_required","manual_review_required","manual_review_required","manual_review_required","review_quality_availability_resolution_and_product_match"
"1526","7852888671","/catalog/product/podushka-bezopasnosti-voditelya-byd-leopard-5-1526/","false","missing","confirmed_by_owner","company_avito_account","true","manual_review_required","manual_review_required","manual_review_required","manual_review_required","manual_review_required","review_quality_availability_resolution_and_product_match"
"1527","7916870555","/catalog/product/zvukovoi-signal-vysokii-livan-x3-pro-1527/","true","avito_external","confirmed_by_owner","company_avito_account","true","manual_review_required","manual_review_required","manual_review_required","manual_review_required","manual_review_required","review_quality_availability_resolution_and_product_match"
"1528","7596685813","/catalog/product/silovoi-kabel-voyah-h56a9325010aa-1528/","true","avito_external","confirmed_by_owner","company_avito_account","true","manual_review_required","manual_review_required","manual_review_required","manual_review_required","manual_review_required","review_quality_availability_resolution_and_product_match"
"1529","4493410005","/catalog/product/ebu-podushki-bezopasnosti-haval-jolion-1529/","false","missing","confirmed_by_owner","company_avito_account","true","manual_review_required","manual_review_required","manual_review_required","manual_review_required","manual_review_required","review_quality_availability_resolution_and_product_match"
"1530","8108017400","/catalog/product/levyi-zadnii-fonar-exeed-exlantix-es-e3-1530/","true","avito_external","confirmed_by_owner","company_avito_account","true","manual_review_required","manual_review_required","manual_review_required","manual_review_required","manual_review_required","review_quality_availability_resolution_and_product_match"
"1531","7916793779","/catalog/product/panel-priborov-v-sbore-livan-x3-pro-1531/","true","avito_external","confirmed_by_owner","company_avito_account","true","manual_review_required","manual_review_required","manual_review_required","manual_review_required","manual_review_required","review_quality_availability_resolution_and_product_match"
"1532","7852007192","/catalog/product/podushka-bezopasnosti-passazhira-byd-leopard-5-1532/","false","missing","confirmed_by_owner","company_avito_account","true","manual_review_required","manual_review_required","manual_review_required","manual_review_required","manual_review_required","review_quality_availability_resolution_and_product_match"
"1533","7788273658","/catalog/product/blok-upravleniya-airbag-toyota-camry-xv-80-1533/","false","missing","confirmed_by_owner","company_avito_account","true","manual_review_required","manual_review_required","manual_review_required","manual_review_required","manual_review_required","review_quality_availability_resolution_and_product_match"
"1534","7948709885","/catalog/product/bachok-stekloomyvatelya-baic-x7-1534/","true","avito_external","confirmed_by_owner","company_avito_account","true","manual_review_required","manual_review_required","manual_review_required","manual_review_required","manual_review_required","review_quality_availability_resolution_and_product_match"
"1535","7500244509","/catalog/product/elektroprovodka-zhgut-provodov-mercedes-benz-g-cl-1535/","false","missing","confirmed_by_owner","company_avito_account","true","manual_review_required","manual_review_required","manual_review_required","manual_review_required","manual_review_required","review_quality_availability_resolution_and_product_match"
"1536","7948116462","/catalog/product/bachok-stekloomyvatelya-baik-x55-1536/","false","missing","confirmed_by_owner","company_avito_account","true","manual_review_required","manual_review_required","manual_review_required","manual_review_required","manual_review_required","review_quality_availability_resolution_and_product_match"
"1537","8044828654","/catalog/product/zaryadnoe-ustroistvo-voyah-dream-1537/","true","avito_external","confirmed_by_owner","company_avito_account","true","manual_review_required","manual_review_required","manual_review_required","manual_review_required","manual_review_required","review_quality_availability_resolution_and_product_match"
"1538","7820011259","/catalog/product/rulevoi-teleskopicheskii-val-baojun-rs-5-1538/","false","missing","confirmed_by_owner","company_avito_account","true","manual_review_required","manual_review_required","manual_review_required","manual_review_required","manual_review_required","review_quality_availability_resolution_and_product_match"
"1539","7980027961","/catalog/product/rulevaya-reika-byd-leopard-5-1539/","true","avito_external","confirmed_by_owner","company_avito_account","true","manual_review_required","manual_review_required","manual_review_required","manual_review_required","manual_review_required","review_quality_availability_resolution_and_product_match"
"1540","7564111832","/catalog/product/glushitel-v-sbore-geely-monjaro-novyi-original-1540/","false","missing","confirmed_by_owner","company_avito_account","true","manual_review_required","manual_review_required","manual_review_required","manual_review_required","manual_review_required","review_quality_availability_resolution_and_product_match"
"1541","7532458221","/catalog/product/drosselnaya-zaslonka-haval-jolion-1541/","false","missing","confirmed_by_owner","company_avito_account","true","manual_review_required","manual_review_required","manual_review_required","manual_review_required","manual_review_required","review_quality_availability_resolution_and_product_match"
"1542","7500401350","/catalog/product/vypusknoi-kollektor-v-sbore-hongqi-hs5-1542/","true","avito_external","confirmed_by_owner","company_avito_account","true","manual_review_required","manual_review_required","manual_review_required","manual_review_required","manual_review_required","review_quality_availability_resolution_and_product_match"
"1543","8108324872","/catalog/product/tsentralnyi-hodovoi-ogon-exeed-exlantix-es-e3-1543/","true","avito_external","confirmed_by_owner","company_avito_account","true","manual_review_required","manual_review_required","manual_review_required","manual_review_required","manual_review_required","review_quality_availability_resolution_and_product_match"
"1544","8012141559","/catalog/product/steklo-zadnee-byd-fangchengbao-titanium-7-1544/","true","avito_external","confirmed_by_owner","company_avito_account","true","manual_review_required","manual_review_required","manual_review_required","manual_review_required","manual_review_required","review_quality_availability_resolution_and_product_match"
"1545","8108098428","/catalog/product/steklo-lobovoe-baw-bj-212-1545/","true","avito_external","confirmed_by_owner","company_avito_account","true","manual_review_required","manual_review_required","manual_review_required","manual_review_required","manual_review_required","review_quality_availability_resolution_and_product_match"
"1546","8044775513","/catalog/product/lobovoe-steklo-tank-700-1546/","true","avito_external","confirmed_by_owner","company_avito_account","true","manual_review_required","manual_review_required","manual_review_required","manual_review_required","manual_review_required","review_quality_availability_resolution_and_product_match"
"1547","7948246369","/catalog/product/steklo-lobovoe-toyota-highlander-xu70-1547/","true","avito_external","confirmed_by_owner","company_avito_account","true","manual_review_required","manual_review_required","manual_review_required","manual_review_required","manual_review_required","review_quality_availability_resolution_and_product_match"
"1548","8044335794","/catalog/product/steklo-zadnei-levoi-dveri-voyah-taishan-1548/","true","avito_external","confirmed_by_owner","company_avito_account","true","manual_review_required","manual_review_required","manual_review_required","manual_review_required","manual_review_required","review_quality_availability_resolution_and_product_match"
"1549","8044579616","/catalog/product/steklo-zadnee-bagazhnika-byd-yangwang-u8l-1549/","true","avito_external","confirmed_by_owner","company_avito_account","true","manual_review_required","manual_review_required","manual_review_required","manual_review_required","manual_review_required","review_quality_availability_resolution_and_product_match"
"1550","7596200850","/catalog/product/levoe-perednee-steklo-haval-jolion-restailing-1550/","true","avito_external","confirmed_by_owner","company_avito_account","true","manual_review_required","manual_review_required","manual_review_required","manual_review_required","manual_review_required","review_quality_availability_resolution_and_product_match"
"1551","7948277177","/catalog/product/steklo-zadnee-pravoe-baic-x7-1551/","true","avito_external","confirmed_by_owner","company_avito_account","true","manual_review_required","manual_review_required","manual_review_required","manual_review_required","manual_review_required","review_quality_availability_resolution_and_product_match"
"1552","8108794762","/catalog/product/lobovoe-steklo-voyah-passion-1552/","true","avito_external","confirmed_by_owner","company_avito_account","true","manual_review_required","manual_review_required","manual_review_required","manual_review_required","manual_review_required","review_quality_availability_resolution_and_product_match"
"1553","7596529849","/catalog/product/levoe-perednee-steklo-trumpchi-m8-1553/","false","missing","confirmed_by_owner","company_avito_account","true","manual_review_required","manual_review_required","manual_review_required","manual_review_required","manual_review_required","review_quality_availability_resolution_and_product_match"
"1554","7948868532","/catalog/product/bachok-omyvatelya-toyota-highlander-xu70-1554/","true","avito_external","confirmed_by_owner","company_avito_account","true","manual_review_required","manual_review_required","manual_review_required","manual_review_required","manual_review_required","review_quality_availability_resolution_and_product_match"
"1555","7980874656","/catalog/product/steklo-lobovoe-zeekr-9x-1555/","true","avito_external","confirmed_by_owner","company_avito_account","true","manual_review_required","manual_review_required","manual_review_required","manual_review_required","manual_review_required","review_quality_availability_resolution_and_product_match"
"1556","8108828764","/catalog/product/lobovoe-steklo-changan-cs95-1556/","true","avito_external","confirmed_by_owner","company_avito_account","true","manual_review_required","manual_review_required","manual_review_required","manual_review_required","manual_review_required","review_quality_availability_resolution_and_product_match"
"1557","8108191449","/catalog/product/steklo-zadnee-volkswagen-tavendor-1557/","true","avito_external","confirmed_by_owner","company_avito_account","true","manual_review_required","manual_review_required","manual_review_required","manual_review_required","manual_review_required","review_quality_availability_resolution_and_product_match"
"1558","8076151255","/catalog/product/lobovoe-steklo-tank-500-1558/","true","avito_external","confirmed_by_owner","company_avito_account","true","manual_review_required","manual_review_required","manual_review_required","manual_review_required","manual_review_required","review_quality_availability_resolution_and_product_match"
"1559","8044129292","/catalog/product/steklo-maloe-perednei-levoi-dveri-voyah-taishan-1559/","true","avito_external","confirmed_by_owner","company_avito_account","true","manual_review_required","manual_review_required","manual_review_required","manual_review_required","manual_review_required","review_quality_availability_resolution_and_product_match"
"1560","8076059323","/catalog/product/steklo-lobovoe-kia-seltos-1560/","true","avito_external","confirmed_by_owner","company_avito_account","true","manual_review_required","manual_review_required","manual_review_required","manual_review_required","manual_review_required","review_quality_availability_resolution_and_product_match"
"1561","8044691920","/catalog/product/steklo-zadnei-pravoi-dveri-voyah-taishan-1561/","true","avito_external","confirmed_by_owner","company_avito_account","true","manual_review_required","manual_review_required","manual_review_required","manual_review_required","manual_review_required","review_quality_availability_resolution_and_product_match"
"1562","8012513266","/catalog/product/steklo-lobovoe-byd-fangchengbao-titanium-7-1562/","true","avito_external","confirmed_by_owner","company_avito_account","true","manual_review_required","manual_review_required","manual_review_required","manual_review_required","manual_review_required","review_quality_availability_resolution_and_product_match"
"1563","7564952436","/catalog/product/lobovoe-steklo-polar-stone-01-1563/","true","avito_external","confirmed_by_owner","company_avito_account","true","manual_review_required","manual_review_required","manual_review_required","manual_review_required","manual_review_required","review_quality_availability_resolution_and_product_match"
"1564","4300706887","/catalog/product/steklo-bagazhnika-geely-monjaro-orig-s-moldingom-1564/","true","avito_external","confirmed_by_owner","company_avito_account","true","manual_review_required","manual_review_required","manual_review_required","manual_review_required","manual_review_required","review_quality_availability_resolution_and_product_match"
"1565","8108349189","/catalog/product/steklo-lobovoe-exeed-exlantix-es-e3-1565/","true","avito_external","confirmed_by_owner","company_avito_account","true","manual_review_required","manual_review_required","manual_review_required","manual_review_required","manual_review_required","review_quality_availability_resolution_and_product_match"
"1566","7820625900","/catalog/product/steklo-fortochkalevoi-perednei-dveri-byd-leopard-5-1566/","true","avito_external","confirmed_by_owner","company_avito_account","true","manual_review_required","manual_review_required","manual_review_required","manual_review_required","manual_review_required","review_quality_availability_resolution_and_product_match"
"1567","8108576328","/catalog/product/lobovoe-steklo-changan-cs75-plus-1567/","true","avito_external","confirmed_by_owner","company_avito_account","true","manual_review_required","manual_review_required","manual_review_required","manual_review_required","manual_review_required","review_quality_availability_resolution_and_product_match"
"1568","8076781213","/catalog/product/steklo-lobovoe-kia-sportage-china-v-1568/","true","avito_external","confirmed_by_owner","company_avito_account","true","manual_review_required","manual_review_required","manual_review_required","manual_review_required","manual_review_required","review_quality_availability_resolution_and_product_match"
"1569","8044822491","/catalog/product/steklo-zadnei-pravoi-dveri-tank-700-1569/","true","avito_external","confirmed_by_owner","company_avito_account","true","manual_review_required","manual_review_required","manual_review_required","manual_review_required","manual_review_required","review_quality_availability_resolution_and_product_match"
"1570","7468988576","/catalog/product/steklo-lobovoe-lexus-rx-450h-1570/","false","missing","confirmed_by_owner","company_avito_account","true","manual_review_required","manual_review_required","manual_review_required","manual_review_required","manual_review_required","review_quality_availability_resolution_and_product_match"
"1571","8044590675","/catalog/product/lobovoe-steklo-geely-vision-x6pro-1571/","true","avito_external","confirmed_by_owner","company_avito_account","true","manual_review_required","manual_review_required","manual_review_required","manual_review_required","manual_review_required","review_quality_availability_resolution_and_product_match"
"1572","8044232804","/catalog/product/steklo-levoe-zadnee-fortochka-byd-yangwang-u8l-1572/","true","avito_external","confirmed_by_owner","company_avito_account","true","manual_review_required","manual_review_required","manual_review_required","manual_review_required","manual_review_required","review_quality_availability_resolution_and_product_match"
"1573","3981121767","/catalog/product/steklo-kryshki-bagazhnika-geely-monjaro-original-1573/","true","avito_external","confirmed_by_owner","company_avito_account","true","manual_review_required","manual_review_required","manual_review_required","manual_review_required","manual_review_required","review_quality_availability_resolution_and_product_match"
"1574","8044580572","/catalog/product/steklo-maloe-zadnei-levoi-dveri-voyah-taishan-1574/","true","avito_external","confirmed_by_owner","company_avito_account","true","manual_review_required","manual_review_required","manual_review_required","manual_review_required","manual_review_required","review_quality_availability_resolution_and_product_match"
"1575","7948867210","/catalog/product/lobovoe-steklo-baic-bj40-1575/","true","avito_external","confirmed_by_owner","company_avito_account","true","manual_review_required","manual_review_required","manual_review_required","manual_review_required","manual_review_required","review_quality_availability_resolution_and_product_match"
"1576","8076324450","/catalog/product/steklo-perednei-pravoi-dveri-tank-500-1576/","true","avito_external","confirmed_by_owner","company_avito_account","true","manual_review_required","manual_review_required","manual_review_required","manual_review_required","manual_review_required","review_quality_availability_resolution_and_product_match"
"1577","7948534531","/catalog/product/zadnee-steklo-geely-galaxy-l7-1577/","true","avito_external","confirmed_by_owner","company_avito_account","true","manual_review_required","manual_review_required","manual_review_required","manual_review_required","manual_review_required","review_quality_availability_resolution_and_product_match"
"1578","8076058121","/catalog/product/steklo-zadnei-pravoi-dveri-treugolnik-tank-500-1578/","true","avito_external","confirmed_by_owner","company_avito_account","true","manual_review_required","manual_review_required","manual_review_required","manual_review_required","manual_review_required","review_quality_availability_resolution_and_product_match"
"1579","7948849587","/catalog/product/steklo-zadnee-baic-x7-1579/","true","avito_external","confirmed_by_owner","company_avito_account","true","manual_review_required","manual_review_required","manual_review_required","manual_review_required","manual_review_required","review_quality_availability_resolution_and_product_match"
"1580","7948713704","/catalog/product/pravoe-zadnee-bokovoe-steklo-baic-bj40-1580/","true","avito_external","confirmed_by_owner","company_avito_account","true","manual_review_required","manual_review_required","manual_review_required","manual_review_required","manual_review_required","review_quality_availability_resolution_and_product_match"
"1581","7948157584","/catalog/product/steklo-lobovoe-baic-x7-1581/","true","avito_external","confirmed_by_owner","company_avito_account","true","manual_review_required","manual_review_required","manual_review_required","manual_review_required","manual_review_required","review_quality_availability_resolution_and_product_match"
"1582","7948690773","/catalog/product/steklo-lobovoe-baic-u5-plus-1582/","true","avito_external","confirmed_by_owner","company_avito_account","true","manual_review_required","manual_review_required","manual_review_required","manual_review_required","manual_review_required","review_quality_availability_resolution_and_product_match"
"1583","8044512117","/catalog/product/steklo-perednei-levoi-dveri-voyah-taishan-1583/","true","avito_external","confirmed_by_owner","company_avito_account","true","manual_review_required","manual_review_required","manual_review_required","manual_review_required","manual_review_required","review_quality_availability_resolution_and_product_match"
"1584","8044882148","/catalog/product/steklo-zadnei-levoi-dveri-byd-yangwang-u8l-1584/","true","avito_external","confirmed_by_owner","company_avito_account","true","manual_review_required","manual_review_required","manual_review_required","manual_review_required","manual_review_required","review_quality_availability_resolution_and_product_match"
"1585","8044441464","/catalog/product/steklo-zadnee-volkswagen-talagon-1585/","true","avito_external","confirmed_by_owner","company_avito_account","true","manual_review_required","manual_review_required","manual_review_required","manual_review_required","manual_review_required","review_quality_availability_resolution_and_product_match"
"1586","8044498346","/catalog/product/zadnee-steklo-geely-galaxy-starship-7-1586/","true","avito_external","confirmed_by_owner","company_avito_account","true","manual_review_required","manual_review_required","manual_review_required","manual_review_required","manual_review_required","review_quality_availability_resolution_and_product_match"
"1587","8044243986","/catalog/product/steklo-perednei-pravoi-dveri-tank-700-1587/","true","avito_external","confirmed_by_owner","company_avito_account","true","manual_review_required","manual_review_required","manual_review_required","manual_review_required","manual_review_required","review_quality_availability_resolution_and_product_match"
"1588","8076582078","/catalog/product/steklo-perednei-pravoi-dveri-changan-hanter-plus-1588/","true","avito_external","confirmed_by_owner","company_avito_account","true","manual_review_required","manual_review_required","manual_review_required","manual_review_required","manual_review_required","review_quality_availability_resolution_and_product_match"
"1589","8108779527","/catalog/product/pravaya-fara-exeed-exlantix-es-e3-1589/","true","avito_external","confirmed_by_owner","company_avito_account","true","manual_review_required","manual_review_required","manual_review_required","manual_review_required","manual_review_required","review_quality_availability_resolution_and_product_match"
"1590","8076875731","/catalog/product/steklo-perednei-levoi-dveri-changan-hanter-plus-1590/","true","avito_external","confirmed_by_owner","company_avito_account","true","manual_review_required","manual_review_required","manual_review_required","manual_review_required","manual_review_required","review_quality_availability_resolution_and_product_match"
"1591","8044699655","/catalog/product/steklo-zadnee-voyah-taishan-1591/","true","avito_external","confirmed_by_owner","company_avito_account","true","manual_review_required","manual_review_required","manual_review_required","manual_review_required","manual_review_required","review_quality_availability_resolution_and_product_match"
"1592","7436186022","/catalog/product/steklo-kryshki-bagazhnika-baojun-rc-5-1592/","false","missing","confirmed_by_owner","company_avito_account","true","manual_review_required","manual_review_required","manual_review_required","manual_review_required","manual_review_required","review_quality_availability_resolution_and_product_match"
"1593","8044032046","/catalog/product/zadnee-steklo-aito-m8-1593/","true","avito_external","confirmed_by_owner","company_avito_account","true","manual_review_required","manual_review_required","manual_review_required","manual_review_required","manual_review_required","review_quality_availability_resolution_and_product_match"
"1594","7723970765","/catalog/product/steklo-bmw-x5li-art-51375a44964-1594/","false","missing","confirmed_by_owner","company_avito_account","true","manual_review_required","manual_review_required","manual_review_required","manual_review_required","manual_review_required","review_quality_availability_resolution_and_product_match"
"1595","7820210126","/catalog/product/byd-leopard-5-lobovoe-steklo-1595/","true","avito_external","confirmed_by_owner","company_avito_account","true","manual_review_required","manual_review_required","manual_review_required","manual_review_required","manual_review_required","review_quality_availability_resolution_and_product_match"
"1596","8076728647","/catalog/product/steklo-zadnee-kia-k5-1596/","true","avito_external","confirmed_by_owner","company_avito_account","true","manual_review_required","manual_review_required","manual_review_required","manual_review_required","manual_review_required","review_quality_availability_resolution_and_product_match"
"1597","8108030219","/catalog/product/steklo-lobovoe-toyota-rav4-v-1597/","true","avito_external","confirmed_by_owner","company_avito_account","true","manual_review_required","manual_review_required","manual_review_required","manual_review_required","manual_review_required","review_quality_availability_resolution_and_product_match"
"1598","8076277053","/catalog/product/steklo-zadnei-levoi-dveri-treugolnik-tank-500-1598/","true","avito_external","confirmed_by_owner","company_avito_account","true","manual_review_required","manual_review_required","manual_review_required","manual_review_required","manual_review_required","review_quality_availability_resolution_and_product_match"
"1599","8044552641","/catalog/product/lobovoe-steklo-geely-galaxy-starship-7-1599/","true","avito_external","confirmed_by_owner","company_avito_account","true","manual_review_required","manual_review_required","manual_review_required","manual_review_required","manual_review_required","review_quality_availability_resolution_and_product_match"
"1600","4204676993","/catalog/product/steklo-lobovoe-voyah-free-original-1600/","true","avito_external","confirmed_by_owner","company_avito_account","true","manual_review_required","manual_review_required","manual_review_required","manual_review_required","manual_review_required","review_quality_availability_resolution_and_product_match"
"1601","8044164582","/catalog/product/lobovoe-steklo-aito-m8-1601/","true","avito_external","confirmed_by_owner","company_avito_account","true","manual_review_required","manual_review_required","manual_review_required","manual_review_required","manual_review_required","review_quality_availability_resolution_and_product_match"
"1602","7948493079","/catalog/product/lobovoe-steklo-volkswagen-tayron-1602/","true","avito_external","confirmed_by_owner","company_avito_account","true","manual_review_required","manual_review_required","manual_review_required","manual_review_required","manual_review_required","review_quality_availability_resolution_and_product_match"
"1603","8108728035","/catalog/product/steklo-lobovoe-volkswagen-tavendor-1603/","true","avito_external","confirmed_by_owner","company_avito_account","true","manual_review_required","manual_review_required","manual_review_required","manual_review_required","manual_review_required","review_quality_availability_resolution_and_product_match"
"1604","7980800143","/catalog/product/zadnee-steklo-changan-deepal-s7-1604/","true","avito_external","confirmed_by_owner","company_avito_account","true","manual_review_required","manual_review_required","manual_review_required","manual_review_required","manual_review_required","review_quality_availability_resolution_and_product_match"
"1605","4045476070","/catalog/product/lobovoe-steklo-geely-monjaro-podogrev-proektsiya-1605/","true","avito_external","confirmed_by_owner","company_avito_account","true","manual_review_required","manual_review_required","manual_review_required","manual_review_required","manual_review_required","review_quality_availability_resolution_and_product_match"
"1606","7979977708","/catalog/product/steklo-lobovoe-wey-07-1606/","true","avito_external","confirmed_by_owner","company_avito_account","true","manual_review_required","manual_review_required","manual_review_required","manual_review_required","manual_review_required","review_quality_availability_resolution_and_product_match"
"1607","8108577863","/catalog/product/steklo-lobovoe-byd-seal-06-gt-1607/","true","avito_external","confirmed_by_owner","company_avito_account","true","manual_review_required","manual_review_required","manual_review_required","manual_review_required","manual_review_required","review_quality_availability_resolution_and_product_match"
"1608","8044562100","/catalog/product/steklo-pravoe-zadnee-fortochka-byd-yangwang-u8l-1608/","true","avito_external","confirmed_by_owner","company_avito_account","true","manual_review_required","manual_review_required","manual_review_required","manual_review_required","manual_review_required","review_quality_availability_resolution_and_product_match"
"1609","7980034543","/catalog/product/lobovoe-steklo-changan-deepal-s7-1609/","true","avito_external","confirmed_by_owner","company_avito_account","true","manual_review_required","manual_review_required","manual_review_required","manual_review_required","manual_review_required","review_quality_availability_resolution_and_product_match"
"1610","8108412697","/catalog/product/zadnee-steklo-changan-cs75-plus-1610/","true","avito_external","confirmed_by_owner","company_avito_account","true","manual_review_required","manual_review_required","manual_review_required","manual_review_required","manual_review_required","review_quality_availability_resolution_and_product_match"
"1611","8108288518","/catalog/product/steklo-zadnee-byd-seal-06-gt-1611/","true","avito_external","confirmed_by_owner","company_avito_account","true","manual_review_required","manual_review_required","manual_review_required","manual_review_required","manual_review_required","review_quality_availability_resolution_and_product_match"
"1612","7724794585","/catalog/product/steklo-bmw-x5li-art-51359854340-1612/","false","missing","confirmed_by_owner","company_avito_account","true","manual_review_required","manual_review_required","manual_review_required","manual_review_required","manual_review_required","review_quality_availability_resolution_and_product_match"
"1613","4045057765","/catalog/product/steklo-lobovoe-voyah-free-rest-original-1613/","true","avito_external","confirmed_by_owner","company_avito_account","true","manual_review_required","manual_review_required","manual_review_required","manual_review_required","manual_review_required","review_quality_availability_resolution_and_product_match"
"1614","8044463748","/catalog/product/lobovoe-steklo-byd-yangwang-u8l-1614/","true","avito_external","confirmed_by_owner","company_avito_account","true","manual_review_required","manual_review_required","manual_review_required","manual_review_required","manual_review_required","review_quality_availability_resolution_and_product_match"
"1615","8076381329","/catalog/product/steklo-zadnei-levoi-dveri-changan-hanter-plus-1615/","true","avito_external","confirmed_by_owner","company_avito_account","true","manual_review_required","manual_review_required","manual_review_required","manual_review_required","manual_review_required","review_quality_availability_resolution_and_product_match"
"1616","8075903292","/catalog/product/steklo-lobovoe-toyota-corolla-1616/","true","avito_external","confirmed_by_owner","company_avito_account","true","manual_review_required","manual_review_required","manual_review_required","manual_review_required","manual_review_required","review_quality_availability_resolution_and_product_match"
"1617","8076569481","/catalog/product/zadnee-steklo-nissan-x-trail-t33-1617/","true","avito_external","confirmed_by_owner","company_avito_account","true","manual_review_required","manual_review_required","manual_review_required","manual_review_required","manual_review_required","review_quality_availability_resolution_and_product_match"
"1618","7948065426","/catalog/product/zadnee-steklo-volkswagen-tayron-1618/","true","avito_external","confirmed_by_owner","company_avito_account","true","manual_review_required","manual_review_required","manual_review_required","manual_review_required","manual_review_required","review_quality_availability_resolution_and_product_match"
"1619","8044605216","/catalog/product/steklo-zadnee-tank-700-1619/","true","avito_external","confirmed_by_owner","company_avito_account","true","manual_review_required","manual_review_required","manual_review_required","manual_review_required","manual_review_required","review_quality_availability_resolution_and_product_match"
"1620","7948377674","/catalog/product/steklo-zadnee-baic-u5-plus-1620/","true","avito_external","confirmed_by_owner","company_avito_account","true","manual_review_required","manual_review_required","manual_review_required","manual_review_required","manual_review_required","review_quality_availability_resolution_and_product_match"
"1621","4044862229","/catalog/product/steklo-zadnee-voyah-free-original-1621/","true","avito_external","confirmed_by_owner","company_avito_account","true","manual_review_required","manual_review_required","manual_review_required","manual_review_required","manual_review_required","review_quality_availability_resolution_and_product_match"
"1622","8076552817","/catalog/product/steklo-zadnei-pravoi-dveri-tank-500-1622/","true","avito_external","confirmed_by_owner","company_avito_account","true","manual_review_required","manual_review_required","manual_review_required","manual_review_required","manual_review_required","review_quality_availability_resolution_and_product_match"
"1623","8076790428","/catalog/product/steklo-zadnee-tank-500-1623/","true","avito_external","confirmed_by_owner","company_avito_account","true","manual_review_required","manual_review_required","manual_review_required","manual_review_required","manual_review_required","review_quality_availability_resolution_and_product_match"
"1624","7980496337","/catalog/product/steklo-lobovoe-byd-tang-l-1624/","true","avito_external","confirmed_by_owner","company_avito_account","true","manual_review_required","manual_review_required","manual_review_required","manual_review_required","manual_review_required","review_quality_availability_resolution_and_product_match"
"1625","8044089223","/catalog/product/steklo-kuzova-zadnee-bokovoe-pravoe-voyah-taishan-1625/","true","avito_external","confirmed_by_owner","company_avito_account","true","manual_review_required","manual_review_required","manual_review_required","manual_review_required","manual_review_required","review_quality_availability_resolution_and_product_match"
"1626","8044486108","/catalog/product/steklo-perednei-levoi-dveri-tank-700-1626/","true","avito_external","confirmed_by_owner","company_avito_account","true","manual_review_required","manual_review_required","manual_review_required","manual_review_required","manual_review_required","review_quality_availability_resolution_and_product_match"
"1627","7948331026","/catalog/product/levoe-zadnee-bokovoe-steklo-baic-bj40-1627/","true","avito_external","confirmed_by_owner","company_avito_account","true","manual_review_required","manual_review_required","manual_review_required","manual_review_required","manual_review_required","review_quality_availability_resolution_and_product_match"
"1628","8044698121","/catalog/product/bachok-omyvatelya-volkswagen-talagon-1628/","true","avito_external","confirmed_by_owner","company_avito_account","true","manual_review_required","manual_review_required","manual_review_required","manual_review_required","manual_review_required","review_quality_availability_resolution_and_product_match"
"1629","8076745512","/catalog/product/steklo-zadnee-kia-seltos-1629/","true","avito_external","confirmed_by_owner","company_avito_account","true","manual_review_required","manual_review_required","manual_review_required","manual_review_required","manual_review_required","review_quality_availability_resolution_and_product_match"
"1630","8108198631","/catalog/product/zadnee-steklo-voyah-passion-1630/","true","avito_external","confirmed_by_owner","company_avito_account","true","manual_review_required","manual_review_required","manual_review_required","manual_review_required","manual_review_required","review_quality_availability_resolution_and_product_match"
"1631","8044754111","/catalog/product/steklo-lobovoe-volkswagen-talagon-1631/","true","avito_external","confirmed_by_owner","company_avito_account","true","manual_review_required","manual_review_required","manual_review_required","manual_review_required","manual_review_required","review_quality_availability_resolution_and_product_match"
"1632","7948661296","/catalog/product/steklo-zadnee-kia-k3-1632/","true","avito_external","confirmed_by_owner","company_avito_account","true","manual_review_required","manual_review_required","manual_review_required","manual_review_required","manual_review_required","review_quality_availability_resolution_and_product_match"
"1633","8075899249","/catalog/product/zadnee-bokovoe-steklo-kuzova-pravoe-tank-500-1633/","true","avito_external","confirmed_by_owner","company_avito_account","true","manual_review_required","manual_review_required","manual_review_required","manual_review_required","manual_review_required","review_quality_availability_resolution_and_product_match"
"1634","8043990476","/catalog/product/lobovoe-steklo-voyah-taishan-1634/","true","avito_external","confirmed_by_owner","company_avito_account","true","manual_review_required","manual_review_required","manual_review_required","manual_review_required","manual_review_required","review_quality_availability_resolution_and_product_match"
"1635","8044391992","/catalog/product/steklo-kuzova-zadnee-levoe-voyah-taishan-1635/","true","avito_external","confirmed_by_owner","company_avito_account","true","manual_review_required","manual_review_required","manual_review_required","manual_review_required","manual_review_required","review_quality_availability_resolution_and_product_match"
"1636","7948618829","/catalog/product/steklo-lobovoe-kia-k3-1636/","true","avito_external","confirmed_by_owner","company_avito_account","true","manual_review_required","manual_review_required","manual_review_required","manual_review_required","manual_review_required","review_quality_availability_resolution_and_product_match"
"1637","4204734559","/catalog/product/steklo-zadnee-voyah-free-original-1637/","true","avito_external","confirmed_by_owner","company_avito_account","true","manual_review_required","manual_review_required","manual_review_required","manual_review_required","manual_review_required","review_quality_availability_resolution_and_product_match"
"1638","7916771855","/catalog/product/lobovoe-steklo-toyota-venza-1638/","true","avito_external","confirmed_by_owner","company_avito_account","true","manual_review_required","manual_review_required","manual_review_required","manual_review_required","manual_review_required","review_quality_availability_resolution_and_product_match"
"1639","8076361295","/catalog/product/steklo-perednei-levoi-dveri-tank-500-1639/","true","avito_external","confirmed_by_owner","company_avito_account","true","manual_review_required","manual_review_required","manual_review_required","manual_review_required","manual_review_required","review_quality_availability_resolution_and_product_match"
"1640","8076474480","/catalog/product/steklo-zadnei-levoi-dveri-tank-500-1640/","true","avito_external","confirmed_by_owner","company_avito_account","true","manual_review_required","manual_review_required","manual_review_required","manual_review_required","manual_review_required","review_quality_availability_resolution_and_product_match"
"1641","8076016346","/catalog/product/zadnee-bokovoe-steklo-kuzova-levoe-tank-500-1641/","true","avito_external","confirmed_by_owner","company_avito_account","true","manual_review_required","manual_review_required","manual_review_required","manual_review_required","manual_review_required","review_quality_availability_resolution_and_product_match"
"1642","7724183100","/catalog/product/steklo-bmw-x5li-art-51359854428-1642/","false","missing","confirmed_by_owner","company_avito_account","true","manual_review_required","manual_review_required","manual_review_required","manual_review_required","manual_review_required","review_quality_availability_resolution_and_product_match"
"1643","8076788606","/catalog/product/lobovoe-steklo-nissan-x-trail-t33-1643/","true","avito_external","confirmed_by_owner","company_avito_account","true","manual_review_required","manual_review_required","manual_review_required","manual_review_required","manual_review_required","review_quality_availability_resolution_and_product_match"
"1644","8076682525","/catalog/product/steklo-zadnee-toyota-corolla-1644/","true","avito_external","confirmed_by_owner","company_avito_account","true","manual_review_required","manual_review_required","manual_review_required","manual_review_required","manual_review_required","review_quality_availability_resolution_and_product_match"
"1645","4109442156","/catalog/product/steklo-zadnee-lixiang-l7-original-1645/","true","avito_external","confirmed_by_owner","company_avito_account","true","manual_review_required","manual_review_required","manual_review_required","manual_review_required","manual_review_required","review_quality_availability_resolution_and_product_match"
"1646","3981255144","/catalog/product/steklo-lobovoe-geely-monjaro-s-proektsiei-original-1646/","true","avito_external","confirmed_by_owner","company_avito_account","true","manual_review_required","manual_review_required","manual_review_required","manual_review_required","manual_review_required","review_quality_availability_resolution_and_product_match"
"1647","8108752081","/catalog/product/zadnee-steklo-toyota-rav4-v-1647/","true","avito_external","confirmed_by_owner","company_avito_account","true","manual_review_required","manual_review_required","manual_review_required","manual_review_required","manual_review_required","review_quality_availability_resolution_and_product_match"
"1648","4205226891","/catalog/product/steklo-lobovoe-changan-uni-k-original-1648/","true","avito_external","confirmed_by_owner","company_avito_account","true","manual_review_required","manual_review_required","manual_review_required","manual_review_required","manual_review_required","review_quality_availability_resolution_and_product_match"
"1649","7820028726","/catalog/product/levoe-perednee-dvernoe-steklo-byd-leopard-5-1649/","true","avito_external","confirmed_by_owner","company_avito_account","true","manual_review_required","manual_review_required","manual_review_required","manual_review_required","manual_review_required","review_quality_availability_resolution_and_product_match"
"1650","8044256360","/catalog/product/steklo-perednei-pravoi-dveri-byd-yangwang-u8l-1650/","true","avito_external","confirmed_by_owner","company_avito_account","true","manual_review_required","manual_review_required","manual_review_required","manual_review_required","manual_review_required","review_quality_availability_resolution_and_product_match"
"1651","7980659055","/catalog/product/steklo-lobovoe-wey-80-1651/","true","avito_external","confirmed_by_owner","company_avito_account","true","manual_review_required","manual_review_required","manual_review_required","manual_review_required","manual_review_required","review_quality_availability_resolution_and_product_match"
"1652","7372683639","/catalog/product/lobovoe-steklo-geely-monjaro-restailing-1652/","true","avito_external","confirmed_by_owner","company_avito_account","true","manual_review_required","manual_review_required","manual_review_required","manual_review_required","manual_review_required","review_quality_availability_resolution_and_product_match"
"1653","7980661238","/catalog/product/steklo-zadnee-wey-80-1653/","true","avito_external","confirmed_by_owner","company_avito_account","true","manual_review_required","manual_review_required","manual_review_required","manual_review_required","manual_review_required","review_quality_availability_resolution_and_product_match"
"1654","8044415838","/catalog/product/steklo-panoramnoi-kryshi-aito-m8-1654/","true","avito_external","confirmed_by_owner","company_avito_account","true","manual_review_required","manual_review_required","manual_review_required","manual_review_required","manual_review_required","review_quality_availability_resolution_and_product_match"
"1655","7980647032","/catalog/product/steklo-zadnee-xiaomi-su7-1655/","true","avito_external","confirmed_by_owner","company_avito_account","true","manual_review_required","manual_review_required","manual_review_required","manual_review_required","manual_review_required","review_quality_availability_resolution_and_product_match"
"1656","8012286212","/catalog/product/steklo-zadnee-geely-galaxy-m9-1656/","true","avito_external","confirmed_by_owner","company_avito_account","true","manual_review_required","manual_review_required","manual_review_required","manual_review_required","manual_review_required","review_quality_availability_resolution_and_product_match"
"1657","8076159395","/catalog/product/steklo-zadnee-kia-sportage-china-v-1657/","true","avito_external","confirmed_by_owner","company_avito_account","true","manual_review_required","manual_review_required","manual_review_required","manual_review_required","manual_review_required","review_quality_availability_resolution_and_product_match"
"1658","8076802824","/catalog/product/steklo-zadnei-pravoi-dveri-changan-hanter-plus-1658/","true","avito_external","confirmed_by_owner","company_avito_account","true","manual_review_required","manual_review_required","manual_review_required","manual_review_required","manual_review_required","review_quality_availability_resolution_and_product_match"
"1659","4045440751","/catalog/product/steklo-lobovoe-changan-uni-k-original-1659/","true","avito_external","confirmed_by_owner","company_avito_account","true","manual_review_required","manual_review_required","manual_review_required","manual_review_required","manual_review_required","review_quality_availability_resolution_and_product_match"
"1660","8044858649","/catalog/product/steklo-zadnei-pravoi-dveri-byd-yangwang-u8l-1660/","true","avito_external","confirmed_by_owner","company_avito_account","true","manual_review_required","manual_review_required","manual_review_required","manual_review_required","manual_review_required","review_quality_availability_resolution_and_product_match"
"1661","8076164717","/catalog/product/lobovoe-steklo-v-changan-hanter-plus-1661/","true","avito_external","confirmed_by_owner","company_avito_account","true","manual_review_required","manual_review_required","manual_review_required","manual_review_required","manual_review_required","review_quality_availability_resolution_and_product_match"
"1662","8044013115","/catalog/product/steklo-perednei-levoi-dveri-byd-yangwang-u8l-1662/","true","avito_external","confirmed_by_owner","company_avito_account","true","manual_review_required","manual_review_required","manual_review_required","manual_review_required","manual_review_required","review_quality_availability_resolution_and_product_match"
"1663","8108854974","/catalog/product/steklo-zadnee-exeed-exlantix-es-e3-1663/","true","avito_external","confirmed_by_owner","company_avito_account","true","manual_review_required","manual_review_required","manual_review_required","manual_review_required","manual_review_required","review_quality_availability_resolution_and_product_match"
"1664","7948175530","/catalog/product/steklo-zadnee-levoe-baic-x7-1664/","true","avito_external","confirmed_by_owner","company_avito_account","true","manual_review_required","manual_review_required","manual_review_required","manual_review_required","manual_review_required","review_quality_availability_resolution_and_product_match"
"1665","4045232099","/catalog/product/steklo-zadnee-changan-uni-k-original-1665/","true","avito_external","confirmed_by_owner","company_avito_account","true","manual_review_required","manual_review_required","manual_review_required","manual_review_required","manual_review_required","review_quality_availability_resolution_and_product_match"
"1666","8043945539","/catalog/product/steklo-zadnei-levoi-dveri-tank-700-1666/","true","avito_external","confirmed_by_owner","company_avito_account","true","manual_review_required","manual_review_required","manual_review_required","manual_review_required","manual_review_required","review_quality_availability_resolution_and_product_match"
"1667","4333348020","/catalog/product/steklo-dveri-zadnei-pravoi-voyah-free-original-1667/","true","avito_external","confirmed_by_owner","company_avito_account","true","manual_review_required","manual_review_required","manual_review_required","manual_review_required","manual_review_required","review_quality_availability_resolution_and_product_match"
"1668","8044349777","/catalog/product/steklo-maloe-zadnei-pravoi-dveri-voyah-taishan-1668/","true","avito_external","confirmed_by_owner","company_avito_account","true","manual_review_required","manual_review_required","manual_review_required","manual_review_required","manual_review_required","review_quality_availability_resolution_and_product_match"
"1669","8044421413","/catalog/product/steklo-perednei-pravoi-dveri-voyah-taishan-1669/","true","avito_external","confirmed_by_owner","company_avito_account","true","manual_review_required","manual_review_required","manual_review_required","manual_review_required","manual_review_required","review_quality_availability_resolution_and_product_match"
"1670","4204578114","/catalog/product/steklo-zadnee-changan-uni-k-original-1670/","true","avito_external","confirmed_by_owner","company_avito_account","true","manual_review_required","manual_review_required","manual_review_required","manual_review_required","manual_review_required","review_quality_availability_resolution_and_product_match"
"1671","7948093360","/catalog/product/zadnee-steklo-toyota-highlander-xu70-1671/","true","avito_external","confirmed_by_owner","company_avito_account","true","manual_review_required","manual_review_required","manual_review_required","manual_review_required","manual_review_required","review_quality_availability_resolution_and_product_match"
"1672","8108043434","/catalog/product/katafot-zadnego-bampera-levyi-nissan-pathfinder-1672/","true","avito_external","confirmed_by_owner","company_avito_account","true","manual_review_required","manual_review_required","manual_review_required","manual_review_required","manual_review_required","review_quality_availability_resolution_and_product_match"
"1673","8076747802","/catalog/product/lobovoe-steklo-kia-k5-1673/","true","avito_external","confirmed_by_owner","company_avito_account","true","manual_review_required","manual_review_required","manual_review_required","manual_review_required","manual_review_required","review_quality_availability_resolution_and_product_match"
"1674","8044145595","/catalog/product/steklo-maloe-perednei-pravoi-dveri-voyah-taishan-1674/","true","avito_external","confirmed_by_owner","company_avito_account","true","manual_review_required","manual_review_required","manual_review_required","manual_review_required","manual_review_required","review_quality_availability_resolution_and_product_match"
"1675","8075924853","/catalog/product/steklo-zadnee-changan-hanter-plus-1675/","true","avito_external","confirmed_by_owner","company_avito_account","true","manual_review_required","manual_review_required","manual_review_required","manual_review_required","manual_review_required","review_quality_availability_resolution_and_product_match"
"1676","7980377524","/catalog/product/steklo-zadnee-byd-tang-l-1676/","true","avito_external","confirmed_by_owner","company_avito_account","true","manual_review_required","manual_review_required","manual_review_required","manual_review_required","manual_review_required","review_quality_availability_resolution_and_product_match"
"1677","4109290905","/catalog/product/lobovoe-steklo-lixiang-l7-original-1677/","true","avito_external","confirmed_by_owner","company_avito_account","true","manual_review_required","manual_review_required","manual_review_required","manual_review_required","manual_review_required","review_quality_availability_resolution_and_product_match"
"1678","7980019582","/catalog/product/steklo-zadnee-wey-07-1678/","true","avito_external","confirmed_by_owner","company_avito_account","true","manual_review_required","manual_review_required","manual_review_required","manual_review_required","manual_review_required","review_quality_availability_resolution_and_product_match"
"1679","7948765191","/catalog/product/steklo-zadnee-baic-x35-1679/","true","avito_external","confirmed_by_owner","company_avito_account","true","manual_review_required","manual_review_required","manual_review_required","manual_review_required","manual_review_required","review_quality_availability_resolution_and_product_match"
"1683","7692137660","/catalog/product/akpp-v-sbore-changan-uni-k-1683/","false","missing","confirmed_by_owner","company_avito_account","true","manual_review_required","manual_review_required","manual_review_required","manual_review_required","manual_review_required","review_quality_availability_resolution_and_product_match"
"1684","7596571320","/catalog/product/podshipnik-62-34-rs1-1684/","true","avito_external","confirmed_by_owner","company_avito_account","true","manual_review_required","manual_review_required","manual_review_required","manual_review_required","manual_review_required","review_quality_availability_resolution_and_product_match"
"1685","7852620590","/catalog/product/akpp-v-sbore-changan-uni-k-gibrid-1685/","true","avito_external","confirmed_by_owner","company_avito_account","true","manual_review_required","manual_review_required","manual_review_required","manual_review_required","manual_review_required","review_quality_availability_resolution_and_product_match"
"1686","7500572246","/catalog/product/akpp-changan-alsvin-1686/","true","avito_external","confirmed_by_owner","company_avito_account","true","manual_review_required","manual_review_required","manual_review_required","manual_review_required","manual_review_required","review_quality_availability_resolution_and_product_match"
"1687","7980763124","/catalog/product/mahovik-chery-tiggo-7pro-max-1687/","false","missing","confirmed_by_owner","company_avito_account","true","manual_review_required","manual_review_required","manual_review_required","manual_review_required","manual_review_required","review_quality_availability_resolution_and_product_match"
"1688","7628262693","/catalog/product/akpp-v-sbore-na-chery-tiggo-7-pro-max-novoe-orig-1688/","true","avito_external","confirmed_by_owner","company_avito_account","true","manual_review_required","manual_review_required","manual_review_required","manual_review_required","manual_review_required","review_quality_availability_resolution_and_product_match"
"1689","7980243591","/catalog/product/zadnii-reduktor-zeekr-9x-1689/","false","missing","confirmed_by_owner","company_avito_account","true","manual_review_required","manual_review_required","manual_review_required","manual_review_required","manual_review_required","review_quality_availability_resolution_and_product_match"
"1690","4461360804","/catalog/product/razdatochnaya-korobka-geely-monjaro-novaya-original-1690/","true","avito_external","confirmed_by_owner","company_avito_account","true","manual_review_required","manual_review_required","manual_review_required","manual_review_required","manual_review_required","review_quality_availability_resolution_and_product_match"
"1691","8076067357","/catalog/product/zadnii-reduktor-chevrolet-comaro-v-2009-2013-1691/","true","avito_external","confirmed_by_owner","company_avito_account","true","manual_review_required","manual_review_required","manual_review_required","manual_review_required","manual_review_required","review_quality_availability_resolution_and_product_match"
"1692","7852684918","/catalog/product/akpp-changan-uni-k-gibrid-novaya-original-1692/","true","avito_external","confirmed_by_owner","company_avito_account","true","manual_review_required","manual_review_required","manual_review_required","manual_review_required","manual_review_required","review_quality_availability_resolution_and_product_match"
"1693","8044281175","/catalog/product/akpp-v-sbore-volkswagen-talagon-1693/","true","avito_external","confirmed_by_owner","company_avito_account","true","manual_review_required","manual_review_required","manual_review_required","manual_review_required","manual_review_required","review_quality_availability_resolution_and_product_match"
"1694","7692473690","/catalog/product/akpp-v-sbore-changan-uni-k-1694/","false","missing","confirmed_by_owner","company_avito_account","true","manual_review_required","manual_review_required","manual_review_required","manual_review_required","manual_review_required","review_quality_availability_resolution_and_product_match"
"1695","8044086963","/catalog/product/reduktor-volkswagen-talagon-1695/","true","avito_external","confirmed_by_owner","company_avito_account","true","manual_review_required","manual_review_required","manual_review_required","manual_review_required","manual_review_required","review_quality_availability_resolution_and_product_match"
"1696","7852639515","/catalog/product/privod-perednii-levyi-v-sbore-byd-leopard-5-1696/","false","missing","confirmed_by_owner","company_avito_account","true","manual_review_required","manual_review_required","manual_review_required","manual_review_required","manual_review_required","review_quality_availability_resolution_and_product_match"
"1697","7916008372","/catalog/product/akpp-v-sbore-chery-tiggo-4-1697/","true","avito_external","confirmed_by_owner","company_avito_account","true","manual_review_required","manual_review_required","manual_review_required","manual_review_required","manual_review_required","review_quality_availability_resolution_and_product_match"
"1698","7596312489","/catalog/product/kpp-great-wall-dlya-dvigatelya-gw4d20-1698/","true","avito_external","confirmed_by_owner","company_avito_account","true","manual_review_required","manual_review_required","manual_review_required","manual_review_required","manual_review_required","review_quality_availability_resolution_and_product_match"
"1699","7564483551","/catalog/product/akpp-v-sbore-haval-f7-novaya-original-1699/","false","missing","confirmed_by_owner","company_avito_account","true","manual_review_required","manual_review_required","manual_review_required","manual_review_required","manual_review_required","review_quality_availability_resolution_and_product_match"
"1700","7468440885","/catalog/product/mufta-vpusknogo-raspredvala-changan-uni-k-1700/","true","avito_external","confirmed_by_owner","company_avito_account","true","manual_review_required","manual_review_required","manual_review_required","manual_review_required","manual_review_required","review_quality_availability_resolution_and_product_match"
"1701","7820824215","/catalog/product/dvigatel-kr15-ddt-e-power-gibrid-1701/","true","avito_external","confirmed_by_owner","company_avito_account","true","manual_review_required","manual_review_required","manual_review_required","manual_review_required","manual_review_required","review_quality_availability_resolution_and_product_match"
"1702","7468249621","/catalog/product/klapan-mufty-raspredvala-vpusk-changan-uni-k-1702/","true","avito_external","confirmed_by_owner","company_avito_account","true","manual_review_required","manual_review_required","manual_review_required","manual_review_required","manual_review_required","review_quality_availability_resolution_and_product_match"
"1703","7692877743","/catalog/product/novyi-dvigatel-v-sbore-kr15-ddt-1703/","true","avito_external","confirmed_by_owner","company_avito_account","true","manual_review_required","manual_review_required","manual_review_required","manual_review_required","manual_review_required","review_quality_availability_resolution_and_product_match"
"1704","7851996632","/catalog/product/dvigatel-original-kr15-ddt-e-power-gibrid-1704/","true","avito_external","confirmed_by_owner","company_avito_account","true","manual_review_required","manual_review_required","manual_review_required","manual_review_required","manual_review_required","review_quality_availability_resolution_and_product_match"
"1705","4333290547","/catalog/product/lixiang-l7-kolodki-filtr-salona-maslyanyi-vozduh-1705/","true","avito_external","confirmed_by_owner","company_avito_account","true","manual_review_required","manual_review_required","manual_review_required","manual_review_required","manual_review_required","review_quality_availability_resolution_and_product_match"
"1706","7468678491","/catalog/product/mufta-vypusknogo-raspredvala-changan-uni-k-1706/","true","avito_external","confirmed_by_owner","company_avito_account","true","manual_review_required","manual_review_required","manual_review_required","manual_review_required","manual_review_required","review_quality_availability_resolution_and_product_match"
"1707","7596374911","/catalog/product/dvigatel-v-sbore-kr15-ddt-original-1707/","true","avito_external","confirmed_by_owner","company_avito_account","true","manual_review_required","manual_review_required","manual_review_required","manual_review_required","manual_review_required","review_quality_availability_resolution_and_product_match"
"1708","7724190294","/catalog/product/dvigatel-v-sbore-geely-coolray-jlh3g15td-1708/","true","avito_external","confirmed_by_owner","company_avito_account","true","manual_review_required","manual_review_required","manual_review_required","manual_review_required","manual_review_required","review_quality_availability_resolution_and_product_match"
"1709","7724323849","/catalog/product/dvigatel-v-sbore-geely-coolray-jlh3g15td-1709/","true","avito_external","confirmed_by_owner","company_avito_account","true","manual_review_required","manual_review_required","manual_review_required","manual_review_required","manual_review_required","review_quality_availability_resolution_and_product_match"
"1710","7916393580","/catalog/product/vakuumnyi-nasos-livan-x3-pro-1710/","true","avito_external","confirmed_by_owner","company_avito_account","true","manual_review_required","manual_review_required","manual_review_required","manual_review_required","manual_review_required","review_quality_availability_resolution_and_product_match"
"1711","7500027690","/catalog/product/truboprovod-turbokompressora-hongqi-hs5-1711/","true","avito_external","confirmed_by_owner","company_avito_account","true","manual_review_required","manual_review_required","manual_review_required","manual_review_required","manual_review_required","review_quality_availability_resolution_and_product_match"
"1712","7628346569","/catalog/product/dvigatel-v-sbore-1kd-1712/","true","avito_external","confirmed_by_owner","company_avito_account","true","manual_review_required","manual_review_required","manual_review_required","manual_review_required","manual_review_required","review_quality_availability_resolution_and_product_match"
"1713","7532077193","/catalog/product/vpusknoi-kollektor-haval-jolion-1713/","false","missing","confirmed_by_owner","company_avito_account","true","manual_review_required","manual_review_required","manual_review_required","manual_review_required","manual_review_required","review_quality_availability_resolution_and_product_match"
"1714","4332627411","/catalog/product/voyah-free-kolodki-filtr-salonnyi-maslyanyi-vo-1714/","true","avito_external","confirmed_by_owner","company_avito_account","true","manual_review_required","manual_review_required","manual_review_required","manual_review_required","manual_review_required","review_quality_availability_resolution_and_product_match"
"1715","7468987696","/catalog/product/dvigatel-novyi-original-changan-uni-k-1715/","true","avito_external","confirmed_by_owner","company_avito_account","true","manual_review_required","manual_review_required","manual_review_required","manual_review_required","manual_review_required","review_quality_availability_resolution_and_product_match"
"1716","8108719599","/catalog/product/dvigatel-changan-cs75-plus-1716/","true","avito_external","confirmed_by_owner","company_avito_account","true","manual_review_required","manual_review_required","manual_review_required","manual_review_required","manual_review_required","review_quality_availability_resolution_and_product_match"
"1717","7980810583","/catalog/product/dvigatel-v-sbore-changan-deepal-s7-1717/","false","missing","confirmed_by_owner","company_avito_account","true","manual_review_required","manual_review_required","manual_review_required","manual_review_required","manual_review_required","review_quality_availability_resolution_and_product_match"
"1718","7468054597","/catalog/product/dvigatel-v-sbore-changan-uni-k-novyi-1718/","true","avito_external","confirmed_by_owner","company_avito_account","true","manual_review_required","manual_review_required","manual_review_required","manual_review_required","manual_review_required","review_quality_availability_resolution_and_product_match"
"1719","7468023112","/catalog/product/klapan-raspredvala-vypusk-changan-uni-k-1719/","true","avito_external","confirmed_by_owner","company_avito_account","true","manual_review_required","manual_review_required","manual_review_required","manual_review_required","manual_review_required","review_quality_availability_resolution_and_product_match"
"1720","4333268873","/catalog/product/changan-uni-k-kolodki-filtr-salonnyi-maslyanyi-1720/","true","avito_external","confirmed_by_owner","company_avito_account","true","manual_review_required","manual_review_required","manual_review_required","manual_review_required","manual_review_required","review_quality_availability_resolution_and_product_match"
"1721","7596778344","/catalog/product/dvigatel-v-sbore-g4ke-original-1721/","true","avito_external","confirmed_by_owner","company_avito_account","true","manual_review_required","manual_review_required","manual_review_required","manual_review_required","manual_review_required","review_quality_availability_resolution_and_product_match"
"1722","4364844018","/catalog/product/komplekt-koles-na-baggi-kvadrotsikl-1722/","true","avito_external","confirmed_by_owner","company_avito_account","true","manual_review_required","manual_review_required","manual_review_required","manual_review_required","manual_review_required","review_quality_availability_resolution_and_product_match"
"1723","7916301756","/catalog/product/perednyaya-levaya-stupitsa-livan-x3-pro-1723/","false","missing","confirmed_by_owner","company_avito_account","true","manual_review_required","manual_review_required","manual_review_required","manual_review_required","manual_review_required","review_quality_availability_resolution_and_product_match"
"1724","7788239479","/catalog/product/levyi-udlinitel-podramnika-toyota-camry-xv-80-1724/","false","missing","confirmed_by_owner","company_avito_account","true","manual_review_required","manual_review_required","manual_review_required","manual_review_required","manual_review_required","review_quality_availability_resolution_and_product_match"
"1725","7788593058","/catalog/product/pravyi-udlinitel-podramnika-toyota-camry-xv-80-1725/","false","missing","confirmed_by_owner","company_avito_account","true","manual_review_required","manual_review_required","manual_review_required","manual_review_required","manual_review_required","review_quality_availability_resolution_and_product_match"
"1726","8075996347","/catalog/product/stabilizator-zadnii-nissan-pathfinder-china-v-1726/","true","avito_external","confirmed_by_owner","company_avito_account","true","manual_review_required","manual_review_required","manual_review_required","manual_review_required","manual_review_required","review_quality_availability_resolution_and_product_match"
"1727","7851951923","/catalog/product/rychag-levyi-verhnii-perednii-byd-leopard-5-1727/","false","missing","confirmed_by_owner","company_avito_account","true","manual_review_required","manual_review_required","manual_review_required","manual_review_required","manual_review_required","review_quality_availability_resolution_and_product_match"
"1728","8076421851","/catalog/product/rychag-perednii-levyi-nissan-pathfinder-china-v-1728/","true","avito_external","confirmed_by_owner","company_avito_account","true","manual_review_required","manual_review_required","manual_review_required","manual_review_required","manual_review_required","review_quality_availability_resolution_and_product_match"
"1729","7596277884","/catalog/product/podramnik-geely-monjaro-1729/","true","avito_external","confirmed_by_owner","company_avito_account","true","manual_review_required","manual_review_required","manual_review_required","manual_review_required","manual_review_required","review_quality_availability_resolution_and_product_match"
"1730","7724647009","/catalog/product/zadnii-stabilizator-poperechnoi-ustoichivosti-polar-1730/","true","avito_external","confirmed_by_owner","company_avito_account","true","manual_review_required","manual_review_required","manual_review_required","manual_review_required","manual_review_required","review_quality_availability_resolution_and_product_match"
"1731","8076716446","/catalog/product/rychag-zadnii-levyi-nissan-pathfinder-china-v-1731/","true","avito_external","confirmed_by_owner","company_avito_account","true","manual_review_required","manual_review_required","manual_review_required","manual_review_required","manual_review_required","review_quality_availability_resolution_and_product_match"
"1732","8076107232","/catalog/product/amortizator-perednii-levyi-nissan-pathfinder-v-1732/","true","avito_external","confirmed_by_owner","company_avito_account","true","manual_review_required","manual_review_required","manual_review_required","manual_review_required","manual_review_required","review_quality_availability_resolution_and_product_match"
"1733","7916433832","/catalog/product/perednii-levyi-nizhnii-rychag-livan-x3-pro-1733/","true","avito_external","confirmed_by_owner","company_avito_account","true","manual_review_required","manual_review_required","manual_review_required","manual_review_required","manual_review_required","review_quality_availability_resolution_and_product_match"
"1734","7596603515","/catalog/product/podramnik-perednyaya-chast-geely-monjaro-1734/","true","avito_external","confirmed_by_owner","company_avito_account","true","manual_review_required","manual_review_required","manual_review_required","manual_review_required","manual_review_required","review_quality_availability_resolution_and_product_match"
"1735","7916911973","/catalog/product/perednii-stabilizator-livan-x3-pro-1735/","true","avito_external","confirmed_by_owner","company_avito_account","true","manual_review_required","manual_review_required","manual_review_required","manual_review_required","manual_review_required","review_quality_availability_resolution_and_product_match"
"1736","8076096220","/catalog/product/tsentralnyi-stop-signal-changan-hanter-plus-1736/","true","avito_external","confirmed_by_owner","company_avito_account","true","manual_review_required","manual_review_required","manual_review_required","manual_review_required","manual_review_required","review_quality_availability_resolution_and_product_match"
"1737","8076270179","/catalog/product/podramnik-perednii-kia-seltos-1737/","true","avito_external","confirmed_by_owner","company_avito_account","true","manual_review_required","manual_review_required","manual_review_required","manual_review_required","manual_review_required","review_quality_availability_resolution_and_product_match"
"1738","7852891089","/catalog/product/stupitsa-levogo-perednego-kolesa-byd-leopard-5-1738/","false","missing","confirmed_by_owner","company_avito_account","true","manual_review_required","manual_review_required","manual_review_required","manual_review_required","manual_review_required","review_quality_availability_resolution_and_product_match"
"1739","7852303873","/catalog/product/povorotnyi-kulak-levyi-byd-leopard-5-1739/","false","missing","confirmed_by_owner","company_avito_account","true","manual_review_required","manual_review_required","manual_review_required","manual_review_required","manual_review_required","review_quality_availability_resolution_and_product_match"
"1740","7627977200","/catalog/product/povorotnyi-kulak-zadnii-levyi-lixiang-li7-1740/","true","avito_external","confirmed_by_owner","company_avito_account","true","manual_review_required","manual_review_required","manual_review_required","manual_review_required","manual_review_required","review_quality_availability_resolution_and_product_match"
"1741","8076060128","/catalog/product/stoika-stabilizatora-zadnyaya-nissan-pathfinder-v-1741/","true","avito_external","confirmed_by_owner","company_avito_account","true","manual_review_required","manual_review_required","manual_review_required","manual_review_required","manual_review_required","review_quality_availability_resolution_and_product_match"
"1742","8076294743","/catalog/product/rychag-zadnii-levyi-nissan-pathfinder-china-v-1742/","true","avito_external","confirmed_by_owner","company_avito_account","true","manual_review_required","manual_review_required","manual_review_required","manual_review_required","manual_review_required","review_quality_availability_resolution_and_product_match"
"1743","7916020734","/catalog/product/perednyaya-levaya-stoika-livan-x3-pro-1743/","true","avito_external","confirmed_by_owner","company_avito_account","true","manual_review_required","manual_review_required","manual_review_required","manual_review_required","manual_review_required","review_quality_availability_resolution_and_product_match"
"1744","7788548593","/catalog/product/podramnik-toyota-camry-xv-80-1744/","false","missing","confirmed_by_owner","company_avito_account","true","manual_review_required","manual_review_required","manual_review_required","manual_review_required","manual_review_required","review_quality_availability_resolution_and_product_match"
"1745","7852282311","/catalog/product/nizhnii-levyi-perednii-rychag-byd-leopard-5-1745/","true","avito_external","confirmed_by_owner","company_avito_account","true","manual_review_required","manual_review_required","manual_review_required","manual_review_required","manual_review_required","review_quality_availability_resolution_and_product_match"
"1746","7628587110","/catalog/product/povorotnyi-kulak-zadnii-pravyi-lixiang-li7-1746/","true","avito_external","confirmed_by_owner","company_avito_account","true","manual_review_required","manual_review_required","manual_review_required","manual_review_required","manual_review_required","review_quality_availability_resolution_and_product_match"
"1747","7596439769","/catalog/product/podshipnik-63-33ya1-rs1-1747/","true","avito_external","confirmed_by_owner","company_avito_account","true","manual_review_required","manual_review_required","manual_review_required","manual_review_required","manual_review_required","review_quality_availability_resolution_and_product_match"
"1748","7788817731","/catalog/product/torpedo-toyota-camry-xv-80-1748/","false","missing","confirmed_by_owner","company_avito_account","true","manual_review_required","manual_review_required","manual_review_required","manual_review_required","manual_review_required","review_quality_availability_resolution_and_product_match"
"1749","7788117104","/catalog/product/podushka-bezopasnosti-shtorka-levaya-toyota-camry-xv-1749/","false","missing","confirmed_by_owner","company_avito_account","true","manual_review_required","manual_review_required","manual_review_required","manual_review_required","manual_review_required","review_quality_availability_resolution_and_product_match"
"1750","7244610161","/catalog/product/obivka-sidenya-perednego-levogo-changan-hanter-plu-1750/","false","missing","confirmed_by_owner","company_avito_account","true","manual_review_required","manual_review_required","manual_review_required","manual_review_required","manual_review_required","review_quality_availability_resolution_and_product_match"
"1751","7788360640","/catalog/product/podushka-bezopasnosti-nog-voditelya-toyota-camry-xv-1751/","false","missing","confirmed_by_owner","company_avito_account","true","manual_review_required","manual_review_required","manual_review_required","manual_review_required","manual_review_required","review_quality_availability_resolution_and_product_match"
"1752","7788335914","/catalog/product/remen-bezopasnosti-perednii-pravyi-toyota-camry-x-1752/","false","missing","confirmed_by_owner","company_avito_account","true","manual_review_required","manual_review_required","manual_review_required","manual_review_required","manual_review_required","review_quality_availability_resolution_and_product_match"
"1753","4493203645","/catalog/product/shtorka-bezopasnosti-pravaya-haval-jolion-1753/","false","missing","confirmed_by_owner","company_avito_account","true","manual_review_required","manual_review_required","manual_review_required","manual_review_required","manual_review_required","review_quality_availability_resolution_and_product_match"
"1754","7916011491","/catalog/product/podushka-bezopasnosti-passazhira-livan-x3-pro-1754/","true","avito_external","confirmed_by_owner","company_avito_account","true","manual_review_required","manual_review_required","manual_review_required","manual_review_required","manual_review_required","review_quality_availability_resolution_and_product_match"
"1755","4492982220","/catalog/product/podushka-bezopasnosti-perednego-passazhira-haval-jol-1755/","false","missing","confirmed_by_owner","company_avito_account","true","manual_review_required","manual_review_required","manual_review_required","manual_review_required","manual_review_required","review_quality_availability_resolution_and_product_match"
"1756","7596025964","/catalog/product/podushka-bezopasnosti-perednego-sideniya-haval-jolio-1756/","true","avito_external","confirmed_by_owner","company_avito_account","true","manual_review_required","manual_review_required","manual_review_required","manual_review_required","manual_review_required","review_quality_availability_resolution_and_product_match"
"1757","8108255275","/catalog/product/nakladka-na-vyhlopnuyu-sistemu-sleva-changan-cs75-plus-1757/","true","avito_external","confirmed_by_owner","company_avito_account","true","manual_review_required","manual_review_required","manual_review_required","manual_review_required","manual_review_required","review_quality_availability_resolution_and_product_match"
"1758","7788050329","/catalog/product/podushka-bezopasnosti-shtorka-pravaya-toyota-camry-xv-1758/","false","missing","confirmed_by_owner","company_avito_account","true","manual_review_required","manual_review_required","manual_review_required","manual_review_required","manual_review_required","review_quality_availability_resolution_and_product_match"
"1759","7788010615","/catalog/product/podushka-bezopasnosti-passazhira-toyota-camry-xv-80-1759/","false","missing","confirmed_by_owner","company_avito_account","true","manual_review_required","manual_review_required","manual_review_required","manual_review_required","manual_review_required","review_quality_availability_resolution_and_product_match"
"1760","8107956091","/catalog/product/levaya-fara-exeed-exlantix-es-e3-1760/","true","avito_external","confirmed_by_owner","company_avito_account","true","manual_review_required","manual_review_required","manual_review_required","manual_review_required","manual_review_required","review_quality_availability_resolution_and_product_match"
"1761","7564662992","/catalog/product/potolok-obshivka-potolka-geely-monjaro-chernyi-1761/","false","missing","confirmed_by_owner","company_avito_account","true","manual_review_required","manual_review_required","manual_review_required","manual_review_required","manual_review_required","review_quality_availability_resolution_and_product_match"
"1762","7788611244","/catalog/product/remen-bezopasnosti-perednii-levyi-toyota-camry-xv-1762/","false","missing","confirmed_by_owner","company_avito_account","true","manual_review_required","manual_review_required","manual_review_required","manual_review_required","manual_review_required","review_quality_availability_resolution_and_product_match"
"1763","7244410602","/catalog/product/obivka-dveri-bagazhnika-voyah-free-1763/","false","missing","confirmed_by_owner","company_avito_account","true","manual_review_required","manual_review_required","manual_review_required","manual_review_required","manual_review_required","review_quality_availability_resolution_and_product_match"
"1764","7852600545","/catalog/product/podushka-bezopasnosti-dlya-nog-voditelya-leopard-5-1764/","false","missing","confirmed_by_owner","company_avito_account","true","manual_review_required","manual_review_required","manual_review_required","manual_review_required","manual_review_required","review_quality_availability_resolution_and_product_match"
"1765","7916409913","/catalog/product/podushka-bezopasnosti-v-rul-livan-x3-pro-1765/","true","avito_external","confirmed_by_owner","company_avito_account","true","manual_review_required","manual_review_required","manual_review_required","manual_review_required","manual_review_required","review_quality_availability_resolution_and_product_match"
"1766","4492873367","/catalog/product/nakladka-na-konsol-tonnel-lixiang-li-7-1766/","true","avito_external","confirmed_by_owner","company_avito_account","true","manual_review_required","manual_review_required","manual_review_required","manual_review_required","manual_review_required","review_quality_availability_resolution_and_product_match"
"1767","8108179944","/catalog/product/nakladka-na-vyhlopnuyu-sistemu-sprava-changan-cs75-plus-1767/","true","avito_external","confirmed_by_owner","company_avito_account","true","manual_review_required","manual_review_required","manual_review_required","manual_review_required","manual_review_required","review_quality_availability_resolution_and_product_match"
"1768","7244273948","/catalog/product/vodostok-bagazhnika-pravyi-voyah-free-1768/","false","missing","confirmed_by_owner","company_avito_account","true","manual_review_required","manual_review_required","manual_review_required","manual_review_required","manual_review_required","review_quality_availability_resolution_and_product_match"
"1769","8076686075","/catalog/product/torpedo-toyota-rav4-v-1769/","true","avito_external","confirmed_by_owner","company_avito_account","true","manual_review_required","manual_review_required","manual_review_required","manual_review_required","manual_review_required","review_quality_availability_resolution_and_product_match"
"1770","7788721155","/catalog/product/nizhnyaya-nakladka-paneli-priborov-toyota-camry-xv-80-1770/","false","missing","confirmed_by_owner","company_avito_account","true","manual_review_required","manual_review_required","manual_review_required","manual_review_required","manual_review_required","review_quality_availability_resolution_and_product_match"
"1771","7852912047","/catalog/product/podushka-bezopasnosti-pravaya-shtorka-byd-leopard-5-1771/","false","missing","confirmed_by_owner","company_avito_account","true","manual_review_required","manual_review_required","manual_review_required","manual_review_required","manual_review_required","review_quality_availability_resolution_and_product_match"
"1772","7596190503","/catalog/product/levaya-shtorka-podushka-bezopasnosti-haval-jolion-1772/","true","avito_external","confirmed_by_owner","company_avito_account","true","manual_review_required","manual_review_required","manual_review_required","manual_review_required","manual_review_required","review_quality_availability_resolution_and_product_match"
"1773","7788569314","/catalog/product/podushka-bezopasnosti-rulya-toyota-camry-xv-80-1773/","false","missing","confirmed_by_owner","company_avito_account","true","manual_review_required","manual_review_required","manual_review_required","manual_review_required","manual_review_required","review_quality_availability_resolution_and_product_match"
"1774","7852402000","/catalog/product/podushka-bezopasnosti-levaya-shtorka-byd-leopard-5-1774/","false","missing","confirmed_by_owner","company_avito_account","true","manual_review_required","manual_review_required","manual_review_required","manual_review_required","manual_review_required","review_quality_availability_resolution_and_product_match"
"1776","8076573088","/catalog/product/krylo-perednee-pravoe-tank-700-1776/","true","avito_external","confirmed_by_owner","company_avito_account","true","manual_review_required","manual_review_required","manual_review_required","manual_review_required","manual_review_required","review_quality_availability_resolution_and_product_match"
"1777","8107958451","/catalog/product/pravyi-perednii-podkrylok-voyah-passion-1777/","true","avito_external","confirmed_by_owner","company_avito_account","true","manual_review_required","manual_review_required","manual_review_required","manual_review_required","manual_review_required","review_quality_availability_resolution_and_product_match"
"1778","7948840013","/catalog/product/reshetka-radiatora-kia-k3-1778/","true","avito_external","confirmed_by_owner","company_avito_account","true","manual_review_required","manual_review_required","manual_review_required","manual_review_required","manual_review_required","review_quality_availability_resolution_and_product_match"
"1779","8108486790","/catalog/product/zerkalo-levoe-baw-bj-212-1779/","false","missing","confirmed_by_owner","company_avito_account","true","manual_review_required","manual_review_required","manual_review_required","manual_review_required","manual_review_required","review_quality_availability_resolution_and_product_match"
"1780","7564892166","/catalog/product/lonzheron-perednii-pravyi-polar-stone-01-1780/","true","avito_external","confirmed_by_owner","company_avito_account","true","manual_review_required","manual_review_required","manual_review_required","manual_review_required","manual_review_required","review_quality_availability_resolution_and_product_match"
"1781","8076539855","/catalog/product/kryshka-bagazhnika-voyah-passion-1781/","true","avito_external","confirmed_by_owner","company_avito_account","true","manual_review_required","manual_review_required","manual_review_required","manual_review_required","manual_review_required","review_quality_availability_resolution_and_product_match"
"1782","8076676401","/catalog/product/perednii-bamper-kia-k5-1782/","true","avito_external","confirmed_by_owner","company_avito_account","true","manual_review_required","manual_review_required","manual_review_required","manual_review_required","manual_review_required","review_quality_availability_resolution_and_product_match"
"1783","8076653712","/catalog/product/perednii-bamper-tank-500-1783/","true","avito_external","confirmed_by_owner","company_avito_account","true","manual_review_required","manual_review_required","manual_review_required","manual_review_required","manual_review_required","review_quality_availability_resolution_and_product_match"
"1784","8108335786","/catalog/product/pravoe-zerkalo-haval-xiaolong-hi4-1784/","true","avito_external","confirmed_by_owner","company_avito_account","true","manual_review_required","manual_review_required","manual_review_required","manual_review_required","manual_review_required","review_quality_availability_resolution_and_product_match"
"1785","7980858251","/catalog/product/levaya-panel-perednego-bampera-wey-80-1785/","false","missing","confirmed_by_owner","company_avito_account","true","manual_review_required","manual_review_required","manual_review_required","manual_review_required","manual_review_required","review_quality_availability_resolution_and_product_match"
"1786","7916887278","/catalog/product/dver-zadnyaya-levaya-vw-tayron-novaya-original-1786/","true","avito_external","confirmed_by_owner","company_avito_account","true","manual_review_required","manual_review_required","manual_review_required","manual_review_required","manual_review_required","review_quality_availability_resolution_and_product_match"
"1787","4141140138","/catalog/product/molding-zadnego-bampera-srednii-geely-monjaro-ori-1787/","true","avito_external","confirmed_by_owner","company_avito_account","true","manual_review_required","manual_review_required","manual_review_required","manual_review_required","manual_review_required","review_quality_availability_resolution_and_product_match"
"1788","7244542616","/catalog/product/nakladka-arki-zadnei-pravoi-voyah-free-1788/","false","missing","confirmed_by_owner","company_avito_account","true","manual_review_required","manual_review_required","manual_review_required","manual_review_required","manual_review_required","review_quality_availability_resolution_and_product_match"
"1789","7884611710","/catalog/product/usilitel-perednego-bampera-livan-x6-pro-1789/","true","avito_external","confirmed_by_owner","company_avito_account","true","manual_review_required","manual_review_required","manual_review_required","manual_review_required","manual_review_required","review_quality_availability_resolution_and_product_match"
"1790","8076480141","/catalog/product/zerkalo-levoe-byd-seal-06-gt-1790/","true","avito_external","confirmed_by_owner","company_avito_account","true","manual_review_required","manual_review_required","manual_review_required","manual_review_required","manual_review_required","review_quality_availability_resolution_and_product_match"
"1791","7948642361","/catalog/product/zerkalo-levoe-geely-galaxy-l7-1791/","true","avito_external","confirmed_by_owner","company_avito_account","true","manual_review_required","manual_review_required","manual_review_required","manual_review_required","manual_review_required","review_quality_availability_resolution_and_product_match"
"1792","7948651132","/catalog/product/nakladka-perednei-pravoi-dveri-volkswagen-tayron-1792/","true","avito_external","confirmed_by_owner","company_avito_account","true","manual_review_required","manual_review_required","manual_review_required","manual_review_required","manual_review_required","review_quality_availability_resolution_and_product_match"
"1793","8012282833","/catalog/product/absorber-perednego-bampera-livan-x6-pro-1793/","true","avito_external","confirmed_by_owner","company_avito_account","true","manual_review_required","manual_review_required","manual_review_required","manual_review_required","manual_review_required","review_quality_availability_resolution_and_product_match"
"1794","8108876977","/catalog/product/kryshka-bagazhnika-baw-bj-212-1794/","true","avito_external","confirmed_by_owner","company_avito_account","true","manual_review_required","manual_review_required","manual_review_required","manual_review_required","manual_review_required","review_quality_availability_resolution_and_product_match"
"1795","8108110383","/catalog/product/deflektor-radiatora-levyi-haval-xiaolong-hi4-1795/","true","avito_external","confirmed_by_owner","company_avito_account","true","manual_review_required","manual_review_required","manual_review_required","manual_review_required","manual_review_required","review_quality_availability_resolution_and_product_match"
"1796","7820588434","/catalog/product/pravyi-reiling-kryshi-byd-fangchengbao-leopard-5-1796/","true","avito_external","confirmed_by_owner","company_avito_account","true","manual_review_required","manual_review_required","manual_review_required","manual_review_required","manual_review_required","review_quality_availability_resolution_and_product_match"
"1797","8076454278","/catalog/product/podkrylok-perednii-pravyi-nissan-x-trail-t33-1797/","true","avito_external","confirmed_by_owner","company_avito_account","true","manual_review_required","manual_review_required","manual_review_required","manual_review_required","manual_review_required","review_quality_availability_resolution_and_product_match"
"1798","7980670303","/catalog/product/perednyaya-levaya-dver-toyota-camry-xv80-1798/","true","avito_external","confirmed_by_owner","company_avito_account","true","manual_review_required","manual_review_required","manual_review_required","manual_review_required","manual_review_required","review_quality_availability_resolution_and_product_match"
"1799","8076412276","/catalog/product/dver-perednyaya-pravaya-tank-500-1799/","true","avito_external","confirmed_by_owner","company_avito_account","true","manual_review_required","manual_review_required","manual_review_required","manual_review_required","manual_review_required","review_quality_availability_resolution_and_product_match"
"1800","7980420363","/catalog/product/dver-zadnyaya-pravaya-wey-07-1800/","true","avito_external","confirmed_by_owner","company_avito_account","true","manual_review_required","manual_review_required","manual_review_required","manual_review_required","manual_review_required","review_quality_availability_resolution_and_product_match"
"1801","4044622482","/catalog/product/zerkalo-zadnego-vida-levoe-voyah-free-original-1801/","true","avito_external","confirmed_by_owner","company_avito_account","true","manual_review_required","manual_review_required","manual_review_required","manual_review_required","manual_review_required","review_quality_availability_resolution_and_product_match"
"1802","8076505996","/catalog/product/kapot-byd-seal-06-gt-1802/","true","avito_external","confirmed_by_owner","company_avito_account","true","manual_review_required","manual_review_required","manual_review_required","manual_review_required","manual_review_required","review_quality_availability_resolution_and_product_match"
"1803","7245022168","/catalog/product/nakladka-perednego-bampera-nizhnyaya-geely-atlas-1803/","false","missing","confirmed_by_owner","company_avito_account","true","manual_review_required","manual_review_required","manual_review_required","manual_review_required","manual_review_required","review_quality_availability_resolution_and_product_match"
"1804","8108643412","/catalog/product/zadnii-bamper-haval-xiaolong-hi4-1804/","true","avito_external","confirmed_by_owner","company_avito_account","true","manual_review_required","manual_review_required","manual_review_required","manual_review_required","manual_review_required","review_quality_availability_resolution_and_product_match"
"1805","7916321761","/catalog/product/nakladka-zadnego-bampera-pravaya-livan-x3-pro-1805/","true","avito_external","confirmed_by_owner","company_avito_account","true","manual_review_required","manual_review_required","manual_review_required","manual_review_required","manual_review_required","review_quality_availability_resolution_and_product_match"
"1806","7948901064","/catalog/product/kapot-baic-x7-1806/","true","avito_external","confirmed_by_owner","company_avito_account","true","manual_review_required","manual_review_required","manual_review_required","manual_review_required","manual_review_required","review_quality_availability_resolution_and_product_match"
"1807","8108247507","/catalog/product/zadnii-bamper-exeed-exlantix-es-e3-1807/","true","avito_external","confirmed_by_owner","company_avito_account","true","manual_review_required","manual_review_required","manual_review_required","manual_review_required","manual_review_required","review_quality_availability_resolution_and_product_match"
"1808","8108494963","/catalog/product/molding-perednego-bampera-levyi-kia-sportage-v-1808/","true","avito_external","confirmed_by_owner","company_avito_account","true","manual_review_required","manual_review_required","manual_review_required","manual_review_required","manual_review_required","review_quality_availability_resolution_and_product_match"
"1809","7564140540","/catalog/product/bamper-perednii-polar-stone-01-v-barnaule-1809/","true","avito_external","confirmed_by_owner","company_avito_account","true","manual_review_required","manual_review_required","manual_review_required","manual_review_required","manual_review_required","review_quality_availability_resolution_and_product_match"
"1810","8012151533","/catalog/product/ramka-radiatora-byd-fangchengbao-titanium-7-1810/","false","missing","confirmed_by_owner","company_avito_account","true","manual_review_required","manual_review_required","manual_review_required","manual_review_required","manual_review_required","review_quality_availability_resolution_and_product_match"
"1811","7948823958","/catalog/product/nakladka-perednei-levoi-dveri-volkswagen-tayron-1811/","true","avito_external","confirmed_by_owner","company_avito_account","true","manual_review_required","manual_review_required","manual_review_required","manual_review_required","manual_review_required","review_quality_availability_resolution_and_product_match"
"1812","8044646146","/catalog/product/dver-zadnyaya-pravaya-tank-700-1812/","true","avito_external","confirmed_by_owner","company_avito_account","true","manual_review_required","manual_review_required","manual_review_required","manual_review_required","manual_review_required","review_quality_availability_resolution_and_product_match"
"1813","7916172951","/catalog/product/kryshka-bagazhnika-livan-x3-pro-1813/","true","avito_external","confirmed_by_owner","company_avito_account","true","manual_review_required","manual_review_required","manual_review_required","manual_review_required","manual_review_required","review_quality_availability_resolution_and_product_match"
"1814","7948230885","/catalog/product/kryshka-bagazhnika-volkswagen-tayron-1814/","true","avito_external","confirmed_by_owner","company_avito_account","true","manual_review_required","manual_review_required","manual_review_required","manual_review_required","manual_review_required","review_quality_availability_resolution_and_product_match"
"1815","8108857524","/catalog/product/nakladka-zadnego-kryla-levaya-baw-bj-212-1815/","true","avito_external","confirmed_by_owner","company_avito_account","true","manual_review_required","manual_review_required","manual_review_required","manual_review_required","manual_review_required","review_quality_availability_resolution_and_product_match"
"1816","8076324986","/catalog/product/levyi-zadnii-podkrylok-voyah-dream-1816/","true","avito_external","confirmed_by_owner","company_avito_account","true","manual_review_required","manual_review_required","manual_review_required","manual_review_required","manual_review_required","review_quality_availability_resolution_and_product_match"
"1817","8012039062","/catalog/product/usilitel-perednego-bampera-byd-titanium-7-1817/","false","missing","confirmed_by_owner","company_avito_account","true","manual_review_required","manual_review_required","manual_review_required","manual_review_required","manual_review_required","review_quality_availability_resolution_and_product_match"
"1818","8044751015","/catalog/product/kryshka-bagazhnika-aito-m8-1818/","true","avito_external","confirmed_by_owner","company_avito_account","true","manual_review_required","manual_review_required","manual_review_required","manual_review_required","manual_review_required","review_quality_availability_resolution_and_product_match"
"1819","8108420105","/catalog/product/absorber-perednego-bampera-kia-sportage-china-v-1819/","true","avito_external","confirmed_by_owner","company_avito_account","true","manual_review_required","manual_review_required","manual_review_required","manual_review_required","manual_review_required","review_quality_availability_resolution_and_product_match"
"1820","8012881600","/catalog/product/dver-perednyaya-pravaya-geely-preface-1820/","true","avito_external","confirmed_by_owner","company_avito_account","true","manual_review_required","manual_review_required","manual_review_required","manual_review_required","manual_review_required","review_quality_availability_resolution_and_product_match"
"1821","7916320937","/catalog/product/podkrylok-zadnii-pravyi-livan-x3-pro-1821/","true","avito_external","confirmed_by_owner","company_avito_account","true","manual_review_required","manual_review_required","manual_review_required","manual_review_required","manual_review_required","review_quality_availability_resolution_and_product_match"
"1822","7948116872","/catalog/product/krylo-perednee-levoe-volkswagen-tayron-1822/","true","avito_external","confirmed_by_owner","company_avito_account","true","manual_review_required","manual_review_required","manual_review_required","manual_review_required","manual_review_required","review_quality_availability_resolution_and_product_match"
"1823","8076065921","/catalog/product/zadnee-levoe-krylo-kia-seltos-1823/","true","avito_external","confirmed_by_owner","company_avito_account","true","manual_review_required","manual_review_required","manual_review_required","manual_review_required","manual_review_required","review_quality_availability_resolution_and_product_match"
"1824","7532272987","/catalog/product/bokovina-levaya-exeed-vx-1824/","false","missing","confirmed_by_owner","company_avito_account","true","manual_review_required","manual_review_required","manual_review_required","manual_review_required","manual_review_required","review_quality_availability_resolution_and_product_match"
"1825","7948386269","/catalog/product/perednyaya-dver-levaya-toyota-highlander-xu70-1825/","true","avito_external","confirmed_by_owner","company_avito_account","true","manual_review_required","manual_review_required","manual_review_required","manual_review_required","manual_review_required","review_quality_availability_resolution_and_product_match"
"1826","8043965416","/catalog/product/podkrylok-zadnii-levyi-geely-galaxy-starship-7-1826/","true","avito_external","confirmed_by_owner","company_avito_account","true","manual_review_required","manual_review_required","manual_review_required","manual_review_required","manual_review_required","review_quality_availability_resolution_and_product_match"
"1827","8076154722","/catalog/product/nizhnyaya-reshetka-perednego-bampera-voyah-passion-1827/","true","avito_external","confirmed_by_owner","company_avito_account","true","manual_review_required","manual_review_required","manual_review_required","manual_review_required","manual_review_required","review_quality_availability_resolution_and_product_match"
"1828","7980592327","/catalog/product/dver-perednyaya-levaya-zeekr-9x-1828/","true","avito_external","confirmed_by_owner","company_avito_account","true","manual_review_required","manual_review_required","manual_review_required","manual_review_required","manual_review_required","review_quality_availability_resolution_and_product_match"
"1829","8108204476","/catalog/product/levoe-perednee-krylo-kia-sportage-china-v-1829/","true","avito_external","confirmed_by_owner","company_avito_account","true","manual_review_required","manual_review_required","manual_review_required","manual_review_required","manual_review_required","review_quality_availability_resolution_and_product_match"
"1830","7980704870","/catalog/product/dver-perednyaya-pravaya-wey-07-1830/","true","avito_external","confirmed_by_owner","company_avito_account","true","manual_review_required","manual_review_required","manual_review_required","manual_review_required","manual_review_required","review_quality_availability_resolution_and_product_match"
"1831","8108858033","/catalog/product/zerkalo-levoe-byd-seal-06-gt-1831/","true","avito_external","confirmed_by_owner","company_avito_account","true","manual_review_required","manual_review_required","manual_review_required","manual_review_required","manual_review_required","review_quality_availability_resolution_and_product_match"
"1832","8076602367","/catalog/product/dver-perednyaya-levaya-changan-hanter-plus-1832/","true","avito_external","confirmed_by_owner","company_avito_account","true","manual_review_required","manual_review_required","manual_review_required","manual_review_required","manual_review_required","review_quality_availability_resolution_and_product_match"
"1833","4333354016","/catalog/product/nakladka-zadnego-pravogo-kryla-na-voyah-free-orig-1833/","true","avito_external","confirmed_by_owner","company_avito_account","true","manual_review_required","manual_review_required","manual_review_required","manual_review_required","manual_review_required","review_quality_availability_resolution_and_product_match"
"1834","7660704761","/catalog/product/bamper-perednii-geely-coolray-2025-1834/","false","missing","confirmed_by_owner","company_avito_account","true","manual_review_required","manual_review_required","manual_review_required","manual_review_required","manual_review_required","review_quality_availability_resolution_and_product_match"
"1835","7980401089","/catalog/product/dver-zadnyaya-levaya-byd-tang-l-1835/","true","avito_external","confirmed_by_owner","company_avito_account","true","manual_review_required","manual_review_required","manual_review_required","manual_review_required","manual_review_required","review_quality_availability_resolution_and_product_match"
"1836","8043948591","/catalog/product/nizhnyaya-nakladka-zadnego-bampera-aito-m8-1836/","true","avito_external","confirmed_by_owner","company_avito_account","true","manual_review_required","manual_review_required","manual_review_required","manual_review_required","manual_review_required","review_quality_availability_resolution_and_product_match"
"1837","4140995899","/catalog/product/reshetka-perednego-bampera-pravaya-geely-monjaro-or-1837/","true","avito_external","confirmed_by_owner","company_avito_account","true","manual_review_required","manual_review_required","manual_review_required","manual_review_required","manual_review_required","review_quality_availability_resolution_and_product_match"
"1838","7980222901","/catalog/product/zadnyaya-levaya-dver-hongqi-hs5-1838/","true","avito_external","confirmed_by_owner","company_avito_account","true","manual_review_required","manual_review_required","manual_review_required","manual_review_required","manual_review_required","review_quality_availability_resolution_and_product_match"
"1839","7948911167","/catalog/product/nakladka-zadnei-dveri-baic-x7-1839/","true","avito_external","confirmed_by_owner","company_avito_account","true","manual_review_required","manual_review_required","manual_review_required","manual_review_required","manual_review_required","review_quality_availability_resolution_and_product_match"
"1840","4141318684","/catalog/product/emblema-reshetki-radiatora-geely-monjaro-1840/","true","avito_external","confirmed_by_owner","company_avito_account","true","manual_review_required","manual_review_required","manual_review_required","manual_review_required","manual_review_required","review_quality_availability_resolution_and_product_match"
"1841","8108677529","/catalog/product/nizhnyaya-chast-perednego-bampera-kia-sportage-v-1841/","true","avito_external","confirmed_by_owner","company_avito_account","true","manual_review_required","manual_review_required","manual_review_required","manual_review_required","manual_review_required","review_quality_availability_resolution_and_product_match"
"1842","7980660505","/catalog/product/krylo-perednee-pravoe-wey-07-1842/","true","avito_external","confirmed_by_owner","company_avito_account","true","manual_review_required","manual_review_required","manual_review_required","manual_review_required","manual_review_required","review_quality_availability_resolution_and_product_match"
"1843","7788185655","/catalog/product/nakladka-perednego-bampera-verhnyaya-toyota-camry-xv-1843/","true","avito_external","confirmed_by_owner","company_avito_account","true","manual_review_required","manual_review_required","manual_review_required","manual_review_required","manual_review_required","review_quality_availability_resolution_and_product_match"
"1844","8012600119","/catalog/product/kapot-geely-galaxy-m9-1844/","true","avito_external","confirmed_by_owner","company_avito_account","true","manual_review_required","manual_review_required","manual_review_required","manual_review_required","manual_review_required","review_quality_availability_resolution_and_product_match"
"1845","8107997311","/catalog/product/nizhnyaya-nakladka-zadnego-bampera-exeed-exlantix-es-e3-1845/","true","avito_external","confirmed_by_owner","company_avito_account","true","manual_review_required","manual_review_required","manual_review_required","manual_review_required","manual_review_required","review_quality_availability_resolution_and_product_match"
"1846","7948428276","/catalog/product/kryshka-bagazhnika-baic-x35-1846/","true","avito_external","confirmed_by_owner","company_avito_account","true","manual_review_required","manual_review_required","manual_review_required","manual_review_required","manual_review_required","review_quality_availability_resolution_and_product_match"
"1847","8044737193","/catalog/product/usilitel-perednego-bampera-volkswagen-talagon-1847/","true","avito_external","confirmed_by_owner","company_avito_account","true","manual_review_required","manual_review_required","manual_review_required","manual_review_required","manual_review_required","review_quality_availability_resolution_and_product_match"
"1848","8076206521","/catalog/product/zadnii-bamper-verh-nissan-x-trail-t33-1848/","true","avito_external","confirmed_by_owner","company_avito_account","true","manual_review_required","manual_review_required","manual_review_required","manual_review_required","manual_review_required","review_quality_availability_resolution_and_product_match"
"1849","4140876989","/catalog/product/zerkalo-zadnego-vida-levoe-geely-monjaro-original-1849/","true","avito_external","confirmed_by_owner","company_avito_account","true","manual_review_required","manual_review_required","manual_review_required","manual_review_required","manual_review_required","review_quality_availability_resolution_and_product_match"
"1850","7916673665","/catalog/product/zaschita-perednego-bampera-nizhnyaya-livan-x3-pro-1850/","true","avito_external","confirmed_by_owner","company_avito_account","true","manual_review_required","manual_review_required","manual_review_required","manual_review_required","manual_review_required","review_quality_availability_resolution_and_product_match"
"1851","7564536269","/catalog/product/ramka-radiatora-televizor-polar-stone-01-1851/","false","missing","confirmed_by_owner","company_avito_account","true","manual_review_required","manual_review_required","manual_review_required","manual_review_required","manual_review_required","review_quality_availability_resolution_and_product_match"
"1852","7916026584","/catalog/product/zadnyaya-pravaya-dver-livan-x3-pro-1852/","true","avito_external","confirmed_by_owner","company_avito_account","true","manual_review_required","manual_review_required","manual_review_required","manual_review_required","manual_review_required","review_quality_availability_resolution_and_product_match"
"1853","8076366831","/catalog/product/zadnyaya-pravaya-dver-nissan-x-trail-t33-1853/","true","avito_external","confirmed_by_owner","company_avito_account","true","manual_review_required","manual_review_required","manual_review_required","manual_review_required","manual_review_required","review_quality_availability_resolution_and_product_match"
"1854","7948299165","/catalog/product/kapot-volkswagen-tayron-1854/","true","avito_external","confirmed_by_owner","company_avito_account","true","manual_review_required","manual_review_required","manual_review_required","manual_review_required","manual_review_required","review_quality_availability_resolution_and_product_match"
"1855","7948108455","/catalog/product/nakladka-poroga-levaya-volkswagen-tayron-1855/","false","missing","confirmed_by_owner","company_avito_account","true","manual_review_required","manual_review_required","manual_review_required","manual_review_required","manual_review_required","review_quality_availability_resolution_and_product_match"
"1856","8076567110","/catalog/product/krylo-perednee-levoe-tank-700-1856/","true","avito_external","confirmed_by_owner","company_avito_account","true","manual_review_required","manual_review_required","manual_review_required","manual_review_required","manual_review_required","review_quality_availability_resolution_and_product_match"
"1857","8076352382","/catalog/product/levaya-nakladka-poroga-voyah-dream-1857/","true","avito_external","confirmed_by_owner","company_avito_account","true","manual_review_required","manual_review_required","manual_review_required","manual_review_required","manual_review_required","review_quality_availability_resolution_and_product_match"
"1858","8108777067","/catalog/product/kapot-volkswagen-tavendor-1858/","true","avito_external","confirmed_by_owner","company_avito_account","true","manual_review_required","manual_review_required","manual_review_required","manual_review_required","manual_review_required","review_quality_availability_resolution_and_product_match"
"1859","7916749045","/catalog/product/nakladka-levogo-perednego-kryla-mercedes-g-class-1859/","true","avito_external","confirmed_by_owner","company_avito_account","true","manual_review_required","manual_review_required","manual_review_required","manual_review_required","manual_review_required","review_quality_availability_resolution_and_product_match"
"1860","8044761167","/catalog/product/kapot-volkswagen-talagon-1860/","true","avito_external","confirmed_by_owner","company_avito_account","true","manual_review_required","manual_review_required","manual_review_required","manual_review_required","manual_review_required","review_quality_availability_resolution_and_product_match"
"1861","8076436384","/catalog/product/logotip-tank-500-1861/","true","avito_external","confirmed_by_owner","company_avito_account","true","manual_review_required","manual_review_required","manual_review_required","manual_review_required","manual_review_required","review_quality_availability_resolution_and_product_match"
"1862","8076787341","/catalog/product/pravyi-perednii-podkrylok-voyah-dream-1862/","true","avito_external","confirmed_by_owner","company_avito_account","true","manual_review_required","manual_review_required","manual_review_required","manual_review_required","manual_review_required","review_quality_availability_resolution_and_product_match"
"1863","7916098168","/catalog/product/bamper-perednii-geely-okavango-1863/","true","avito_external","confirmed_by_owner","company_avito_account","true","manual_review_required","manual_review_required","manual_review_required","manual_review_required","manual_review_required","review_quality_availability_resolution_and_product_match"
"1864","7948642975","/catalog/product/perednee-krylo-pravoe-baic-u5-plus-1864/","true","avito_external","confirmed_by_owner","company_avito_account","true","manual_review_required","manual_review_required","manual_review_required","manual_review_required","manual_review_required","review_quality_availability_resolution_and_product_match"
"1865","7980693308","/catalog/product/absorber-zadnego-bampera-toyota-camry-xv80-1865/","false","missing","confirmed_by_owner","company_avito_account","true","manual_review_required","manual_review_required","manual_review_required","manual_review_required","manual_review_required","review_quality_availability_resolution_and_product_match"
"1866","7948224096","/catalog/product/ramka-radiatora-baic-u5-plus-1866/","true","avito_external","confirmed_by_owner","company_avito_account","true","manual_review_required","manual_review_required","manual_review_required","manual_review_required","manual_review_required","review_quality_availability_resolution_and_product_match"
"1867","8012822663","/catalog/product/dver-zadnyaya-pravaya-byd-fangchengbao-titanium-7-1867/","true","avito_external","confirmed_by_owner","company_avito_account","true","manual_review_required","manual_review_required","manual_review_required","manual_review_required","manual_review_required","review_quality_availability_resolution_and_product_match"
"1868","8076145321","/catalog/product/nizhnyaya-nakladka-zadnego-bampera-voyah-dream-1868/","true","avito_external","confirmed_by_owner","company_avito_account","true","manual_review_required","manual_review_required","manual_review_required","manual_review_required","manual_review_required","review_quality_availability_resolution_and_product_match"
"1869","8044612443","/catalog/product/perednii-bamper-geely-galaxy-starship-7-1869/","true","avito_external","confirmed_by_owner","company_avito_account","true","manual_review_required","manual_review_required","manual_review_required","manual_review_required","manual_review_required","review_quality_availability_resolution_and_product_match"
"1870","8108761610","/catalog/product/zerkalo-pravoe-byd-seal-06-gt-1870/","true","avito_external","confirmed_by_owner","company_avito_account","true","manual_review_required","manual_review_required","manual_review_required","manual_review_required","manual_review_required","review_quality_availability_resolution_and_product_match"
"1871","8108337927","/catalog/product/perednii-bamper-kia-sportage-china-v-1871/","true","avito_external","confirmed_by_owner","company_avito_account","true","manual_review_required","manual_review_required","manual_review_required","manual_review_required","manual_review_required","review_quality_availability_resolution_and_product_match"
"1872","8076140280","/catalog/product/pravoe-perednee-krylo-voyah-dream-1872/","true","avito_external","confirmed_by_owner","company_avito_account","true","manual_review_required","manual_review_required","manual_review_required","manual_review_required","manual_review_required","review_quality_availability_resolution_and_product_match"
"1873","7948680133","/catalog/product/molding-zadnego-bampera-tsentralnyi-baic-u5-plus-1873/","true","avito_external","confirmed_by_owner","company_avito_account","true","manual_review_required","manual_review_required","manual_review_required","manual_review_required","manual_review_required","review_quality_availability_resolution_and_product_match"
"1874","8108876119","/catalog/product/podkrylok-perednii-levyi-baw-bj-212-1874/","false","missing","confirmed_by_owner","company_avito_account","true","manual_review_required","manual_review_required","manual_review_required","manual_review_required","manual_review_required","review_quality_availability_resolution_and_product_match"
"1875","7468175693","/catalog/product/dver-perednyaya-pravaya-tank-500-original-1875/","true","avito_external","confirmed_by_owner","company_avito_account","true","manual_review_required","manual_review_required","manual_review_required","manual_review_required","manual_review_required","review_quality_availability_resolution_and_product_match"
"1876","8044331001","/catalog/product/zerkalo-zadnego-vida-pravoe-voyah-taishan-1876/","true","avito_external","confirmed_by_owner","company_avito_account","true","manual_review_required","manual_review_required","manual_review_required","manual_review_required","manual_review_required","review_quality_availability_resolution_and_product_match"
"1877","7980532726","/catalog/product/dver-zadnyaya-levaya-xiaomi-su7-1877/","true","avito_external","confirmed_by_owner","company_avito_account","true","manual_review_required","manual_review_required","manual_review_required","manual_review_required","manual_review_required","review_quality_availability_resolution_and_product_match"
"1878","7947933232","/catalog/product/kryshka-bagazhnika-kia-k3-1878/","true","avito_external","confirmed_by_owner","company_avito_account","true","manual_review_required","manual_review_required","manual_review_required","manual_review_required","manual_review_required","review_quality_availability_resolution_and_product_match"
"1879","7596953853","/catalog/product/dver-zadnyaya-levaya-changan-cs35-plus-1879/","true","avito_external","confirmed_by_owner","company_avito_account","true","manual_review_required","manual_review_required","manual_review_required","manual_review_required","manual_review_required","review_quality_availability_resolution_and_product_match"
"1880","8044410480","/catalog/product/krylo-perednee-levoe-byd-yangwang-u8l-1880/","true","avito_external","confirmed_by_owner","company_avito_account","true","manual_review_required","manual_review_required","manual_review_required","manual_review_required","manual_review_required","review_quality_availability_resolution_and_product_match"
"1881","4140600453","/catalog/product/zerkalo-zadnego-vida-pravoe-v-sbore-geely-monjaro-1881/","true","avito_external","confirmed_by_owner","company_avito_account","true","manual_review_required","manual_review_required","manual_review_required","manual_review_required","manual_review_required","review_quality_availability_resolution_and_product_match"
"1882","4333335847","/catalog/product/nakladka-arki-dveri-zadnei-pravoi-na-voyah-free-o-1882/","true","avito_external","confirmed_by_owner","company_avito_account","true","manual_review_required","manual_review_required","manual_review_required","manual_review_required","manual_review_required","review_quality_availability_resolution_and_product_match"
"1883","8108189281","/catalog/product/krylo-perednee-pravoe-byd-seal-06-gt-1883/","false","missing","confirmed_by_owner","company_avito_account","true","manual_review_required","manual_review_required","manual_review_required","manual_review_required","manual_review_required","review_quality_availability_resolution_and_product_match"
"1884","8108681286","/catalog/product/pravaya-chast-zadnego-bampera-toyota-rav4-v-1884/","true","avito_external","confirmed_by_owner","company_avito_account","true","manual_review_required","manual_review_required","manual_review_required","manual_review_required","manual_review_required","review_quality_availability_resolution_and_product_match"
"1885","7660220083","/catalog/product/dver-perednyaya-levaya-exeed-txl-1885/","true","avito_external","confirmed_by_owner","company_avito_account","true","manual_review_required","manual_review_required","manual_review_required","manual_review_required","manual_review_required","review_quality_availability_resolution_and_product_match"
"1886","4044612117","/catalog/product/bamper-perednii-v-sbore-nouskat-zeekr-001-1886/","true","avito_external","confirmed_by_owner","company_avito_account","true","manual_review_required","manual_review_required","manual_review_required","manual_review_required","manual_review_required","review_quality_availability_resolution_and_product_match"
"1887","8075989628","/catalog/product/podkrylok-perednii-levyi-tank-500-1887/","true","avito_external","confirmed_by_owner","company_avito_account","true","manual_review_required","manual_review_required","manual_review_required","manual_review_required","manual_review_required","review_quality_availability_resolution_and_product_match"
"1888","8044646366","/catalog/product/zerkalo-pravoe-aito-m8-1888/","true","avito_external","confirmed_by_owner","company_avito_account","true","manual_review_required","manual_review_required","manual_review_required","manual_review_required","manual_review_required","review_quality_availability_resolution_and_product_match"
"1889","7980256661","/catalog/product/nakladka-pravoi-perednei-dveri-hongqi-hs5-1889/","true","avito_external","confirmed_by_owner","company_avito_account","true","manual_review_required","manual_review_required","manual_review_required","manual_review_required","manual_review_required","review_quality_availability_resolution_and_product_match"
"1890","8012293095","/catalog/product/nizhnyaya-reshetka-perednego-bampera-geely-galaxy-m9-1890/","true","avito_external","confirmed_by_owner","company_avito_account","true","manual_review_required","manual_review_required","manual_review_required","manual_review_required","manual_review_required","review_quality_availability_resolution_and_product_match"
"1891","7948498077","/catalog/product/pravoe-zerkalo-baic-bj40-1891/","false","missing","confirmed_by_owner","company_avito_account","true","manual_review_required","manual_review_required","manual_review_required","manual_review_required","manual_review_required","review_quality_availability_resolution_and_product_match"
"1892","7980140591","/catalog/product/nizhnyaya-nakladka-perednego-bampera-wey-07-1892/","true","avito_external","confirmed_by_owner","company_avito_account","true","manual_review_required","manual_review_required","manual_review_required","manual_review_required","manual_review_required","review_quality_availability_resolution_and_product_match"
"1893","8044575648","/catalog/product/zadnii-bamper-aito-m8-1893/","true","avito_external","confirmed_by_owner","company_avito_account","true","manual_review_required","manual_review_required","manual_review_required","manual_review_required","manual_review_required","review_quality_availability_resolution_and_product_match"
"1894","7980351121","/catalog/product/kryshka-bagazhnika-changan-deepal-s7-1894/","true","avito_external","confirmed_by_owner","company_avito_account","true","manual_review_required","manual_review_required","manual_review_required","manual_review_required","manual_review_required","review_quality_availability_resolution_and_product_match"
"1895","8076453029","/catalog/product/zadnii-bamper-voyah-dream-1895/","true","avito_external","confirmed_by_owner","company_avito_account","true","manual_review_required","manual_review_required","manual_review_required","manual_review_required","manual_review_required","review_quality_availability_resolution_and_product_match"
"1896","7980730161","/catalog/product/zerkalo-levoe-wey-80-1896/","true","avito_external","confirmed_by_owner","company_avito_account","true","manual_review_required","manual_review_required","manual_review_required","manual_review_required","manual_review_required","review_quality_availability_resolution_and_product_match"
"1897","4141218365","/catalog/product/kronshtein-perednego-bampera-levyi-metall-geely-mon-1897/","true","avito_external","confirmed_by_owner","company_avito_account","true","manual_review_required","manual_review_required","manual_review_required","manual_review_required","manual_review_required","review_quality_availability_resolution_and_product_match"
"1898","7500807504","/catalog/product/reshetka-perednego-bampera-pravaya-mercedes-benz-g-c-1898/","false","missing","confirmed_by_owner","company_avito_account","true","manual_review_required","manual_review_required","manual_review_required","manual_review_required","manual_review_required","review_quality_availability_resolution_and_product_match"
"1899","8076175797","/catalog/product/nakladka-na-pravuyu-perednyuyu-dver-voyah-dream-1899/","true","avito_external","confirmed_by_owner","company_avito_account","true","manual_review_required","manual_review_required","manual_review_required","manual_review_required","manual_review_required","review_quality_availability_resolution_and_product_match"
"1900","7884136832","/catalog/product/zadnyaya-levaya-dver-livan-x6-pro-1900/","true","avito_external","confirmed_by_owner","company_avito_account","true","manual_review_required","manual_review_required","manual_review_required","manual_review_required","manual_review_required","review_quality_availability_resolution_and_product_match"
"1901","8108594297","/catalog/product/deflektor-radiatora-pravyi-haval-xiaolong-hi4-1901/","true","avito_external","confirmed_by_owner","company_avito_account","true","manual_review_required","manual_review_required","manual_review_required","manual_review_required","manual_review_required","review_quality_availability_resolution_and_product_match"
"1902","7916707857","/catalog/product/nakladka-zadnei-levoi-dveri-nizhnyaya-livan-x3-pro-1902/","true","avito_external","confirmed_by_owner","company_avito_account","true","manual_review_required","manual_review_required","manual_review_required","manual_review_required","manual_review_required","review_quality_availability_resolution_and_product_match"
"1903","7788776222","/catalog/product/dver-perednyaya-pravaya-toyota-highlander-2025g-1903/","true","avito_external","confirmed_by_owner","company_avito_account","true","manual_review_required","manual_review_required","manual_review_required","manual_review_required","manual_review_required","review_quality_availability_resolution_and_product_match"
"1904","7372248797","/catalog/product/dver-perednyaya-levaya-li-7-original-1904/","false","missing","confirmed_by_owner","company_avito_account","true","manual_review_required","manual_review_required","manual_review_required","manual_review_required","manual_review_required","review_quality_availability_resolution_and_product_match"
"1905","7948643552","/catalog/product/perednyaya-dver-pravaya-toyota-highlander-xu70-1905/","true","avito_external","confirmed_by_owner","company_avito_account","true","manual_review_required","manual_review_required","manual_review_required","manual_review_required","manual_review_required","review_quality_availability_resolution_and_product_match"
"1906","8012815863","/catalog/product/reshetka-perednego-bampera-byd-titanium-7-1906/","true","avito_external","confirmed_by_owner","company_avito_account","true","manual_review_required","manual_review_required","manual_review_required","manual_review_required","manual_review_required","review_quality_availability_resolution_and_product_match"
"1907","8108583072","/catalog/product/perednyaya-pravaya-dver-toyota-rav4-v-1907/","true","avito_external","confirmed_by_owner","company_avito_account","true","manual_review_required","manual_review_required","manual_review_required","manual_review_required","manual_review_required","review_quality_availability_resolution_and_product_match"
"1908","8108542366","/catalog/product/pravaya-chast-zadnego-bampera-kia-sportage-china-v-1908/","true","avito_external","confirmed_by_owner","company_avito_account","true","manual_review_required","manual_review_required","manual_review_required","manual_review_required","manual_review_required","review_quality_availability_resolution_and_product_match"
"1909","7564262612","/catalog/product/amortizator-perednego-bampera-polar-stone-01-1909/","true","avito_external","confirmed_by_owner","company_avito_account","true","manual_review_required","manual_review_required","manual_review_required","manual_review_required","manual_review_required","review_quality_availability_resolution_and_product_match"
"1910","8076249833","/catalog/product/kapot-changan-hanter-plus-1910/","true","avito_external","confirmed_by_owner","company_avito_account","true","manual_review_required","manual_review_required","manual_review_required","manual_review_required","manual_review_required","review_quality_availability_resolution_and_product_match"
"1911","8076757662","/catalog/product/podkrylok-perednii-levyi-kia-k5-1911/","true","avito_external","confirmed_by_owner","company_avito_account","true","manual_review_required","manual_review_required","manual_review_required","manual_review_required","manual_review_required","review_quality_availability_resolution_and_product_match"
"1912","4141427249","/catalog/product/molding-zadnego-bampera-pravyi-geely-monjaro-orig-1912/","true","avito_external","confirmed_by_owner","company_avito_account","true","manual_review_required","manual_review_required","manual_review_required","manual_review_required","manual_review_required","review_quality_availability_resolution_and_product_match"
"1913","7948244645","/catalog/product/perednii-bamper-baic-x55-1913/","true","avito_external","confirmed_by_owner","company_avito_account","true","manual_review_required","manual_review_required","manual_review_required","manual_review_required","manual_review_required","review_quality_availability_resolution_and_product_match"
"1914","7948410266","/catalog/product/levaya-nakladka-per-bampera-geely-galaxy-l7-1914/","true","avito_external","confirmed_by_owner","company_avito_account","true","manual_review_required","manual_review_required","manual_review_required","manual_review_required","manual_review_required","review_quality_availability_resolution_and_product_match"
"1915","7948119785","/catalog/product/molding-kryshi-pravyi-baic-u5-plus-1915/","false","missing","confirmed_by_owner","company_avito_account","true","manual_review_required","manual_review_required","manual_review_required","manual_review_required","manual_review_required","review_quality_availability_resolution_and_product_match"
"1916","7948021445","/catalog/product/pravoe-perednee-krylo-baic-x7-1916/","true","avito_external","confirmed_by_owner","company_avito_account","true","manual_review_required","manual_review_required","manual_review_required","manual_review_required","manual_review_required","review_quality_availability_resolution_and_product_match"
"1917","7980130530","/catalog/product/dver-perednyaya-levaya-xiaomi-su7-1917/","true","avito_external","confirmed_by_owner","company_avito_account","true","manual_review_required","manual_review_required","manual_review_required","manual_review_required","manual_review_required","review_quality_availability_resolution_and_product_match"
"1918","4140952658","/catalog/product/molding-perednego-bampera-levyi-geely-monjaro-ori-1918/","true","avito_external","confirmed_by_owner","company_avito_account","true","manual_review_required","manual_review_required","manual_review_required","manual_review_required","manual_review_required","review_quality_availability_resolution_and_product_match"
"1919","7947928406","/catalog/product/zadnii-bamper-volkswagen-tayron-1919/","true","avito_external","confirmed_by_owner","company_avito_account","true","manual_review_required","manual_review_required","manual_review_required","manual_review_required","manual_review_required","review_quality_availability_resolution_and_product_match"
"1920","7820161284","/catalog/product/nakladka-levoi-zadnei-dveri-byd-leopard-5-1920/","true","avito_external","confirmed_by_owner","company_avito_account","true","manual_review_required","manual_review_required","manual_review_required","manual_review_required","manual_review_required","review_quality_availability_resolution_and_product_match"
"1921","7916441373","/catalog/product/nakladka-perednego-bampera-pravaya-livan-x3-pro-1921/","true","avito_external","confirmed_by_owner","company_avito_account","true","manual_review_required","manual_review_required","manual_review_required","manual_review_required","manual_review_required","review_quality_availability_resolution_and_product_match"
"1922","7884106838","/catalog/product/zadnyaya-pravaya-dver-livan-x6-pro-1922/","true","avito_external","confirmed_by_owner","company_avito_account","true","manual_review_required","manual_review_required","manual_review_required","manual_review_required","manual_review_required","review_quality_availability_resolution_and_product_match"
"1923","8012875582","/catalog/product/zerkalo-pravoe-byd-fangchengbao-titanium-7-1923/","true","avito_external","confirmed_by_owner","company_avito_account","true","manual_review_required","manual_review_required","manual_review_required","manual_review_required","manual_review_required","review_quality_availability_resolution_and_product_match"
"1924","7884727973","/catalog/product/perednyaya-levaya-dver-livan-x6-pro-1924/","true","avito_external","confirmed_by_owner","company_avito_account","true","manual_review_required","manual_review_required","manual_review_required","manual_review_required","manual_review_required","review_quality_availability_resolution_and_product_match"
"1925","8076867114","/catalog/product/kryshka-bagazhnika-livan-x6pro-1925/","true","avito_external","confirmed_by_owner","company_avito_account","true","manual_review_required","manual_review_required","manual_review_required","manual_review_required","manual_review_required","review_quality_availability_resolution_and_product_match"
"1926","7916054042","/catalog/product/nakladka-perednego-bampera-pravaya-livan-x6-pro-1926/","true","avito_external","confirmed_by_owner","company_avito_account","true","manual_review_required","manual_review_required","manual_review_required","manual_review_required","manual_review_required","review_quality_availability_resolution_and_product_match"
"1927","7915963513","/catalog/product/perednyaya-levaya-dver-livan-x3-pro-1927/","true","avito_external","confirmed_by_owner","company_avito_account","true","manual_review_required","manual_review_required","manual_review_required","manual_review_required","manual_review_required","review_quality_availability_resolution_and_product_match"
"1928","7980713883","/catalog/product/dver-perednyaya-pravaya-xiaomi-su7-1928/","true","avito_external","confirmed_by_owner","company_avito_account","true","manual_review_required","manual_review_required","manual_review_required","manual_review_required","manual_review_required","review_quality_availability_resolution_and_product_match"
"1929","7980735843","/catalog/product/kryshka-bagazhnika-byd-tang-l-1929/","true","avito_external","confirmed_by_owner","company_avito_account","true","manual_review_required","manual_review_required","manual_review_required","manual_review_required","manual_review_required","review_quality_availability_resolution_and_product_match"
"1930","8012747065","/catalog/product/kronshtein-perednego-bampera-levyi-livan-x6-pro-1930/","true","avito_external","confirmed_by_owner","company_avito_account","true","manual_review_required","manual_review_required","manual_review_required","manual_review_required","manual_review_required","review_quality_availability_resolution_and_product_match"
"1931","7980177075","/catalog/product/usilitel-zadnego-bampera-wey-07-1931/","true","avito_external","confirmed_by_owner","company_avito_account","true","manual_review_required","manual_review_required","manual_review_required","manual_review_required","manual_review_required","review_quality_availability_resolution_and_product_match"
"1932","7436593027","/catalog/product/kryshka-bagazhnika-omoda-c5-1932/","false","missing","confirmed_by_owner","company_avito_account","true","manual_review_required","manual_review_required","manual_review_required","manual_review_required","manual_review_required","review_quality_availability_resolution_and_product_match"
"1933","7948547724","/catalog/product/zadnyaya-dver-levaya-baic-bj40-1933/","true","avito_external","confirmed_by_owner","company_avito_account","true","manual_review_required","manual_review_required","manual_review_required","manual_review_required","manual_review_required","review_quality_availability_resolution_and_product_match"
"1934","7820222176","/catalog/product/bamper-perednii-verhnyaya-chast-byd-leopard-5-1934/","true","avito_external","confirmed_by_owner","company_avito_account","true","manual_review_required","manual_review_required","manual_review_required","manual_review_required","manual_review_required","review_quality_availability_resolution_and_product_match"
"1935","8012841220","/catalog/product/dver-perednyaya-pravaya-xiaomi-su-7-1935/","true","avito_external","confirmed_by_owner","company_avito_account","true","manual_review_required","manual_review_required","manual_review_required","manual_review_required","manual_review_required","review_quality_availability_resolution_and_product_match"
"1936","8076859736","/catalog/product/absorber-perednego-bampera-toyota-corolla-1936/","true","avito_external","confirmed_by_owner","company_avito_account","true","manual_review_required","manual_review_required","manual_review_required","manual_review_required","manual_review_required","review_quality_availability_resolution_and_product_match"
"1937","8044223774","/catalog/product/krylo-perednee-levoe-voyah-taishan-1937/","true","avito_external","confirmed_by_owner","company_avito_account","true","manual_review_required","manual_review_required","manual_review_required","manual_review_required","manual_review_required","review_quality_availability_resolution_and_product_match"
"1938","8107999441","/catalog/product/podkrylok-zadnii-pravyi-baw-bj-212-1938/","false","missing","confirmed_by_owner","company_avito_account","true","manual_review_required","manual_review_required","manual_review_required","manual_review_required","manual_review_required","review_quality_availability_resolution_and_product_match"
"1939","8108246223","/catalog/product/zadnii-bamper-volkswagen-tavendor-1939/","true","avito_external","confirmed_by_owner","company_avito_account","true","manual_review_required","manual_review_required","manual_review_required","manual_review_required","manual_review_required","review_quality_availability_resolution_and_product_match"
"1940","8076267417","/catalog/product/levoe-perednee-krylo-kia-seltos-1940/","true","avito_external","confirmed_by_owner","company_avito_account","true","manual_review_required","manual_review_required","manual_review_required","manual_review_required","manual_review_required","review_quality_availability_resolution_and_product_match"
"1941","7948044285","/catalog/product/zadnyaya-pravaya-dver-geely-galaxy-l7-1941/","true","avito_external","confirmed_by_owner","company_avito_account","true","manual_review_required","manual_review_required","manual_review_required","manual_review_required","manual_review_required","review_quality_availability_resolution_and_product_match"
"1942","7948044844","/catalog/product/reiling-levyi-baic-x7-1942/","false","missing","confirmed_by_owner","company_avito_account","true","manual_review_required","manual_review_required","manual_review_required","manual_review_required","manual_review_required","review_quality_availability_resolution_and_product_match"
"1943","7916401037","/catalog/product/nakladka-zadnego-pravogo-kryla-livan-x3-pro-1943/","true","avito_external","confirmed_by_owner","company_avito_account","true","manual_review_required","manual_review_required","manual_review_required","manual_review_required","manual_review_required","review_quality_availability_resolution_and_product_match"
"1944","7948155232","/catalog/product/zadnii-bamper-toyota-highlander-xu70-1944/","true","avito_external","confirmed_by_owner","company_avito_account","true","manual_review_required","manual_review_required","manual_review_required","manual_review_required","manual_review_required","review_quality_availability_resolution_and_product_match"
"1945","8076158158","/catalog/product/krylo-perednee-pravoe-changan-hanter-plus-1945/","true","avito_external","confirmed_by_owner","company_avito_account","true","manual_review_required","manual_review_required","manual_review_required","manual_review_required","manual_review_required","review_quality_availability_resolution_and_product_match"
"1946","7916672650","/catalog/product/nakladka-zadnego-bampera-levaya-livan-x3-pro-1946/","true","avito_external","confirmed_by_owner","company_avito_account","true","manual_review_required","manual_review_required","manual_review_required","manual_review_required","manual_review_required","review_quality_availability_resolution_and_product_match"
"1947","7948716911","/catalog/product/diffuzor-zadnego-bampera-volkswagen-tayron-1947/","false","missing","confirmed_by_owner","company_avito_account","true","manual_review_required","manual_review_required","manual_review_required","manual_review_required","manual_review_required","review_quality_availability_resolution_and_product_match"
"1948","7948525724","/catalog/product/kapot-baic-u5-plus-1948/","true","avito_external","confirmed_by_owner","company_avito_account","true","manual_review_required","manual_review_required","manual_review_required","manual_review_required","manual_review_required","review_quality_availability_resolution_and_product_match"
"1949","7244668244","/catalog/product/voyah-free-bamper-zadnii-1949/","true","avito_external","confirmed_by_owner","company_avito_account","true","manual_review_required","manual_review_required","manual_review_required","manual_review_required","manual_review_required","review_quality_availability_resolution_and_product_match"
"1950","8108526992","/catalog/product/levyi-zadnii-podkrylok-voyah-passion-1950/","true","avito_external","confirmed_by_owner","company_avito_account","true","manual_review_required","manual_review_required","manual_review_required","manual_review_required","manual_review_required","review_quality_availability_resolution_and_product_match"
"1951","4077338155","/catalog/product/nouskat-bamper-perednii-v-sbore-voyah-free-1951/","true","avito_external","confirmed_by_owner","company_avito_account","true","manual_review_required","manual_review_required","manual_review_required","manual_review_required","manual_review_required","review_quality_availability_resolution_and_product_match"
"1952","7980853533","/catalog/product/zerkalo-pravoe-xiaomi-su7-1952/","true","avito_external","confirmed_by_owner","company_avito_account","true","manual_review_required","manual_review_required","manual_review_required","manual_review_required","manual_review_required","review_quality_availability_resolution_and_product_match"
"1953","7980808341","/catalog/product/kapot-wey-07-1953/","true","avito_external","confirmed_by_owner","company_avito_account","true","manual_review_required","manual_review_required","manual_review_required","manual_review_required","manual_review_required","review_quality_availability_resolution_and_product_match"
"1954","8076721254","/catalog/product/ramka-radiatora-kia-k5-1954/","true","avito_external","confirmed_by_owner","company_avito_account","true","manual_review_required","manual_review_required","manual_review_required","manual_review_required","manual_review_required","review_quality_availability_resolution_and_product_match"
"1955","8076522972","/catalog/product/kryshka-bagazhnika-toyota-corolla-1955/","true","avito_external","confirmed_by_owner","company_avito_account","true","manual_review_required","manual_review_required","manual_review_required","manual_review_required","manual_review_required","review_quality_availability_resolution_and_product_match"
"1956","7244300020","/catalog/product/nakladka-perednei-paneli-geely-atlas-1956/","false","missing","confirmed_by_owner","company_avito_account","true","manual_review_required","manual_review_required","manual_review_required","manual_review_required","manual_review_required","review_quality_availability_resolution_and_product_match"
"1957","7948269376","/catalog/product/perednii-bamper-volkswagen-tayron-1957/","true","avito_external","confirmed_by_owner","company_avito_account","true","manual_review_required","manual_review_required","manual_review_required","manual_review_required","manual_review_required","review_quality_availability_resolution_and_product_match"
"1958","7980489085","/catalog/product/krylo-perednee-levoe-xiaomi-su7-1958/","true","avito_external","confirmed_by_owner","company_avito_account","true","manual_review_required","manual_review_required","manual_review_required","manual_review_required","manual_review_required","review_quality_availability_resolution_and_product_match"
"1959","7948159060","/catalog/product/nakladka-na-zadnii-bamper-verhnyaya-baic-bj40-1959/","false","missing","confirmed_by_owner","company_avito_account","true","manual_review_required","manual_review_required","manual_review_required","manual_review_required","manual_review_required","review_quality_availability_resolution_and_product_match"
"1960","8108341681","/catalog/product/perednii-bamper-haval-xiaolong-hi4-1960/","true","avito_external","confirmed_by_owner","company_avito_account","true","manual_review_required","manual_review_required","manual_review_required","manual_review_required","manual_review_required","review_quality_availability_resolution_and_product_match"
"1961","8108090670","/catalog/product/nizhnyaya-nakladka-perednego-bampera-exeed-exlantix-es-e3-1961/","true","avito_external","confirmed_by_owner","company_avito_account","true","manual_review_required","manual_review_required","manual_review_required","manual_review_required","manual_review_required","review_quality_availability_resolution_and_product_match"
"1962","8076794870","/catalog/product/usilitel-zadnego-bampera-voyah-dream-1962/","true","avito_external","confirmed_by_owner","company_avito_account","true","manual_review_required","manual_review_required","manual_review_required","manual_review_required","manual_review_required","review_quality_availability_resolution_and_product_match"
"1963","8076214824","/catalog/product/krylo-perednee-levoe-tank-500-1963/","true","avito_external","confirmed_by_owner","company_avito_account","true","manual_review_required","manual_review_required","manual_review_required","manual_review_required","manual_review_required","review_quality_availability_resolution_and_product_match"
"1964","7596951973","/catalog/product/levaya-perednyaya-dver-haval-jolion-restailing-1964/","true","avito_external","confirmed_by_owner","company_avito_account","true","manual_review_required","manual_review_required","manual_review_required","manual_review_required","manual_review_required","review_quality_availability_resolution_and_product_match"
"1965","7948843974","/catalog/product/dver-zadnyaya-levaya-baic-x35-1965/","true","avito_external","confirmed_by_owner","company_avito_account","true","manual_review_required","manual_review_required","manual_review_required","manual_review_required","manual_review_required","review_quality_availability_resolution_and_product_match"
"1966","7500293420","/catalog/product/nakladka-kryla-perednego-pravogo-mercedes-g-class-1966/","false","missing","confirmed_by_owner","company_avito_account","true","manual_review_required","manual_review_required","manual_review_required","manual_review_required","manual_review_required","review_quality_availability_resolution_and_product_match"
"1967","7820681802","/catalog/product/bamper-perednii-niz-byd-leopard-5-1967/","true","avito_external","confirmed_by_owner","company_avito_account","true","manual_review_required","manual_review_required","manual_review_required","manual_review_required","manual_review_required","review_quality_availability_resolution_and_product_match"
"1968","7980907706","/catalog/product/nizhnyaya-nakladka-zadnego-bampera-toyota-camry-xv80-1968/","true","avito_external","confirmed_by_owner","company_avito_account","true","manual_review_required","manual_review_required","manual_review_required","manual_review_required","manual_review_required","review_quality_availability_resolution_and_product_match"
"1969","8044534999","/catalog/product/kapot-aito-m8-1969/","true","avito_external","confirmed_by_owner","company_avito_account","true","manual_review_required","manual_review_required","manual_review_required","manual_review_required","manual_review_required","review_quality_availability_resolution_and_product_match"
"1970","7980114528","/catalog/product/usilitel-zadnego-bampera-wey-80-1970/","false","missing","confirmed_by_owner","company_avito_account","true","manual_review_required","manual_review_required","manual_review_required","manual_review_required","manual_review_required","review_quality_availability_resolution_and_product_match"
"1971","7820262713","/catalog/product/bokovaya-pravaya-chast-great-wall-poer-1971/","false","missing","confirmed_by_owner","company_avito_account","true","manual_review_required","manual_review_required","manual_review_required","manual_review_required","manual_review_required","review_quality_availability_resolution_and_product_match"
"1972","8108501365","/catalog/product/perednee-pravoe-krylo-changan-cs75-plus-1972/","true","avito_external","confirmed_by_owner","company_avito_account","true","manual_review_required","manual_review_required","manual_review_required","manual_review_required","manual_review_required","review_quality_availability_resolution_and_product_match"
"1973","8012184441","/catalog/product/zadnii-bamper-geely-preface-1973/","true","avito_external","confirmed_by_owner","company_avito_account","true","manual_review_required","manual_review_required","manual_review_required","manual_review_required","manual_review_required","review_quality_availability_resolution_and_product_match"
"1974","7372798162","/catalog/product/krylo-perednee-levoe-great-wall-poer-kingkong-1974/","true","avito_external","confirmed_by_owner","company_avito_account","true","manual_review_required","manual_review_required","manual_review_required","manual_review_required","manual_review_required","review_quality_availability_resolution_and_product_match"
"1975","7916084133","/catalog/product/bamper-perednii-livan-x3pro-1975/","true","avito_external","confirmed_by_owner","company_avito_account","true","manual_review_required","manual_review_required","manual_review_required","manual_review_required","manual_review_required","review_quality_availability_resolution_and_product_match"
"1976","7948398741","/catalog/product/levaya-perednyaya-dver-baic-u5-plus-1976/","true","avito_external","confirmed_by_owner","company_avito_account","true","manual_review_required","manual_review_required","manual_review_required","manual_review_required","manual_review_required","review_quality_availability_resolution_and_product_match"
"1977","8108490311","/catalog/product/levaya-nakladka-poroga-voyah-passion-1977/","false","missing","confirmed_by_owner","company_avito_account","true","manual_review_required","manual_review_required","manual_review_required","manual_review_required","manual_review_required","review_quality_availability_resolution_and_product_match"
"1978","8044438478","/catalog/product/ramka-radiatora-volkswagen-talagon-1978/","true","avito_external","confirmed_by_owner","company_avito_account","true","manual_review_required","manual_review_required","manual_review_required","manual_review_required","manual_review_required","review_quality_availability_resolution_and_product_match"
"1979","7916771861","/catalog/product/bamper-perednii-geely-vision-x6-pro-1979/","false","missing","confirmed_by_owner","company_avito_account","true","manual_review_required","manual_review_required","manual_review_required","manual_review_required","manual_review_required","review_quality_availability_resolution_and_product_match"
"1980","7468378694","/catalog/product/zadnyaya-pravaya-dver-geely-coolrey-original-1980/","true","avito_external","confirmed_by_owner","company_avito_account","true","manual_review_required","manual_review_required","manual_review_required","manual_review_required","manual_review_required","review_quality_availability_resolution_and_product_match"
"1981","8044453872","/catalog/product/dver-zadnyaya-pravaya-voyah-taishan-1981/","true","avito_external","confirmed_by_owner","company_avito_account","true","manual_review_required","manual_review_required","manual_review_required","manual_review_required","manual_review_required","review_quality_availability_resolution_and_product_match"
"1982","8108809631","/catalog/product/pylnik-perednego-bampera-haval-xiaolong-hi4-1982/","true","avito_external","confirmed_by_owner","company_avito_account","true","manual_review_required","manual_review_required","manual_review_required","manual_review_required","manual_review_required","review_quality_availability_resolution_and_product_match"
"1983","7788362944","/catalog/product/bamper-perednii-toyota-camry-xv-80-1983/","true","avito_external","confirmed_by_owner","company_avito_account","true","manual_review_required","manual_review_required","manual_review_required","manual_review_required","manual_review_required","review_quality_availability_resolution_and_product_match"
"1984","7916507755","/catalog/product/ramka-radiatora-pravaya-livan-x3-pro-1984/","true","avito_external","confirmed_by_owner","company_avito_account","true","manual_review_required","manual_review_required","manual_review_required","manual_review_required","manual_review_required","review_quality_availability_resolution_and_product_match"
"1985","7980491527","/catalog/product/usilitel-perednego-bampera-wey-07-1985/","true","avito_external","confirmed_by_owner","company_avito_account","true","manual_review_required","manual_review_required","manual_review_required","manual_review_required","manual_review_required","review_quality_availability_resolution_and_product_match"
"1986","4140826954","/catalog/product/bamper-perednii-lixiang-l7-v-sbore-original-1986/","true","avito_external","confirmed_by_owner","company_avito_account","true","manual_review_required","manual_review_required","manual_review_required","manual_review_required","manual_review_required","review_quality_availability_resolution_and_product_match"
"1987","8076070833","/catalog/product/zadnii-bamper-changan-cs95-1987/","true","avito_external","confirmed_by_owner","company_avito_account","true","manual_review_required","manual_review_required","manual_review_required","manual_review_required","manual_review_required","review_quality_availability_resolution_and_product_match"
"1988","7948068590","/catalog/product/levaya-zadnyaya-dver-baic-u5-plus-1988/","true","avito_external","confirmed_by_owner","company_avito_account","true","manual_review_required","manual_review_required","manual_review_required","manual_review_required","manual_review_required","review_quality_availability_resolution_and_product_match"
"1989","7980293403","/catalog/product/dver-zadnyaya-pravaya-wey-80-1989/","true","avito_external","confirmed_by_owner","company_avito_account","true","manual_review_required","manual_review_required","manual_review_required","manual_review_required","manual_review_required","review_quality_availability_resolution_and_product_match"
"1990","4300580387","/catalog/product/kryshka-bagazhnika-lixiang-l7-original-1990/","true","avito_external","confirmed_by_owner","company_avito_account","true","manual_review_required","manual_review_required","manual_review_required","manual_review_required","manual_review_required","review_quality_availability_resolution_and_product_match"
"1991","7948629790","/catalog/product/absorber-perednego-bampera-toyota-highlander-xu70-1991/","true","avito_external","confirmed_by_owner","company_avito_account","true","manual_review_required","manual_review_required","manual_review_required","manual_review_required","manual_review_required","review_quality_availability_resolution_and_product_match"
"1992","7980240533","/catalog/product/usilitel-zadnego-bampera-toyota-camry-xv80-1992/","false","missing","confirmed_by_owner","company_avito_account","true","manual_review_required","manual_review_required","manual_review_required","manual_review_required","manual_review_required","review_quality_availability_resolution_and_product_match"
"1993","7916639760","/catalog/product/reshetka-radiatora-geely-okavango-1993/","true","avito_external","confirmed_by_owner","company_avito_account","true","manual_review_required","manual_review_required","manual_review_required","manual_review_required","manual_review_required","review_quality_availability_resolution_and_product_match"
"1994","7948810102","/catalog/product/spoiler-zadnei-dveri-baic-x7-1994/","true","avito_external","confirmed_by_owner","company_avito_account","true","manual_review_required","manual_review_required","manual_review_required","manual_review_required","manual_review_required","review_quality_availability_resolution_and_product_match"
"1995","8108059618","/catalog/product/zerkalo-levoe-volkswagen-tavendor-1995/","true","avito_external","confirmed_by_owner","company_avito_account","true","manual_review_required","manual_review_required","manual_review_required","manual_review_required","manual_review_required","review_quality_availability_resolution_and_product_match"
"1996","8108803596","/catalog/product/podkrylok-zadnii-levyi-exeed-exlantix-es-e3-1996/","true","avito_external","confirmed_by_owner","company_avito_account","true","manual_review_required","manual_review_required","manual_review_required","manual_review_required","manual_review_required","review_quality_availability_resolution_and_product_match"
"1997","8044744486","/catalog/product/reshetka-perednego-bampera-aito-m8-1997/","true","avito_external","confirmed_by_owner","company_avito_account","true","manual_review_required","manual_review_required","manual_review_required","manual_review_required","manual_review_required","review_quality_availability_resolution_and_product_match"
"1998","7948800212","/catalog/product/reiling-pravyi-baic-x7-1998/","false","missing","confirmed_by_owner","company_avito_account","true","manual_review_required","manual_review_required","manual_review_required","manual_review_required","manual_review_required","review_quality_availability_resolution_and_product_match"
"1999","8076889493","/catalog/product/dver-zadnyaya-levaya-tank-500-1999/","true","avito_external","confirmed_by_owner","company_avito_account","true","manual_review_required","manual_review_required","manual_review_required","manual_review_required","manual_review_required","review_quality_availability_resolution_and_product_match"
"2000","7980219400","/catalog/product/kryshka-bagazhnika-xiaomi-su7-2000/","true","avito_external","confirmed_by_owner","company_avito_account","true","manual_review_required","manual_review_required","manual_review_required","manual_review_required","manual_review_required","review_quality_availability_resolution_and_product_match"
"2001","7468974986","/catalog/product/kolpak-zapasnogo-kolesa-jetour-t2-2001/","true","avito_external","confirmed_by_owner","company_avito_account","true","manual_review_required","manual_review_required","manual_review_required","manual_review_required","manual_review_required","review_quality_availability_resolution_and_product_match"
"2002","8076265087","/catalog/product/kryshka-bagazhnika-kia-k5-2002/","true","avito_external","confirmed_by_owner","company_avito_account","true","manual_review_required","manual_review_required","manual_review_required","manual_review_required","manual_review_required","review_quality_availability_resolution_and_product_match"
"2003","8108637310","/catalog/product/levoe-perednee-krylo-volkswagen-tavendor-2003/","true","avito_external","confirmed_by_owner","company_avito_account","true","manual_review_required","manual_review_required","manual_review_required","manual_review_required","manual_review_required","review_quality_availability_resolution_and_product_match"
"2004","7980165399","/catalog/product/pravaya-panel-perednego-bampera-wey-80-2004/","false","missing","confirmed_by_owner","company_avito_account","true","manual_review_required","manual_review_required","manual_review_required","manual_review_required","manual_review_required","review_quality_availability_resolution_and_product_match"
"2005","7628676454","/catalog/product/bamper-perednii-lexus-rx-2005/","false","missing","confirmed_by_owner","company_avito_account","true","manual_review_required","manual_review_required","manual_review_required","manual_review_required","manual_review_required","review_quality_availability_resolution_and_product_match"
"2006","7947971987","/catalog/product/pravaya-perednyaya-dver-baic-x55-2006/","true","avito_external","confirmed_by_owner","company_avito_account","true","manual_review_required","manual_review_required","manual_review_required","manual_review_required","manual_review_required","review_quality_availability_resolution_and_product_match"
"2007","7980672437","/catalog/product/zerkalo-levoe-byd-tang-l-2007/","false","missing","confirmed_by_owner","company_avito_account","true","manual_review_required","manual_review_required","manual_review_required","manual_review_required","manual_review_required","review_quality_availability_resolution_and_product_match"
"2008","7980788700","/catalog/product/dver-zadnyaya-levaya-wey-07-2008/","true","avito_external","confirmed_by_owner","company_avito_account","true","manual_review_required","manual_review_required","manual_review_required","manual_review_required","manual_review_required","review_quality_availability_resolution_and_product_match"
"2009","8108363555","/catalog/product/nizhnyaya-chast-zadnego-bampera-haval-xiaolong-hi4-2009/","true","avito_external","confirmed_by_owner","company_avito_account","true","manual_review_required","manual_review_required","manual_review_required","manual_review_required","manual_review_required","review_quality_availability_resolution_and_product_match"
"2010","7916870533","/catalog/product/nakladka-poroga-pravaya-vneshnyaya-livan-x3-pro-2010/","true","avito_external","confirmed_by_owner","company_avito_account","true","manual_review_required","manual_review_required","manual_review_required","manual_review_required","manual_review_required","review_quality_availability_resolution_and_product_match"
"2011","7948789510","/catalog/product/nakladka-zadnego-bampera-kia-k3-2011/","true","avito_external","confirmed_by_owner","company_avito_account","true","manual_review_required","manual_review_required","manual_review_required","manual_review_required","manual_review_required","review_quality_availability_resolution_and_product_match"
"2012","7948220605","/catalog/product/krylo-perednee-pravoe-kia-k3-2012/","true","avito_external","confirmed_by_owner","company_avito_account","true","manual_review_required","manual_review_required","manual_review_required","manual_review_required","manual_review_required","review_quality_availability_resolution_and_product_match"
"2013","7884882334","/catalog/product/bamper-zadnii-nizhnya-chast-zeekr-007-2013/","true","avito_external","confirmed_by_owner","company_avito_account","true","manual_review_required","manual_review_required","manual_review_required","manual_review_required","manual_review_required","review_quality_availability_resolution_and_product_match"
"2014","8012464589","/catalog/product/dver-zadnyaya-pravaya-geely-galaxy-m9-2014/","true","avito_external","confirmed_by_owner","company_avito_account","true","manual_review_required","manual_review_required","manual_review_required","manual_review_required","manual_review_required","review_quality_availability_resolution_and_product_match"
"2015","8044807857","/catalog/product/podkrylok-perednii-levyi-volkswagen-talagon-2015/","true","avito_external","confirmed_by_owner","company_avito_account","true","manual_review_required","manual_review_required","manual_review_required","manual_review_required","manual_review_required","review_quality_availability_resolution_and_product_match"
"2016","8012609469","/catalog/product/dver-zadnyaya-levaya-byd-fangchengbao-titanium-7-2016/","true","avito_external","confirmed_by_owner","company_avito_account","true","manual_review_required","manual_review_required","manual_review_required","manual_review_required","manual_review_required","review_quality_availability_resolution_and_product_match"
"2017","8107940348","/catalog/product/podkrylok-levyi-zadnii-aito-m8-2017/","false","missing","confirmed_by_owner","company_avito_account","true","manual_review_required","manual_review_required","manual_review_required","manual_review_required","manual_review_required","review_quality_availability_resolution_and_product_match"
"2018","4140622003","/catalog/product/kronshtein-parkovochnogo-radara-zadnii-pravyi-geely-2018/","true","avito_external","confirmed_by_owner","company_avito_account","true","manual_review_required","manual_review_required","manual_review_required","manual_review_required","manual_review_required","review_quality_availability_resolution_and_product_match"
"2019","7980033691","/catalog/product/nakladka-zadnei-pravoi-dveri-wey-80-2019/","true","avito_external","confirmed_by_owner","company_avito_account","true","manual_review_required","manual_review_required","manual_review_required","manual_review_required","manual_review_required","review_quality_availability_resolution_and_product_match"
"2020","8076268083","/catalog/product/ramka-radiatora-levaya-chast-toyota-corolla-2020/","true","avito_external","confirmed_by_owner","company_avito_account","true","manual_review_required","manual_review_required","manual_review_required","manual_review_required","manual_review_required","review_quality_availability_resolution_and_product_match"
"2021","8076020057","/catalog/product/nakladka-na-kryshku-bagazhnika-voyah-dream-2021/","true","avito_external","confirmed_by_owner","company_avito_account","true","manual_review_required","manual_review_required","manual_review_required","manual_review_required","manual_review_required","review_quality_availability_resolution_and_product_match"
"2022","8044562675","/catalog/product/kryshka-bagazhnika-voyah-taishan-2022/","true","avito_external","confirmed_by_owner","company_avito_account","true","manual_review_required","manual_review_required","manual_review_required","manual_review_required","manual_review_required","review_quality_availability_resolution_and_product_match"
"2023","4140631225","/catalog/product/kronshtein-zadnego-bampera-pravyi-geely-monjaro-or-2023/","true","avito_external","confirmed_by_owner","company_avito_account","true","manual_review_required","manual_review_required","manual_review_required","manual_review_required","manual_review_required","review_quality_availability_resolution_and_product_match"
"2024","7948898349","/catalog/product/dver-zadnyaya-pravaya-baic-x35-2024/","true","avito_external","confirmed_by_owner","company_avito_account","true","manual_review_required","manual_review_required","manual_review_required","manual_review_required","manual_review_required","review_quality_availability_resolution_and_product_match"
"2025","7916825162","/catalog/product/zadnii-bamper-livan-x3-pro-2025/","true","avito_external","confirmed_by_owner","company_avito_account","true","manual_review_required","manual_review_required","manual_review_required","manual_review_required","manual_review_required","review_quality_availability_resolution_and_product_match"
"2026","8108546348","/catalog/product/kryshka-bagazhnika-toyota-rav4-v-2026/","true","avito_external","confirmed_by_owner","company_avito_account","true","manual_review_required","manual_review_required","manual_review_required","manual_review_required","manual_review_required","review_quality_availability_resolution_and_product_match"
"2027","7948315724","/catalog/product/kapot-baic-x55-2027/","true","avito_external","confirmed_by_owner","company_avito_account","true","manual_review_required","manual_review_required","manual_review_required","manual_review_required","manual_review_required","review_quality_availability_resolution_and_product_match"
"2028","7468715757","/catalog/product/perednyaya-pravaya-dver-geely-coolrey-original-2028/","true","avito_external","confirmed_by_owner","company_avito_account","true","manual_review_required","manual_review_required","manual_review_required","manual_review_required","manual_review_required","review_quality_availability_resolution_and_product_match"
"2029","7947977974","/catalog/product/nizhnyaya-nakladka-per-bampera-toyota-highlander-2029/","true","avito_external","confirmed_by_owner","company_avito_account","true","manual_review_required","manual_review_required","manual_review_required","manual_review_required","manual_review_required","review_quality_availability_resolution_and_product_match"
"2030","8108752465","/catalog/product/krylo-perednee-levoe-baw-bj-212-2030/","true","avito_external","confirmed_by_owner","company_avito_account","true","manual_review_required","manual_review_required","manual_review_required","manual_review_required","manual_review_required","review_quality_availability_resolution_and_product_match"
"2031","8108865190","/catalog/product/ramka-radiatora-haval-xiaolong-hi4-2031/","true","avito_external","confirmed_by_owner","company_avito_account","true","manual_review_required","manual_review_required","manual_review_required","manual_review_required","manual_review_required","review_quality_availability_resolution_and_product_match"
"2032","4493108488","/catalog/product/reshetka-radiatora-haval-jolion-2032/","false","missing","confirmed_by_owner","company_avito_account","true","manual_review_required","manual_review_required","manual_review_required","manual_review_required","manual_review_required","review_quality_availability_resolution_and_product_match"
"2033","8108309849","/catalog/product/podkrylok-perednii-pravyi-baw-bj-212-2033/","false","missing","confirmed_by_owner","company_avito_account","true","manual_review_required","manual_review_required","manual_review_required","manual_review_required","manual_review_required","review_quality_availability_resolution_and_product_match"
"2034","8012826459","/catalog/product/kapot-byd-fangchengbao-titanium-7-2034/","true","avito_external","confirmed_by_owner","company_avito_account","true","manual_review_required","manual_review_required","manual_review_required","manual_review_required","manual_review_required","review_quality_availability_resolution_and_product_match"
"2035","4493252078","/catalog/product/dver-perednyaya-levaya-geely-monjaro-original-2035/","true","avito_external","confirmed_by_owner","company_avito_account","true","manual_review_required","manual_review_required","manual_review_required","manual_review_required","manual_review_required","review_quality_availability_resolution_and_product_match"
"2036","7980248674","/catalog/product/pravyi-zadnii-podkrylok-hongqi-hs5-2036/","true","avito_external","confirmed_by_owner","company_avito_account","true","manual_review_required","manual_review_required","manual_review_required","manual_review_required","manual_review_required","review_quality_availability_resolution_and_product_match"
"2037","8107960143","/catalog/product/nakladka-na-pravuyu-zadnyuyu-dver-voyah-passion-2037/","true","avito_external","confirmed_by_owner","company_avito_account","true","manual_review_required","manual_review_required","manual_review_required","manual_review_required","manual_review_required","review_quality_availability_resolution_and_product_match"
"2038","7979913090","/catalog/product/kapot-zeekr-9x-2038/","true","avito_external","confirmed_by_owner","company_avito_account","true","manual_review_required","manual_review_required","manual_review_required","manual_review_required","manual_review_required","review_quality_availability_resolution_and_product_match"
"2039","8108634729","/catalog/product/dver-perednyaya-levaya-volkswagen-tavendor-2039/","true","avito_external","confirmed_by_owner","company_avito_account","true","manual_review_required","manual_review_required","manual_review_required","manual_review_required","manual_review_required","review_quality_availability_resolution_and_product_match"
"2040","8108614663","/catalog/product/levaya-chast-zadnego-bampera-toyota-rav4-v-2040/","true","avito_external","confirmed_by_owner","company_avito_account","true","manual_review_required","manual_review_required","manual_review_required","manual_review_required","manual_review_required","review_quality_availability_resolution_and_product_match"
"2041","7884914568","/catalog/product/krylo-perednee-levoe-livan-x6-pro-2041/","true","avito_external","confirmed_by_owner","company_avito_account","true","manual_review_required","manual_review_required","manual_review_required","manual_review_required","manual_review_required","review_quality_availability_resolution_and_product_match"
"2042","8075989642","/catalog/product/zerkalo-levoe-kia-k5-2042/","true","avito_external","confirmed_by_owner","company_avito_account","true","manual_review_required","manual_review_required","manual_review_required","manual_review_required","manual_review_required","review_quality_availability_resolution_and_product_match"
"2043","8076356300","/catalog/product/pravoe-zadnee-krylo-nissan-x-trail-t33-2043/","true","avito_external","confirmed_by_owner","company_avito_account","true","manual_review_required","manual_review_required","manual_review_required","manual_review_required","manual_review_required","review_quality_availability_resolution_and_product_match"
"2044","8107962570","/catalog/product/nakladka-zadnego-bampera-changan-cs75-plus-2044/","true","avito_external","confirmed_by_owner","company_avito_account","true","manual_review_required","manual_review_required","manual_review_required","manual_review_required","manual_review_required","review_quality_availability_resolution_and_product_match"
"2045","8108196909","/catalog/product/krylo-perednee-pravoe-haval-xiaolong-hi4-2045/","true","avito_external","confirmed_by_owner","company_avito_account","true","manual_review_required","manual_review_required","manual_review_required","manual_review_required","manual_review_required","review_quality_availability_resolution_and_product_match"
"2046","4140913900","/catalog/product/kronshtein-perednego-bampera-pravyi-metall-geely-mo-2046/","true","avito_external","confirmed_by_owner","company_avito_account","true","manual_review_required","manual_review_required","manual_review_required","manual_review_required","manual_review_required","review_quality_availability_resolution_and_product_match"
"2047","7788031871","/catalog/product/nakladka-perednego-bampera-nizhnyaya-guba-toyota-ca-2047/","true","avito_external","confirmed_by_owner","company_avito_account","true","manual_review_required","manual_review_required","manual_review_required","manual_review_required","manual_review_required","review_quality_availability_resolution_and_product_match"
"2048","7948460934","/catalog/product/dver-perednyaya-levaya-kia-k3-2048/","true","avito_external","confirmed_by_owner","company_avito_account","true","manual_review_required","manual_review_required","manual_review_required","manual_review_required","manual_review_required","review_quality_availability_resolution_and_product_match"
"2049","8108419798","/catalog/product/nakladka-kryshki-bagazhnika-toyota-rav4-v-2049/","true","avito_external","confirmed_by_owner","company_avito_account","true","manual_review_required","manual_review_required","manual_review_required","manual_review_required","manual_review_required","review_quality_availability_resolution_and_product_match"
"2050","7948462883","/catalog/product/perednyaya-levaya-dver-geely-galaxy-l7-2050/","true","avito_external","confirmed_by_owner","company_avito_account","true","manual_review_required","manual_review_required","manual_review_required","manual_review_required","manual_review_required","review_quality_availability_resolution_and_product_match"
"2051","8076333043","/catalog/product/perednee-pravoe-krylo-toyota-corolla-2051/","true","avito_external","confirmed_by_owner","company_avito_account","true","manual_review_required","manual_review_required","manual_review_required","manual_review_required","manual_review_required","review_quality_availability_resolution_and_product_match"
"2052","8076817181","/catalog/product/dver-perednyaya-levaya-byd-seal-06-gt-2052/","true","avito_external","confirmed_by_owner","company_avito_account","true","manual_review_required","manual_review_required","manual_review_required","manual_review_required","manual_review_required","review_quality_availability_resolution_and_product_match"
"2053","7980211482","/catalog/product/zerkalo-pravoe-zeekr-9x-2053/","true","avito_external","confirmed_by_owner","company_avito_account","true","manual_review_required","manual_review_required","manual_review_required","manual_review_required","manual_review_required","review_quality_availability_resolution_and_product_match"
"2054","8108349687","/catalog/product/perednyaya-levaya-dver-kia-sportage-china-v-2054/","true","avito_external","confirmed_by_owner","company_avito_account","true","manual_review_required","manual_review_required","manual_review_required","manual_review_required","manual_review_required","review_quality_availability_resolution_and_product_match"
"2055","7499997428","/catalog/product/pravoe-perednee-krylo-hongqi-hs5-2055/","true","avito_external","confirmed_by_owner","company_avito_account","true","manual_review_required","manual_review_required","manual_review_required","manual_review_required","manual_review_required","review_quality_availability_resolution_and_product_match"
"2056","8076307387","/catalog/product/nakladka-perednego-bampera-pravaya-toyota-corolla-2056/","true","avito_external","confirmed_by_owner","company_avito_account","true","manual_review_required","manual_review_required","manual_review_required","manual_review_required","manual_review_required","review_quality_availability_resolution_and_product_match"
"2057","7500262984","/catalog/product/nakladka-perednego-bampera-mercedes-benz-g-class-2057/","false","missing","confirmed_by_owner","company_avito_account","true","manual_review_required","manual_review_required","manual_review_required","manual_review_required","manual_review_required","review_quality_availability_resolution_and_product_match"
"2058","7948174097","/catalog/product/reshetka-radiatora-baic-u5-plus-2058/","true","avito_external","confirmed_by_owner","company_avito_account","true","manual_review_required","manual_review_required","manual_review_required","manual_review_required","manual_review_required","review_quality_availability_resolution_and_product_match"
"2059","8108256534","/catalog/product/podkrylok-perednii-pravyi-exeed-exlantix-es-e3-2059/","true","avito_external","confirmed_by_owner","company_avito_account","true","manual_review_required","manual_review_required","manual_review_required","manual_review_required","manual_review_required","review_quality_availability_resolution_and_product_match"
"2060","8076566750","/catalog/product/panoramnaya-krysha-v-sbore-audi-q5-sportback-2060/","true","avito_external","confirmed_by_owner","company_avito_account","true","manual_review_required","manual_review_required","manual_review_required","manual_review_required","manual_review_required","review_quality_availability_resolution_and_product_match"
"2061","8076374246","/catalog/product/podkrylok-perednii-pravyi-kia-k5-2061/","true","avito_external","confirmed_by_owner","company_avito_account","true","manual_review_required","manual_review_required","manual_review_required","manual_review_required","manual_review_required","review_quality_availability_resolution_and_product_match"
"2062","8075983909","/catalog/product/naruzhnoe-zerkalo-levoe-changan-hanter-plus-2062/","true","avito_external","confirmed_by_owner","company_avito_account","true","manual_review_required","manual_review_required","manual_review_required","manual_review_required","manual_review_required","review_quality_availability_resolution_and_product_match"
"2063","7788867716","/catalog/product/dver-zadnyaya-pravaya-toyota-highlander-2025g-2063/","true","avito_external","confirmed_by_owner","company_avito_account","true","manual_review_required","manual_review_required","manual_review_required","manual_review_required","manual_review_required","review_quality_availability_resolution_and_product_match"
"2064","8076644376","/catalog/product/kapot-tank-500-2064/","true","avito_external","confirmed_by_owner","company_avito_account","true","manual_review_required","manual_review_required","manual_review_required","manual_review_required","manual_review_required","review_quality_availability_resolution_and_product_match"
"2065","7244300595","/catalog/product/klapan-ventilyatsii-zadnii-pravyi-voyah-free-2065/","false","missing","confirmed_by_owner","company_avito_account","true","manual_review_required","manual_review_required","manual_review_required","manual_review_required","manual_review_required","review_quality_availability_resolution_and_product_match"
"2066","8044628512","/catalog/product/ramka-radiatora-aito-m8-2066/","true","avito_external","confirmed_by_owner","company_avito_account","true","manual_review_required","manual_review_required","manual_review_required","manual_review_required","manual_review_required","review_quality_availability_resolution_and_product_match"
"2067","7980002154","/catalog/product/kryshka-bagazhnika-wey-07-2067/","true","avito_external","confirmed_by_owner","company_avito_account","true","manual_review_required","manual_review_required","manual_review_required","manual_review_required","manual_review_required","review_quality_availability_resolution_and_product_match"
"2068","7916135748","/catalog/product/krylo-perednee-levoe-geely-okavango-2068/","true","avito_external","confirmed_by_owner","company_avito_account","true","manual_review_required","manual_review_required","manual_review_required","manual_review_required","manual_review_required","review_quality_availability_resolution_and_product_match"
"2069","8044857785","/catalog/product/dver-zadnyaya-levaya-voyah-taishan-2069/","true","avito_external","confirmed_by_owner","company_avito_account","true","manual_review_required","manual_review_required","manual_review_required","manual_review_required","manual_review_required","review_quality_availability_resolution_and_product_match"
"2070","8108410138","/catalog/product/nakladka-perednego-kryla-pravaya-baw-bj-212-2070/","true","avito_external","confirmed_by_owner","company_avito_account","true","manual_review_required","manual_review_required","manual_review_required","manual_review_required","manual_review_required","review_quality_availability_resolution_and_product_match"
"2071","7916354197","/catalog/product/ramka-radiatora-televizor-livan-x6-pro-2071/","true","avito_external","confirmed_by_owner","company_avito_account","true","manual_review_required","manual_review_required","manual_review_required","manual_review_required","manual_review_required","review_quality_availability_resolution_and_product_match"
"2072","7532412541","/catalog/product/dver-zadnyaya-levaya-exeed-vx-2072/","false","missing","confirmed_by_owner","company_avito_account","true","manual_review_required","manual_review_required","manual_review_required","manual_review_required","manual_review_required","review_quality_availability_resolution_and_product_match"
"2073","8076758394","/catalog/product/kapot-kia-k5-2073/","true","avito_external","confirmed_by_owner","company_avito_account","true","manual_review_required","manual_review_required","manual_review_required","manual_review_required","manual_review_required","review_quality_availability_resolution_and_product_match"
"2074","8076822256","/catalog/product/dver-zadnyaya-levaya-byd-seal-06-gt-2074/","true","avito_external","confirmed_by_owner","company_avito_account","true","manual_review_required","manual_review_required","manual_review_required","manual_review_required","manual_review_required","review_quality_availability_resolution_and_product_match"
"2075","8044716162","/catalog/product/kapot-geely-vision-x6pro-2075/","true","avito_external","confirmed_by_owner","company_avito_account","true","manual_review_required","manual_review_required","manual_review_required","manual_review_required","manual_review_required","review_quality_availability_resolution_and_product_match"
"2076","8076476902","/catalog/product/levoe-zerkalo-voyah-passion-2076/","true","avito_external","confirmed_by_owner","company_avito_account","true","manual_review_required","manual_review_required","manual_review_required","manual_review_required","manual_review_required","review_quality_availability_resolution_and_product_match"
"2077","8076209189","/catalog/product/korpus-perednego-bampera-levyi-changan-hanter-plus-2077/","true","avito_external","confirmed_by_owner","company_avito_account","true","manual_review_required","manual_review_required","manual_review_required","manual_review_required","manual_review_required","review_quality_availability_resolution_and_product_match"
"2078","7372486482","/catalog/product/dver-perednyaya-pravaya-li-9-original-2078/","false","missing","confirmed_by_owner","company_avito_account","true","manual_review_required","manual_review_required","manual_review_required","manual_review_required","manual_review_required","review_quality_availability_resolution_and_product_match"
"2079","8108033541","/catalog/product/dver-zadnyaya-pravaya-volkswagen-tavendor-2079/","true","avito_external","confirmed_by_owner","company_avito_account","true","manual_review_required","manual_review_required","manual_review_required","manual_review_required","manual_review_required","review_quality_availability_resolution_and_product_match"
"2080","7980871319","/catalog/product/krylo-perednee-levoe-wey-80-2080/","true","avito_external","confirmed_by_owner","company_avito_account","true","manual_review_required","manual_review_required","manual_review_required","manual_review_required","manual_review_required","review_quality_availability_resolution_and_product_match"
"2081","7948321878","/catalog/product/krylo-perednee-levoe-baic-x35-2081/","true","avito_external","confirmed_by_owner","company_avito_account","true","manual_review_required","manual_review_required","manual_review_required","manual_review_required","manual_review_required","review_quality_availability_resolution_and_product_match"
"2082","7948560802","/catalog/product/panel-nomernogo-znaka-szadi-baic-x7-2082/","true","avito_external","confirmed_by_owner","company_avito_account","true","manual_review_required","manual_review_required","manual_review_required","manual_review_required","manual_review_required","review_quality_availability_resolution_and_product_match"
"2083","7884118766","/catalog/product/emblema-reshetki-radiatora-livan-x6-pro-2083/","true","avito_external","confirmed_by_owner","company_avito_account","true","manual_review_required","manual_review_required","manual_review_required","manual_review_required","manual_review_required","review_quality_availability_resolution_and_product_match"
"2084","8044101603","/catalog/product/perednii-bamper-voyah-taishan-2084/","true","avito_external","confirmed_by_owner","company_avito_account","true","manual_review_required","manual_review_required","manual_review_required","manual_review_required","manual_review_required","review_quality_availability_resolution_and_product_match"
"2085","7564215304","/catalog/product/usilitel-perednego-bampera-nizhnii-polar-stone-01-2085/","false","missing","confirmed_by_owner","company_avito_account","true","manual_review_required","manual_review_required","manual_review_required","manual_review_required","manual_review_required","review_quality_availability_resolution_and_product_match"
"2086","7916499085","/catalog/product/ramka-radiatora-verhnyaya-livan-x3-pro-2086/","true","avito_external","confirmed_by_owner","company_avito_account","true","manual_review_required","manual_review_required","manual_review_required","manual_review_required","manual_review_required","review_quality_availability_resolution_and_product_match"
"2087","7980222731","/catalog/product/dver-zadnyaya-levaya-zeekr-9x-2087/","true","avito_external","confirmed_by_owner","company_avito_account","true","manual_review_required","manual_review_required","manual_review_required","manual_review_required","manual_review_required","review_quality_availability_resolution_and_product_match"
"2088","8107915455","/catalog/product/zadnii-bamper-changan-cs75-plus-2088/","true","avito_external","confirmed_by_owner","company_avito_account","true","manual_review_required","manual_review_required","manual_review_required","manual_review_required","manual_review_required","review_quality_availability_resolution_and_product_match"
"2089","8108161807","/catalog/product/nakladka-na-pravuyu-perednyuyu-dver-voyah-passion-2089/","false","missing","confirmed_by_owner","company_avito_account","true","manual_review_required","manual_review_required","manual_review_required","manual_review_required","manual_review_required","review_quality_availability_resolution_and_product_match"
"2090","8108048093","/catalog/product/pravaya-nakladka-poroga-voyah-passion-2090/","false","missing","confirmed_by_owner","company_avito_account","true","manual_review_required","manual_review_required","manual_review_required","manual_review_required","manual_review_required","review_quality_availability_resolution_and_product_match"
"2091","7979999274","/catalog/product/dver-zadnyaya-levaya-wey-80-2091/","true","avito_external","confirmed_by_owner","company_avito_account","true","manual_review_required","manual_review_required","manual_review_required","manual_review_required","manual_review_required","review_quality_availability_resolution_and_product_match"
"2092","8075914468","/catalog/product/perednee-levoe-krylo-toyota-corolla-2092/","true","avito_external","confirmed_by_owner","company_avito_account","true","manual_review_required","manual_review_required","manual_review_required","manual_review_required","manual_review_required","review_quality_availability_resolution_and_product_match"
"2093","8076275846","/catalog/product/pravyi-zadnii-podkrylok-voyah-dream-2093/","true","avito_external","confirmed_by_owner","company_avito_account","true","manual_review_required","manual_review_required","manual_review_required","manual_review_required","manual_review_required","review_quality_availability_resolution_and_product_match"
"2094","8076370892","/catalog/product/zerkalo-levoe-tank-700-2094/","true","avito_external","confirmed_by_owner","company_avito_account","true","manual_review_required","manual_review_required","manual_review_required","manual_review_required","manual_review_required","review_quality_availability_resolution_and_product_match"
"2095","8076480461","/catalog/product/zadnyaya-levaya-dver-kia-sportage-china-v-2095/","true","avito_external","confirmed_by_owner","company_avito_account","true","manual_review_required","manual_review_required","manual_review_required","manual_review_required","manual_review_required","review_quality_availability_resolution_and_product_match"
"2096","4493150375","/catalog/product/dver-perednyaya-pravaya-geely-monjaro-original-2096/","true","avito_external","confirmed_by_owner","company_avito_account","true","manual_review_required","manual_review_required","manual_review_required","manual_review_required","manual_review_required","review_quality_availability_resolution_and_product_match"
"2097","8076035240","/catalog/product/zadnii-bamper-voyah-passion-2097/","true","avito_external","confirmed_by_owner","company_avito_account","true","manual_review_required","manual_review_required","manual_review_required","manual_review_required","manual_review_required","review_quality_availability_resolution_and_product_match"
"2098","8076180570","/catalog/product/krylo-perednee-pravoe-changan-cs95-2098/","true","avito_external","confirmed_by_owner","company_avito_account","true","manual_review_required","manual_review_required","manual_review_required","manual_review_required","manual_review_required","review_quality_availability_resolution_and_product_match"
"2099","8044670730","/catalog/product/zadnyaya-dver-bagazhnika-byd-yangwang-u8l-2099/","true","avito_external","confirmed_by_owner","company_avito_account","true","manual_review_required","manual_review_required","manual_review_required","manual_review_required","manual_review_required","review_quality_availability_resolution_and_product_match"
"2100","8044504275","/catalog/product/nizhnyaya-nakladka-zadnego-bampera-geely-galaxy-starship-7-2100/","true","avito_external","confirmed_by_owner","company_avito_account","true","manual_review_required","manual_review_required","manual_review_required","manual_review_required","manual_review_required","review_quality_availability_resolution_and_product_match"
"2101","7244224921","/catalog/product/nakladka-kryla-zadnego-pravogo-treugolnik-voyah-f-2101/","false","missing","confirmed_by_owner","company_avito_account","true","manual_review_required","manual_review_required","manual_review_required","manual_review_required","manual_review_required","review_quality_availability_resolution_and_product_match"
"2102","7980677155","/catalog/product/levoe-perednee-krylo-hongqi-hs5-2102/","true","avito_external","confirmed_by_owner","company_avito_account","true","manual_review_required","manual_review_required","manual_review_required","manual_review_required","manual_review_required","review_quality_availability_resolution_and_product_match"
"2103","8076675961","/catalog/product/dver-perednyaya-pravaya-byd-seal-06-gt-2103/","true","avito_external","confirmed_by_owner","company_avito_account","true","manual_review_required","manual_review_required","manual_review_required","manual_review_required","manual_review_required","review_quality_availability_resolution_and_product_match"
"2104","8075922399","/catalog/product/zerkalo-pravoe-tank-500-2104/","true","avito_external","confirmed_by_owner","company_avito_account","true","manual_review_required","manual_review_required","manual_review_required","manual_review_required","manual_review_required","review_quality_availability_resolution_and_product_match"
"2105","7916694760","/catalog/product/nakladka-zadnego-bampera-livan-x6-pro-2105/","true","avito_external","confirmed_by_owner","company_avito_account","true","manual_review_required","manual_review_required","manual_review_required","manual_review_required","manual_review_required","review_quality_availability_resolution_and_product_match"
"2106","7980256500","/catalog/product/logotip-kapota-hongqi-hs5-2106/","true","avito_external","confirmed_by_owner","company_avito_account","true","manual_review_required","manual_review_required","manual_review_required","manual_review_required","manual_review_required","review_quality_availability_resolution_and_product_match"
"2107","7948245640","/catalog/product/reshetka-radiatora-geely-galaxy-l7-2107/","true","avito_external","confirmed_by_owner","company_avito_account","true","manual_review_required","manual_review_required","manual_review_required","manual_review_required","manual_review_required","review_quality_availability_resolution_and_product_match"
"2108","8108582136","/catalog/product/pravaya-nakladka-zadnego-bampera-changan-cs75-plus-2108/","true","avito_external","confirmed_by_owner","company_avito_account","true","manual_review_required","manual_review_required","manual_review_required","manual_review_required","manual_review_required","review_quality_availability_resolution_and_product_match"
"2109","4140611724","/catalog/product/molding-perednego-bampera-levyi-geely-monjaro-ori-2109/","true","avito_external","confirmed_by_owner","company_avito_account","true","manual_review_required","manual_review_required","manual_review_required","manual_review_required","manual_review_required","review_quality_availability_resolution_and_product_match"
"2110","4077283441","/catalog/product/nouskat-bamper-perednii-v-sbore-changan-uni-k-2110/","true","avito_external","confirmed_by_owner","company_avito_account","true","manual_review_required","manual_review_required","manual_review_required","manual_review_required","manual_review_required","review_quality_availability_resolution_and_product_match"
"2111","7948866748","/catalog/product/petlya-kryshki-bagazhnika-baic-x7-2111/","false","missing","confirmed_by_owner","company_avito_account","true","manual_review_required","manual_review_required","manual_review_required","manual_review_required","manual_review_required","review_quality_availability_resolution_and_product_match"
"2112","8044764580","/catalog/product/pravoe-perednee-krylo-geely-vision-x6pro-2112/","true","avito_external","confirmed_by_owner","company_avito_account","true","manual_review_required","manual_review_required","manual_review_required","manual_review_required","manual_review_required","review_quality_availability_resolution_and_product_match"
"2113","7980687770","/catalog/product/zadnii-bamper-wey-80-2113/","true","avito_external","confirmed_by_owner","company_avito_account","true","manual_review_required","manual_review_required","manual_review_required","manual_review_required","manual_review_required","review_quality_availability_resolution_and_product_match"
"2114","8076404500","/catalog/product/nakladka-na-zadnii-bamper-pravyi-changan-hanter-plus-2114/","true","avito_external","confirmed_by_owner","company_avito_account","true","manual_review_required","manual_review_required","manual_review_required","manual_review_required","manual_review_required","review_quality_availability_resolution_and_product_match"
"2115","7948149958","/catalog/product/kryshka-bagazhnika-baic-x7-2115/","true","avito_external","confirmed_by_owner","company_avito_account","true","manual_review_required","manual_review_required","manual_review_required","manual_review_required","manual_review_required","review_quality_availability_resolution_and_product_match"
"2116","4493201614","/catalog/product/krylo-perednee-levoe-geely-monjaro-original-2116/","true","avito_external","confirmed_by_owner","company_avito_account","true","manual_review_required","manual_review_required","manual_review_required","manual_review_required","manual_review_required","review_quality_availability_resolution_and_product_match"
"2117","8108359400","/catalog/product/reshetka-radiatora-changan-cs75-plus-2117/","true","avito_external","confirmed_by_owner","company_avito_account","true","manual_review_required","manual_review_required","manual_review_required","manual_review_required","manual_review_required","review_quality_availability_resolution_and_product_match"
"2118","7948134967","/catalog/product/absorber-perednego-bampera-kia-k3-2118/","true","avito_external","confirmed_by_owner","company_avito_account","true","manual_review_required","manual_review_required","manual_review_required","manual_review_required","manual_review_required","review_quality_availability_resolution_and_product_match"
"2119","7980608229","/catalog/product/reshetka-radiatora-wey-80-2119/","true","avito_external","confirmed_by_owner","company_avito_account","true","manual_review_required","manual_review_required","manual_review_required","manual_review_required","manual_review_required","review_quality_availability_resolution_and_product_match"
"2120","7948161811","/catalog/product/zadnyaya-dver-pravaya-toyota-highlander-xu70-2120/","true","avito_external","confirmed_by_owner","company_avito_account","true","manual_review_required","manual_review_required","manual_review_required","manual_review_required","manual_review_required","review_quality_availability_resolution_and_product_match"
"2121","7948005327","/catalog/product/levyi-zadnii-podkrylok-baic-u5-plus-2121/","true","avito_external","confirmed_by_owner","company_avito_account","true","manual_review_required","manual_review_required","manual_review_required","manual_review_required","manual_review_required","review_quality_availability_resolution_and_product_match"
"2122","8012383737","/catalog/product/kolpak-zapasnogo-kolesa-byd-bao-titanium-7-2122/","true","avito_external","confirmed_by_owner","company_avito_account","true","manual_review_required","manual_review_required","manual_review_required","manual_review_required","manual_review_required","review_quality_availability_resolution_and_product_match"
"2123","7948547931","/catalog/product/pravaya-zadnyaya-dver-baic-x7-2123/","true","avito_external","confirmed_by_owner","company_avito_account","true","manual_review_required","manual_review_required","manual_review_required","manual_review_required","manual_review_required","review_quality_availability_resolution_and_product_match"
"2124","7244678677","/catalog/product/nakladka-arki-kolesa-perednyaya-pravaya-ghangan-hante-2124/","false","missing","confirmed_by_owner","company_avito_account","true","manual_review_required","manual_review_required","manual_review_required","manual_review_required","manual_review_required","review_quality_availability_resolution_and_product_match"
"2125","7980819431","/catalog/product/perednii-bamper-xiaomi-su7-2125/","true","avito_external","confirmed_by_owner","company_avito_account","true","manual_review_required","manual_review_required","manual_review_required","manual_review_required","manual_review_required","review_quality_availability_resolution_and_product_match"
"2126","7980153045","/catalog/product/nakladka-zadnei-levoi-dveri-hongqi-hs5-2126/","true","avito_external","confirmed_by_owner","company_avito_account","true","manual_review_required","manual_review_required","manual_review_required","manual_review_required","manual_review_required","review_quality_availability_resolution_and_product_match"
"2127","8076469600","/catalog/product/naruzhnoe-zerkalo-levoe-changan-cs95-2127/","true","avito_external","confirmed_by_owner","company_avito_account","true","manual_review_required","manual_review_required","manual_review_required","manual_review_required","manual_review_required","review_quality_availability_resolution_and_product_match"
"2128","7948842270","/catalog/product/zerkalo-pravoe-geely-galaxy-l7-2128/","true","avito_external","confirmed_by_owner","company_avito_account","true","manual_review_required","manual_review_required","manual_review_required","manual_review_required","manual_review_required","review_quality_availability_resolution_and_product_match"
"2129","8076222835","/catalog/product/dver-zadnyaya-levaya-changan-hanter-plus-2129/","true","avito_external","confirmed_by_owner","company_avito_account","true","manual_review_required","manual_review_required","manual_review_required","manual_review_required","manual_review_required","review_quality_availability_resolution_and_product_match"
"2130","7820316282","/catalog/product/levoe-zerkalo-byd-fangchengbao-leopard-5-2130/","true","avito_external","confirmed_by_owner","company_avito_account","true","manual_review_required","manual_review_required","manual_review_required","manual_review_required","manual_review_required","review_quality_availability_resolution_and_product_match"
"2131","8108247530","/catalog/product/podkrylok-levyi-perednii-aito-m8-2131/","false","missing","confirmed_by_owner","company_avito_account","true","manual_review_required","manual_review_required","manual_review_required","manual_review_required","manual_review_required","review_quality_availability_resolution_and_product_match"
"2132","7948520404","/catalog/product/bamper-zadnii-niz-baic-x35-2132/","true","avito_external","confirmed_by_owner","company_avito_account","true","manual_review_required","manual_review_required","manual_review_required","manual_review_required","manual_review_required","review_quality_availability_resolution_and_product_match"
"2133","8076403654","/catalog/product/dver-perednyaya-pravaya-changan-hanter-plus-2133/","true","avito_external","confirmed_by_owner","company_avito_account","true","manual_review_required","manual_review_required","manual_review_required","manual_review_required","manual_review_required","review_quality_availability_resolution_and_product_match"
"2134","8076854936","/catalog/product/yubka-zadnego-bampera-tank-500-2134/","true","avito_external","confirmed_by_owner","company_avito_account","true","manual_review_required","manual_review_required","manual_review_required","manual_review_required","manual_review_required","review_quality_availability_resolution_and_product_match"
"2135","4365405885","/catalog/product/nakladka-bampera-guba-yubka-zeekr-001-original-2135/","true","avito_external","confirmed_by_owner","company_avito_account","true","manual_review_required","manual_review_required","manual_review_required","manual_review_required","manual_review_required","review_quality_availability_resolution_and_product_match"
"2136","8108774902","/catalog/product/nizhnyaya-nakladka-kryshki-bagazhnika-toyota-rav4-v-2136/","true","avito_external","confirmed_by_owner","company_avito_account","true","manual_review_required","manual_review_required","manual_review_required","manual_review_required","manual_review_required","review_quality_availability_resolution_and_product_match"
"2137","8076083109","/catalog/product/kryshka-bagazhnika-voyah-dream-2137/","true","avito_external","confirmed_by_owner","company_avito_account","true","manual_review_required","manual_review_required","manual_review_required","manual_review_required","manual_review_required","review_quality_availability_resolution_and_product_match"
"2138","8075960132","/catalog/product/zadnii-bamper-changan-hanter-plus-2138/","true","avito_external","confirmed_by_owner","company_avito_account","true","manual_review_required","manual_review_required","manual_review_required","manual_review_required","manual_review_required","review_quality_availability_resolution_and_product_match"
"2139","8043908353","/catalog/product/perednee-pravoe-krylo-geely-galaxy-starship-7-2139/","true","avito_external","confirmed_by_owner","company_avito_account","true","manual_review_required","manual_review_required","manual_review_required","manual_review_required","manual_review_required","review_quality_availability_resolution_and_product_match"
"2140","7980168338","/catalog/product/perednee-pravoe-krylo-changan-deepal-s7-2140/","true","avito_external","confirmed_by_owner","company_avito_account","true","manual_review_required","manual_review_required","manual_review_required","manual_review_required","manual_review_required","review_quality_availability_resolution_and_product_match"
"2141","8076584663","/catalog/product/kapot-toyota-corolla-2141/","true","avito_external","confirmed_by_owner","company_avito_account","true","manual_review_required","manual_review_required","manual_review_required","manual_review_required","manual_review_required","review_quality_availability_resolution_and_product_match"
"2142","8044445002","/catalog/product/zadnyaya-pravaya-dver-geely-galaxy-starship-7-2142/","true","avito_external","confirmed_by_owner","company_avito_account","true","manual_review_required","manual_review_required","manual_review_required","manual_review_required","manual_review_required","review_quality_availability_resolution_and_product_match"
"2143","8044580158","/catalog/product/zerkalo-levoe-geely-galaxy-starship-7-2143/","true","avito_external","confirmed_by_owner","company_avito_account","true","manual_review_required","manual_review_required","manual_review_required","manual_review_required","manual_review_required","review_quality_availability_resolution_and_product_match"
"2144","7244449040","/catalog/product/bamper-perednii-geely-atlas-2144/","false","missing","confirmed_by_owner","company_avito_account","true","manual_review_required","manual_review_required","manual_review_required","manual_review_required","manual_review_required","review_quality_availability_resolution_and_product_match"
"2145","4045053754","/catalog/product/zerkalo-zadnego-vida-pravoe-voyah-free-original-2145/","true","avito_external","confirmed_by_owner","company_avito_account","true","manual_review_required","manual_review_required","manual_review_required","manual_review_required","manual_review_required","review_quality_availability_resolution_and_product_match"
"2146","7980898272","/catalog/product/krylo-perednee-pravoe-wey-80-2146/","true","avito_external","confirmed_by_owner","company_avito_account","true","manual_review_required","manual_review_required","manual_review_required","manual_review_required","manual_review_required","review_quality_availability_resolution_and_product_match"
"2147","7980705035","/catalog/product/kryshka-bagazhnika-wey-80-2147/","true","avito_external","confirmed_by_owner","company_avito_account","true","manual_review_required","manual_review_required","manual_review_required","manual_review_required","manual_review_required","review_quality_availability_resolution_and_product_match"
"2148","4141156228","/catalog/product/zerkalo-zadnego-vida-pravoe-lixiang-l7-original-2148/","true","avito_external","confirmed_by_owner","company_avito_account","true","manual_review_required","manual_review_required","manual_review_required","manual_review_required","manual_review_required","review_quality_availability_resolution_and_product_match"
"2149","4140805757","/catalog/product/zaglushka-buksirovochnoi-petli-zadnyaya-geely-monjaro-2149/","true","avito_external","confirmed_by_owner","company_avito_account","true","manual_review_required","manual_review_required","manual_review_required","manual_review_required","manual_review_required","review_quality_availability_resolution_and_product_match"
"2150","7948438612","/catalog/product/levaya-zadnyaya-dver-baic-x7-2150/","true","avito_external","confirmed_by_owner","company_avito_account","true","manual_review_required","manual_review_required","manual_review_required","manual_review_required","manual_review_required","review_quality_availability_resolution_and_product_match"
"2151","7244563394","/catalog/product/cpoiler-dveri-bagazhnika-verh-voyah-free-2151/","false","missing","confirmed_by_owner","company_avito_account","true","manual_review_required","manual_review_required","manual_review_required","manual_review_required","manual_review_required","review_quality_availability_resolution_and_product_match"
"2152","7980809062","/catalog/product/dver-perednyaya-pravaya-byd-tang-l-2152/","true","avito_external","confirmed_by_owner","company_avito_account","true","manual_review_required","manual_review_required","manual_review_required","manual_review_required","manual_review_required","review_quality_availability_resolution_and_product_match"
"2153","7980057625","/catalog/product/zerkalo-pravoe-wey-07-2153/","true","avito_external","confirmed_by_owner","company_avito_account","true","manual_review_required","manual_review_required","manual_review_required","manual_review_required","manual_review_required","review_quality_availability_resolution_and_product_match"
"2154","7980384768","/catalog/product/ramka-radiatora-byd-tang-l-2154/","false","missing","confirmed_by_owner","company_avito_account","true","manual_review_required","manual_review_required","manual_review_required","manual_review_required","manual_review_required","review_quality_availability_resolution_and_product_match"
"2155","8076835966","/catalog/product/zadnyaya-pravaya-dver-kia-sportage-china-v-2155/","true","avito_external","confirmed_by_owner","company_avito_account","true","manual_review_required","manual_review_required","manual_review_required","manual_review_required","manual_review_required","review_quality_availability_resolution_and_product_match"
"2156","8108185201","/catalog/product/perednii-pravyi-podkrylok-toyota-rav4-v-2156/","true","avito_external","confirmed_by_owner","company_avito_account","true","manual_review_required","manual_review_required","manual_review_required","manual_review_required","manual_review_required","review_quality_availability_resolution_and_product_match"
"2157","7820082302","/catalog/product/byd-fang-cheng-bao-leopard-5-nouskat-2157/","true","avito_external","confirmed_by_owner","company_avito_account","true","manual_review_required","manual_review_required","manual_review_required","manual_review_required","manual_review_required","review_quality_availability_resolution_and_product_match"
"2158","7788923329","/catalog/product/kapot-toyota-camry-xv-80-2158/","false","missing","confirmed_by_owner","company_avito_account","true","manual_review_required","manual_review_required","manual_review_required","manual_review_required","manual_review_required","review_quality_availability_resolution_and_product_match"
"2159","7564375735","/catalog/product/dver-zadnyaya-pravaya-vw-tayron-novaya-original-2159/","true","avito_external","confirmed_by_owner","company_avito_account","true","manual_review_required","manual_review_required","manual_review_required","manual_review_required","manual_review_required","review_quality_availability_resolution_and_product_match"
"2160","8012030244","/catalog/product/krylo-perednee-levoe-geely-galaxy-m9-2160/","true","avito_external","confirmed_by_owner","company_avito_account","true","manual_review_required","manual_review_required","manual_review_required","manual_review_required","manual_review_required","review_quality_availability_resolution_and_product_match"
"2161","8044580381","/catalog/product/aktivnaya-reshetka-radiatora-aito-m8-2161/","true","avito_external","confirmed_by_owner","company_avito_account","true","manual_review_required","manual_review_required","manual_review_required","manual_review_required","manual_review_required","review_quality_availability_resolution_and_product_match"
"2162","8076173150","/catalog/product/pravaya-zadnyaya-dver-voyah-passion-2162/","true","avito_external","confirmed_by_owner","company_avito_account","true","manual_review_required","manual_review_required","manual_review_required","manual_review_required","manual_review_required","review_quality_availability_resolution_and_product_match"
"2163","7947948027","/catalog/product/zerkalo-levoe-baic-x7-2163/","true","avito_external","confirmed_by_owner","company_avito_account","true","manual_review_required","manual_review_required","manual_review_required","manual_review_required","manual_review_required","review_quality_availability_resolution_and_product_match"
"2164","8108275445","/catalog/product/usilitel-perednego-bampera-voyah-passion-2164/","true","avito_external","confirmed_by_owner","company_avito_account","true","manual_review_required","manual_review_required","manual_review_required","manual_review_required","manual_review_required","review_quality_availability_resolution_and_product_match"
"2165","8076347767","/catalog/product/zerkalo-pravoe-byd-seal-06-gt-2165/","true","avito_external","confirmed_by_owner","company_avito_account","true","manual_review_required","manual_review_required","manual_review_required","manual_review_required","manual_review_required","review_quality_availability_resolution_and_product_match"
"2166","8044774819","/catalog/product/perednyaya-pravaya-dver-geely-galaxy-starship-7-2166/","true","avito_external","confirmed_by_owner","company_avito_account","true","manual_review_required","manual_review_required","manual_review_required","manual_review_required","manual_review_required","review_quality_availability_resolution_and_product_match"
"2167","8044582040","/catalog/product/zerkalo-zadnego-vida-pravoe-byd-yangwang-u8l-2167/","true","avito_external","confirmed_by_owner","company_avito_account","true","manual_review_required","manual_review_required","manual_review_required","manual_review_required","manual_review_required","review_quality_availability_resolution_and_product_match"
"2168","7948044470","/catalog/product/usilitel-zadnego-bampera-baic-u5-plus-2168/","true","avito_external","confirmed_by_owner","company_avito_account","true","manual_review_required","manual_review_required","manual_review_required","manual_review_required","manual_review_required","review_quality_availability_resolution_and_product_match"
"2169","4141076759","/catalog/product/absorber-perednego-bampera-geely-monjaro-original-2169/","true","avito_external","confirmed_by_owner","company_avito_account","true","manual_review_required","manual_review_required","manual_review_required","manual_review_required","manual_review_required","review_quality_availability_resolution_and_product_match"
"2170","8076539251","/catalog/product/pravaya-chast-zadnego-bampera-kia-seltos-2170/","true","avito_external","confirmed_by_owner","company_avito_account","true","manual_review_required","manual_review_required","manual_review_required","manual_review_required","manual_review_required","review_quality_availability_resolution_and_product_match"
"2171","7980453356","/catalog/product/ramka-radiatora-zeekr-9x-2171/","false","missing","confirmed_by_owner","company_avito_account","true","manual_review_required","manual_review_required","manual_review_required","manual_review_required","manual_review_required","review_quality_availability_resolution_and_product_match"
"2172","8076536905","/catalog/product/perednyaya-levaya-dver-nissan-x-trail-t33-2172/","true","avito_external","confirmed_by_owner","company_avito_account","true","manual_review_required","manual_review_required","manual_review_required","manual_review_required","manual_review_required","review_quality_availability_resolution_and_product_match"
"2173","8044519664","/catalog/product/dver-perednyaya-levaya-tank-700-2173/","true","avito_external","confirmed_by_owner","company_avito_account","true","manual_review_required","manual_review_required","manual_review_required","manual_review_required","manual_review_required","review_quality_availability_resolution_and_product_match"
"2174","7916778860","/catalog/product/kapot-geely-okavango-2174/","true","avito_external","confirmed_by_owner","company_avito_account","true","manual_review_required","manual_review_required","manual_review_required","manual_review_required","manual_review_required","review_quality_availability_resolution_and_product_match"
"2175","7884315744","/catalog/product/bamper-perednii-livan-x6-pro-2175/","true","avito_external","confirmed_by_owner","company_avito_account","true","manual_review_required","manual_review_required","manual_review_required","manual_review_required","manual_review_required","review_quality_availability_resolution_and_product_match"
"2176","4141410601","/catalog/product/bamper-zadnii-lixiang-l7-v-sbore-original-2176/","true","avito_external","confirmed_by_owner","company_avito_account","true","manual_review_required","manual_review_required","manual_review_required","manual_review_required","manual_review_required","review_quality_availability_resolution_and_product_match"
"2177","4045277680","/catalog/product/bamper-perednii-voyah-free-v-sbore-original-2177/","true","avito_external","confirmed_by_owner","company_avito_account","true","manual_review_required","manual_review_required","manual_review_required","manual_review_required","manual_review_required","review_quality_availability_resolution_and_product_match"
"2178","8012473624","/catalog/product/nakladka-poroga-vneshnyaya-levaya-livan-x3-pro-2178/","true","avito_external","confirmed_by_owner","company_avito_account","true","manual_review_required","manual_review_required","manual_review_required","manual_review_required","manual_review_required","review_quality_availability_resolution_and_product_match"
"2179","7500239424","/catalog/product/dver-pravaya-zadnyaya-voyah-dream-2179/","false","missing","confirmed_by_owner","company_avito_account","true","manual_review_required","manual_review_required","manual_review_required","manual_review_required","manual_review_required","review_quality_availability_resolution_and_product_match"
"2180","8044849046","/catalog/product/perednee-pravoe-krylo-volkswagen-talagon-2180/","true","avito_external","confirmed_by_owner","company_avito_account","true","manual_review_required","manual_review_required","manual_review_required","manual_review_required","manual_review_required","review_quality_availability_resolution_and_product_match"
"2181","8076084873","/catalog/product/dver-zadnyaya-pravaya-kia-seltos-2181/","true","avito_external","confirmed_by_owner","company_avito_account","true","manual_review_required","manual_review_required","manual_review_required","manual_review_required","manual_review_required","review_quality_availability_resolution_and_product_match"
"2182","8108425413","/catalog/product/nizhnyaya-zaschita-zadnego-bampera-exeed-exlantix-es-e3-2182/","true","avito_external","confirmed_by_owner","company_avito_account","true","manual_review_required","manual_review_required","manual_review_required","manual_review_required","manual_review_required","review_quality_availability_resolution_and_product_match"
"2183","7948138555","/catalog/product/podkrylok-zadnii-levyi-geely-galaxy-l-7-2183/","true","avito_external","confirmed_by_owner","company_avito_account","true","manual_review_required","manual_review_required","manual_review_required","manual_review_required","manual_review_required","review_quality_availability_resolution_and_product_match"
"2184","8076840333","/catalog/product/pravyi-zadnii-podkrylok-voyah-passion-2184/","true","avito_external","confirmed_by_owner","company_avito_account","true","manual_review_required","manual_review_required","manual_review_required","manual_review_required","manual_review_required","review_quality_availability_resolution_and_product_match"
"2185","8076741800","/catalog/product/kryshka-bagazhnika-changan-cs95-2185/","true","avito_external","confirmed_by_owner","company_avito_account","true","manual_review_required","manual_review_required","manual_review_required","manual_review_required","manual_review_required","review_quality_availability_resolution_and_product_match"
"2186","7948297645","/catalog/product/perednyaya-levaya-dver-baic-x35-2186/","true","avito_external","confirmed_by_owner","company_avito_account","true","manual_review_required","manual_review_required","manual_review_required","manual_review_required","manual_review_required","review_quality_availability_resolution_and_product_match"
"2187","7244909127","/catalog/product/uplotnitel-dvernogo-proema-voyah-free-2187/","false","missing","confirmed_by_owner","company_avito_account","true","manual_review_required","manual_review_required","manual_review_required","manual_review_required","manual_review_required","review_quality_availability_resolution_and_product_match"
"2188","7244212308","/catalog/product/pravoe-kreplenie-zadnego-bampera-voyah-free-2188/","false","missing","confirmed_by_owner","company_avito_account","true","manual_review_required","manual_review_required","manual_review_required","manual_review_required","manual_review_required","review_quality_availability_resolution_and_product_match"
"2189","7244466192","/catalog/product/kronshtein-zadnego-bampera-tsentralnyi-voyah-free-2189/","false","missing","confirmed_by_owner","company_avito_account","true","manual_review_required","manual_review_required","manual_review_required","manual_review_required","manual_review_required","review_quality_availability_resolution_and_product_match"
"2190","7948372646","/catalog/product/zadnii-bamper-baic-u5-plus-2190/","true","avito_external","confirmed_by_owner","company_avito_account","true","manual_review_required","manual_review_required","manual_review_required","manual_review_required","manual_review_required","review_quality_availability_resolution_and_product_match"
"2191","7564709142","/catalog/product/dver-perednyaya-pravaya-vw-tayron-2191/","true","avito_external","confirmed_by_owner","company_avito_account","true","manual_review_required","manual_review_required","manual_review_required","manual_review_required","manual_review_required","review_quality_availability_resolution_and_product_match"
"2192","4493372474","/catalog/product/dver-zadnyaya-levaya-geely-monjaro-original-2192/","true","avito_external","confirmed_by_owner","company_avito_account","true","manual_review_required","manual_review_required","manual_review_required","manual_review_required","manual_review_required","review_quality_availability_resolution_and_product_match"
"2193","8108415662","/catalog/product/nizhnyaya-zaschita-dvigatelya-zadnyaya-aito-m8-2193/","false","missing","confirmed_by_owner","company_avito_account","true","manual_review_required","manual_review_required","manual_review_required","manual_review_required","manual_review_required","review_quality_availability_resolution_and_product_match"
"2194","4141347296","/catalog/product/zerkalo-zadnego-vida-levoe-lixiang-l7-original-2194/","true","avito_external","confirmed_by_owner","company_avito_account","true","manual_review_required","manual_review_required","manual_review_required","manual_review_required","manual_review_required","review_quality_availability_resolution_and_product_match"
"2195","7980799867","/catalog/product/nizhnyaya-nakladka-perednego-bampera-xiaomi-su7-2195/","true","avito_external","confirmed_by_owner","company_avito_account","true","manual_review_required","manual_review_required","manual_review_required","manual_review_required","manual_review_required","review_quality_availability_resolution_and_product_match"
"2196","8075911843","/catalog/product/zerkalo-pravoe-tank-700-2196/","true","avito_external","confirmed_by_owner","company_avito_account","true","manual_review_required","manual_review_required","manual_review_required","manual_review_required","manual_review_required","review_quality_availability_resolution_and_product_match"
"2197","4493456048","/catalog/product/kronshtein-datchika-sblizheniya-levyi-vneshnii-haval-jo-2197/","false","missing","confirmed_by_owner","company_avito_account","true","manual_review_required","manual_review_required","manual_review_required","manual_review_required","manual_review_required","review_quality_availability_resolution_and_product_match"
"2198","8044269820","/catalog/product/nizhnyaya-chast-zadnego-bampera-volkswagen-talagon-2198/","true","avito_external","confirmed_by_owner","company_avito_account","true","manual_review_required","manual_review_required","manual_review_required","manual_review_required","manual_review_required","review_quality_availability_resolution_and_product_match"
"2199","8075977811","/catalog/product/krylo-perednee-pravoe-tank-500-2199/","true","avito_external","confirmed_by_owner","company_avito_account","true","manual_review_required","manual_review_required","manual_review_required","manual_review_required","manual_review_required","review_quality_availability_resolution_and_product_match"
"2200","8044084305","/catalog/product/usilitel-zadnego-bampera-aito-m8-2200/","true","avito_external","confirmed_by_owner","company_avito_account","true","manual_review_required","manual_review_required","manual_review_required","manual_review_required","manual_review_required","review_quality_availability_resolution_and_product_match"
"2201","7980869541","/catalog/product/dver-perednyaya-levaya-byd-tang-l-2201/","true","avito_external","confirmed_by_owner","company_avito_account","true","manual_review_required","manual_review_required","manual_review_required","manual_review_required","manual_review_required","review_quality_availability_resolution_and_product_match"
"2202","4141173665","/catalog/product/zadnii-pravyi-kronshtein-bampera-geely-monjaro-ori-2202/","true","avito_external","confirmed_by_owner","company_avito_account","true","manual_review_required","manual_review_required","manual_review_required","manual_review_required","manual_review_required","review_quality_availability_resolution_and_product_match"
"2203","7820560939","/catalog/product/kryshka-bagazhnika-great-wall-poer-2203/","true","avito_external","confirmed_by_owner","company_avito_account","true","manual_review_required","manual_review_required","manual_review_required","manual_review_required","manual_review_required","review_quality_availability_resolution_and_product_match"
"2204","7916729951","/catalog/product/nakladka-perednei-levoi-fary-mercedes-g-class-2204/","true","avito_external","confirmed_by_owner","company_avito_account","true","manual_review_required","manual_review_required","manual_review_required","manual_review_required","manual_review_required","review_quality_availability_resolution_and_product_match"
"2205","7948225615","/catalog/product/nakladka-na-levoe-perednee-krylo-volkswagen-tayron-2205/","true","avito_external","confirmed_by_owner","company_avito_account","true","manual_review_required","manual_review_required","manual_review_required","manual_review_required","manual_review_required","review_quality_availability_resolution_and_product_match"
"2206","8076492633","/catalog/product/perednyaya-pravaya-dver-nissan-x-trail-t33-2206/","true","avito_external","confirmed_by_owner","company_avito_account","true","manual_review_required","manual_review_required","manual_review_required","manual_review_required","manual_review_required","review_quality_availability_resolution_and_product_match"
"2207","7980071551","/catalog/product/kapot-xiaomi-su7-2207/","true","avito_external","confirmed_by_owner","company_avito_account","true","manual_review_required","manual_review_required","manual_review_required","manual_review_required","manual_review_required","review_quality_availability_resolution_and_product_match"
"2208","8108535558","/catalog/product/usilitel-perednego-bampera-kia-sportage-china-v-2208/","true","avito_external","confirmed_by_owner","company_avito_account","true","manual_review_required","manual_review_required","manual_review_required","manual_review_required","manual_review_required","review_quality_availability_resolution_and_product_match"
"2209","8076455397","/catalog/product/reshetka-radiatora-voyah-dream-2209/","true","avito_external","confirmed_by_owner","company_avito_account","true","manual_review_required","manual_review_required","manual_review_required","manual_review_required","manual_review_required","review_quality_availability_resolution_and_product_match"
"2210","8108539067","/catalog/product/nakladka-na-pravoe-krylo-voyah-passion-2210/","false","missing","confirmed_by_owner","company_avito_account","true","manual_review_required","manual_review_required","manual_review_required","manual_review_required","manual_review_required","review_quality_availability_resolution_and_product_match"
"2211","4429217742","/catalog/product/kryshka-bagazhnika-lixiang-l7-rest-original-2211/","true","avito_external","confirmed_by_owner","company_avito_account","true","manual_review_required","manual_review_required","manual_review_required","manual_review_required","manual_review_required","review_quality_availability_resolution_and_product_match"
"2212","7948040433","/catalog/product/reshetka-perednego-bampera-kia-k3-2212/","true","avito_external","confirmed_by_owner","company_avito_account","true","manual_review_required","manual_review_required","manual_review_required","manual_review_required","manual_review_required","review_quality_availability_resolution_and_product_match"
"2213","7916283235","/catalog/product/bamper-perednii-mercedes-g-class-2213/","true","avito_external","confirmed_by_owner","company_avito_account","true","manual_review_required","manual_review_required","manual_review_required","manual_review_required","manual_review_required","review_quality_availability_resolution_and_product_match"
"2214","8076733235","/catalog/product/zadnii-bamper-kia-k5-2214/","true","avito_external","confirmed_by_owner","company_avito_account","true","manual_review_required","manual_review_required","manual_review_required","manual_review_required","manual_review_required","review_quality_availability_resolution_and_product_match"
"2215","8076481095","/catalog/product/korpus-perednego-bampera-pravyi-changan-hanter-plus-2215/","true","avito_external","confirmed_by_owner","company_avito_account","true","manual_review_required","manual_review_required","manual_review_required","manual_review_required","manual_review_required","review_quality_availability_resolution_and_product_match"
"2216","7948245219","/catalog/product/dver-perednyaya-pravaya-kia-k3-2216/","true","avito_external","confirmed_by_owner","company_avito_account","true","manual_review_required","manual_review_required","manual_review_required","manual_review_required","manual_review_required","review_quality_availability_resolution_and_product_match"
"2217","7564815055","/catalog/product/krylo-perednee-pravoe-polar-stone-01-2217/","true","avito_external","confirmed_by_owner","company_avito_account","true","manual_review_required","manual_review_required","manual_review_required","manual_review_required","manual_review_required","review_quality_availability_resolution_and_product_match"
"2218","7436086852","/catalog/product/kapot-lixiang-li7-2218/","false","missing","confirmed_by_owner","company_avito_account","true","manual_review_required","manual_review_required","manual_review_required","manual_review_required","manual_review_required","review_quality_availability_resolution_and_product_match"
"2219","4045258697","/catalog/product/bamper-perednii-v-sbore-nouskat-voyah-free-2219/","true","avito_external","confirmed_by_owner","company_avito_account","true","manual_review_required","manual_review_required","manual_review_required","manual_review_required","manual_review_required","review_quality_availability_resolution_and_product_match"
"2220","7916581646","/catalog/product/nakladka-perednego-bampera-levaya-na-arku-livan-x3-2220/","true","avito_external","confirmed_by_owner","company_avito_account","true","manual_review_required","manual_review_required","manual_review_required","manual_review_required","manual_review_required","review_quality_availability_resolution_and_product_match"
"2221","8108273851","/catalog/product/pravoe-zerkalo-exeed-exlantix-es-e3-2221/","true","avito_external","confirmed_by_owner","company_avito_account","true","manual_review_required","manual_review_required","manual_review_required","manual_review_required","manual_review_required","review_quality_availability_resolution_and_product_match"
"2222","7980770089","/catalog/product/perednii-bamper-wey-07-2222/","true","avito_external","confirmed_by_owner","company_avito_account","true","manual_review_required","manual_review_required","manual_review_required","manual_review_required","manual_review_required","review_quality_availability_resolution_and_product_match"
"2223","8076008021","/catalog/product/nizhnyaya-reshetka-perednego-bampera-byd-seal-06-gt-2223/","true","avito_external","confirmed_by_owner","company_avito_account","true","manual_review_required","manual_review_required","manual_review_required","manual_review_required","manual_review_required","review_quality_availability_resolution_and_product_match"
"2224","8076675271","/catalog/product/zadnii-bamper-srednyaya-chast-struktura-nissan-pathfinder-2224/","true","avito_external","confirmed_by_owner","company_avito_account","true","manual_review_required","manual_review_required","manual_review_required","manual_review_required","manual_review_required","review_quality_availability_resolution_and_product_match"
"2225","8108718330","/catalog/product/podkrylok-perednii-levyi-volkswagen-tavendor-2225/","true","avito_external","confirmed_by_owner","company_avito_account","true","manual_review_required","manual_review_required","manual_review_required","manual_review_required","manual_review_required","review_quality_availability_resolution_and_product_match"
"2226","8108699751","/catalog/product/perednee-levoe-krylo-toyota-rav4-v-2226/","true","avito_external","confirmed_by_owner","company_avito_account","true","manual_review_required","manual_review_required","manual_review_required","manual_review_required","manual_review_required","review_quality_availability_resolution_and_product_match"
"2227","4141078348","/catalog/product/molding-perednego-bampera-pravyi-geely-monjaro-or-2227/","true","avito_external","confirmed_by_owner","company_avito_account","true","manual_review_required","manual_review_required","manual_review_required","manual_review_required","manual_review_required","review_quality_availability_resolution_and_product_match"
"2228","7948461531","/catalog/product/molding-kryshi-levyi-kia-k3-2228/","false","missing","confirmed_by_owner","company_avito_account","true","manual_review_required","manual_review_required","manual_review_required","manual_review_required","manual_review_required","review_quality_availability_resolution_and_product_match"
"2229","7724881629","/catalog/product/kapot-na-geely-atlas-pro-2229/","false","missing","confirmed_by_owner","company_avito_account","true","manual_review_required","manual_review_required","manual_review_required","manual_review_required","manual_review_required","review_quality_availability_resolution_and_product_match"
"2230","8108730807","/catalog/product/nakladka-zadnei-dveri-na-krylo-levaya-baw-bj-212-2230/","true","avito_external","confirmed_by_owner","company_avito_account","true","manual_review_required","manual_review_required","manual_review_required","manual_review_required","manual_review_required","review_quality_availability_resolution_and_product_match"
"2231","8076763028","/catalog/product/bamper-zadnii-livan-x6pro-2231/","true","avito_external","confirmed_by_owner","company_avito_account","true","manual_review_required","manual_review_required","manual_review_required","manual_review_required","manual_review_required","review_quality_availability_resolution_and_product_match"
"2232","8012267383","/catalog/product/krylo-perednee-pravoe-byd-fangchengbao-titanium-7-2232/","true","avito_external","confirmed_by_owner","company_avito_account","true","manual_review_required","manual_review_required","manual_review_required","manual_review_required","manual_review_required","review_quality_availability_resolution_and_product_match"
"2233","7980052033","/catalog/product/kryshka-bagazhnika-toyota-camry-xv80-2233/","true","avito_external","confirmed_by_owner","company_avito_account","true","manual_review_required","manual_review_required","manual_review_required","manual_review_required","manual_review_required","review_quality_availability_resolution_and_product_match"
"2234","8043940556","/catalog/product/dver-zadnyaya-pravaya-byd-yangwang-u8l-2234/","true","avito_external","confirmed_by_owner","company_avito_account","true","manual_review_required","manual_review_required","manual_review_required","manual_review_required","manual_review_required","review_quality_availability_resolution_and_product_match"
"2235","7916248971","/catalog/product/perednee-pravoe-krylo-livan-x3-pro-2235/","true","avito_external","confirmed_by_owner","company_avito_account","true","manual_review_required","manual_review_required","manual_review_required","manual_review_required","manual_review_required","review_quality_availability_resolution_and_product_match"
"2236","7948638596","/catalog/product/zerkalo-pravoe-volkswagen-tayron-2236/","true","avito_external","confirmed_by_owner","company_avito_account","true","manual_review_required","manual_review_required","manual_review_required","manual_review_required","manual_review_required","review_quality_availability_resolution_and_product_match"
"2237","8108048897","/catalog/product/podramnik-perednii-kia-sportage-china-v-2237/","true","avito_external","confirmed_by_owner","company_avito_account","true","manual_review_required","manual_review_required","manual_review_required","manual_review_required","manual_review_required","review_quality_availability_resolution_and_product_match"
"2238","8044054746","/catalog/product/perednyaya-levaya-dver-aito-m8-2238/","true","avito_external","confirmed_by_owner","company_avito_account","true","manual_review_required","manual_review_required","manual_review_required","manual_review_required","manual_review_required","review_quality_availability_resolution_and_product_match"
"2239","8108876992","/catalog/product/kryshka-bagazhnika-haval-xiaolong-hi4-2239/","true","avito_external","confirmed_by_owner","company_avito_account","true","manual_review_required","manual_review_required","manual_review_required","manual_review_required","manual_review_required","review_quality_availability_resolution_and_product_match"
"2240","8076884785","/catalog/product/levyi-perednii-podkrylok-voyah-dream-2240/","true","avito_external","confirmed_by_owner","company_avito_account","true","manual_review_required","manual_review_required","manual_review_required","manual_review_required","manual_review_required","review_quality_availability_resolution_and_product_match"
"2241","7948154052","/catalog/product/kryshka-reilinga-levogo-zadnyaya-livan-x6-pro-2241/","true","avito_external","confirmed_by_owner","company_avito_account","true","manual_review_required","manual_review_required","manual_review_required","manual_review_required","manual_review_required","review_quality_availability_resolution_and_product_match"
"2242","7948768950","/catalog/product/nakladka-zadnego-bampera-geely-galaxy-l7-2242/","true","avito_external","confirmed_by_owner","company_avito_account","true","manual_review_required","manual_review_required","manual_review_required","manual_review_required","manual_review_required","review_quality_availability_resolution_and_product_match"
"2243","7948107107","/catalog/product/podkrylok-perednii-levyi-kia-k3-2243/","true","avito_external","confirmed_by_owner","company_avito_account","true","manual_review_required","manual_review_required","manual_review_required","manual_review_required","manual_review_required","review_quality_availability_resolution_and_product_match"
"2244","8108841174","/catalog/product/molding-perednego-bampera-pravyi-kia-sportage-v-2244/","true","avito_external","confirmed_by_owner","company_avito_account","true","manual_review_required","manual_review_required","manual_review_required","manual_review_required","manual_review_required","review_quality_availability_resolution_and_product_match"
"2245","8108815997","/catalog/product/zadnyaya-levaya-dver-changan-cs75-plus-2245/","true","avito_external","confirmed_by_owner","company_avito_account","true","manual_review_required","manual_review_required","manual_review_required","manual_review_required","manual_review_required","review_quality_availability_resolution_and_product_match"
"2246","8108752455","/catalog/product/verhnyaya-nakladka-perednego-bampera-exeed-exlantix-es-e3-2246/","true","avito_external","confirmed_by_owner","company_avito_account","true","manual_review_required","manual_review_required","manual_review_required","manual_review_required","manual_review_required","review_quality_availability_resolution_and_product_match"
"2247","7564147628","/catalog/product/kapot-polar-stone-01-2247/","true","avito_external","confirmed_by_owner","company_avito_account","true","manual_review_required","manual_review_required","manual_review_required","manual_review_required","manual_review_required","review_quality_availability_resolution_and_product_match"
"2248","7916710906","/catalog/product/nakladka-perednego-bampera-tsentr-livan-x3-pro-2248/","true","avito_external","confirmed_by_owner","company_avito_account","true","manual_review_required","manual_review_required","manual_review_required","manual_review_required","manual_review_required","review_quality_availability_resolution_and_product_match"
"2249","8044658471","/catalog/product/kapot-byd-yangwang-u8l-2249/","true","avito_external","confirmed_by_owner","company_avito_account","true","manual_review_required","manual_review_required","manual_review_required","manual_review_required","manual_review_required","review_quality_availability_resolution_and_product_match"
"2250","7916286237","/catalog/product/ramka-radiatora-nizhnyaya-livan-x3-pro-2250/","true","avito_external","confirmed_by_owner","company_avito_account","true","manual_review_required","manual_review_required","manual_review_required","manual_review_required","manual_review_required","review_quality_availability_resolution_and_product_match"
"2251","8075946779","/catalog/product/perednii-bamper-voyah-passion-2251/","true","avito_external","confirmed_by_owner","company_avito_account","true","manual_review_required","manual_review_required","manual_review_required","manual_review_required","manual_review_required","review_quality_availability_resolution_and_product_match"
"2252","7980180858","/catalog/product/levyi-zadnii-podkrylok-hongqi-hs5-2252/","true","avito_external","confirmed_by_owner","company_avito_account","true","manual_review_required","manual_review_required","manual_review_required","manual_review_required","manual_review_required","review_quality_availability_resolution_and_product_match"
"2253","8044791714","/catalog/product/reshetka-radiatora-volkswagen-talagon-2253/","true","avito_external","confirmed_by_owner","company_avito_account","true","manual_review_required","manual_review_required","manual_review_required","manual_review_required","manual_review_required","review_quality_availability_resolution_and_product_match"
"2254","8044376141","/catalog/product/podkrylok-zadnii-pravyi-geely-galaxy-starship-7-2254/","true","avito_external","confirmed_by_owner","company_avito_account","true","manual_review_required","manual_review_required","manual_review_required","manual_review_required","manual_review_required","review_quality_availability_resolution_and_product_match"
"2255","7948659826","/catalog/product/zerkalo-zadnego-vida-levoe-kia-k3-2255/","true","avito_external","confirmed_by_owner","company_avito_account","true","manual_review_required","manual_review_required","manual_review_required","manual_review_required","manual_review_required","review_quality_availability_resolution_and_product_match"
"2256","8076051793","/catalog/product/kryshka-bagazhnika-tank-500-2256/","true","avito_external","confirmed_by_owner","company_avito_account","true","manual_review_required","manual_review_required","manual_review_required","manual_review_required","manual_review_required","review_quality_availability_resolution_and_product_match"
"2257","4492988082","/catalog/product/dver-perednyaya-pravaya-geely-monjaro-original-2257/","true","avito_external","confirmed_by_owner","company_avito_account","true","manual_review_required","manual_review_required","manual_review_required","manual_review_required","manual_review_required","review_quality_availability_resolution_and_product_match"
"2258","7468977725","/catalog/product/kapot-livan-x6-pro-2258/","true","avito_external","confirmed_by_owner","company_avito_account","true","manual_review_required","manual_review_required","manual_review_required","manual_review_required","manual_review_required","review_quality_availability_resolution_and_product_match"
"2259","7916681124","/catalog/product/nakladka-perednego-bampera-geely-okavango-2259/","true","avito_external","confirmed_by_owner","company_avito_account","true","manual_review_required","manual_review_required","manual_review_required","manual_review_required","manual_review_required","review_quality_availability_resolution_and_product_match"
"2260","4364999265","/catalog/product/bamper-zadnii-changan-uni-k-original-2260/","true","avito_external","confirmed_by_owner","company_avito_account","true","manual_review_required","manual_review_required","manual_review_required","manual_review_required","manual_review_required","review_quality_availability_resolution_and_product_match"
"2261","8108814709","/catalog/product/perednyaya-levaya-dver-toyota-rav4-v-2261/","true","avito_external","confirmed_by_owner","company_avito_account","true","manual_review_required","manual_review_required","manual_review_required","manual_review_required","manual_review_required","review_quality_availability_resolution_and_product_match"
"2262","7564147197","/catalog/product/petlya-kapota-pravaya-polar-stone-01-2262/","true","avito_external","confirmed_by_owner","company_avito_account","true","manual_review_required","manual_review_required","manual_review_required","manual_review_required","manual_review_required","review_quality_availability_resolution_and_product_match"
"2263","7980226089","/catalog/product/dver-zadnyaya-pravaya-byd-tang-l-2263/","true","avito_external","confirmed_by_owner","company_avito_account","true","manual_review_required","manual_review_required","manual_review_required","manual_review_required","manual_review_required","review_quality_availability_resolution_and_product_match"
"2264","4141362282","/catalog/product/reshetka-perednego-bampera-levaya-geely-monjaro-ori-2264/","true","avito_external","confirmed_by_owner","company_avito_account","true","manual_review_required","manual_review_required","manual_review_required","manual_review_required","manual_review_required","review_quality_availability_resolution_and_product_match"
"2265","8075928026","/catalog/product/zadnyaya-levaya-dver-kia-k5-2265/","true","avito_external","confirmed_by_owner","company_avito_account","true","manual_review_required","manual_review_required","manual_review_required","manual_review_required","manual_review_required","review_quality_availability_resolution_and_product_match"
"2266","8076263955","/catalog/product/usilitel-perednego-bampera-toyota-corolla-2266/","true","avito_external","confirmed_by_owner","company_avito_account","true","manual_review_required","manual_review_required","manual_review_required","manual_review_required","manual_review_required","review_quality_availability_resolution_and_product_match"
"2267","7948451183","/catalog/product/krylo-perednee-pravoe-baic-x35-2267/","true","avito_external","confirmed_by_owner","company_avito_account","true","manual_review_required","manual_review_required","manual_review_required","manual_review_required","manual_review_required","review_quality_availability_resolution_and_product_match"
"2268","7948788027","/catalog/product/krylo-perednee-levoe-kia-k3-2268/","true","avito_external","confirmed_by_owner","company_avito_account","true","manual_review_required","manual_review_required","manual_review_required","manual_review_required","manual_review_required","review_quality_availability_resolution_and_product_match"
"2269","8108722482","/catalog/product/levaya-nakladka-zadnego-bampera-exeed-exlantix-es-e3-2269/","true","avito_external","confirmed_by_owner","company_avito_account","true","manual_review_required","manual_review_required","manual_review_required","manual_review_required","manual_review_required","review_quality_availability_resolution_and_product_match"
"2270","8044616709","/catalog/product/usilitel-perednego-bampera-aito-m8-2270/","true","avito_external","confirmed_by_owner","company_avito_account","true","manual_review_required","manual_review_required","manual_review_required","manual_review_required","manual_review_required","review_quality_availability_resolution_and_product_match"
"2271","7820739027","/catalog/product/levaya-perednyaya-dver-byd-fangchengbao-leopard-5-2271/","true","avito_external","confirmed_by_owner","company_avito_account","true","manual_review_required","manual_review_required","manual_review_required","manual_review_required","manual_review_required","review_quality_availability_resolution_and_product_match"
"2272","8012018300","/catalog/product/dver-zadnyaya-pravaya-geely-preface-2272/","true","avito_external","confirmed_by_owner","company_avito_account","true","manual_review_required","manual_review_required","manual_review_required","manual_review_required","manual_review_required","review_quality_availability_resolution_and_product_match"
"2273","4140730367","/catalog/product/kronshtein-perednego-bampera-pravyi-geely-monjaro-2273/","true","avito_external","confirmed_by_owner","company_avito_account","true","manual_review_required","manual_review_required","manual_review_required","manual_review_required","manual_review_required","review_quality_availability_resolution_and_product_match"
"2274","8076402858","/catalog/product/ramka-radiatora-verhnyaya-chast-toyota-corolla-2274/","true","avito_external","confirmed_by_owner","company_avito_account","true","manual_review_required","manual_review_required","manual_review_required","manual_review_required","manual_review_required","review_quality_availability_resolution_and_product_match"
"2275","4492963358","/catalog/product/krylo-perednee-pravoe-geely-monjaro-original-2275/","true","avito_external","confirmed_by_owner","company_avito_account","true","manual_review_required","manual_review_required","manual_review_required","manual_review_required","manual_review_required","review_quality_availability_resolution_and_product_match"
"2276","8075968561","/catalog/product/reshetka-radiatora-nissan-x-trail-t33-2276/","true","avito_external","confirmed_by_owner","company_avito_account","true","manual_review_required","manual_review_required","manual_review_required","manual_review_required","manual_review_required","review_quality_availability_resolution_and_product_match"
"2277","8044305542","/catalog/product/dver-perednyaya-pravaya-byd-yangwang-u8l-2277/","true","avito_external","confirmed_by_owner","company_avito_account","true","manual_review_required","manual_review_required","manual_review_required","manual_review_required","manual_review_required","review_quality_availability_resolution_and_product_match"
"2278","8012451905","/catalog/product/dver-perednyaya-pravaya-geely-galaxy-m9-2278/","true","avito_external","confirmed_by_owner","company_avito_account","true","manual_review_required","manual_review_required","manual_review_required","manual_review_required","manual_review_required","review_quality_availability_resolution_and_product_match"
"2279","8076635736","/catalog/product/yubka-perednego-bampera-changan-cs95-2279/","true","avito_external","confirmed_by_owner","company_avito_account","true","manual_review_required","manual_review_required","manual_review_required","manual_review_required","manual_review_required","review_quality_availability_resolution_and_product_match"
"2280","8108689833","/catalog/product/usilitel-zadnego-bampera-toyota-rav4-v-2280/","true","avito_external","confirmed_by_owner","company_avito_account","true","manual_review_required","manual_review_required","manual_review_required","manual_review_required","manual_review_required","review_quality_availability_resolution_and_product_match"
"2281","7244994575","/catalog/product/komplekt-obvesa-na-tank-300-pod-mers-g-class-2281/","true","avito_external","confirmed_by_owner","company_avito_account","true","manual_review_required","manual_review_required","manual_review_required","manual_review_required","manual_review_required","review_quality_availability_resolution_and_product_match"
"2282","7788865337","/catalog/product/nakladka-perednego-bampera-perednyaya-pravaya-toyota-2282/","true","avito_external","confirmed_by_owner","company_avito_account","true","manual_review_required","manual_review_required","manual_review_required","manual_review_required","manual_review_required","review_quality_availability_resolution_and_product_match"
"2283","7948611852","/catalog/product/molding-kryshi-pravyi-kia-k3-2283/","false","missing","confirmed_by_owner","company_avito_account","true","manual_review_required","manual_review_required","manual_review_required","manual_review_required","manual_review_required","review_quality_availability_resolution_and_product_match"
"2284","8044484155","/catalog/product/yubka-zadnego-bampera-voyah-taishan-2284/","true","avito_external","confirmed_by_owner","company_avito_account","true","manual_review_required","manual_review_required","manual_review_required","manual_review_required","manual_review_required","review_quality_availability_resolution_and_product_match"
"2285","7948845427","/catalog/product/perednee-pravoe-krylo-geely-galaxy-l7-2285/","true","avito_external","confirmed_by_owner","company_avito_account","true","manual_review_required","manual_review_required","manual_review_required","manual_review_required","manual_review_required","review_quality_availability_resolution_and_product_match"
"2286","7980055740","/catalog/product/dver-perednyaya-levaya-wey-80-2286/","true","avito_external","confirmed_by_owner","company_avito_account","true","manual_review_required","manual_review_required","manual_review_required","manual_review_required","manual_review_required","review_quality_availability_resolution_and_product_match"
"2287","8012389475","/catalog/product/zerkalo-levoe-geely-galaxy-m9-2287/","true","avito_external","confirmed_by_owner","company_avito_account","true","manual_review_required","manual_review_required","manual_review_required","manual_review_required","manual_review_required","review_quality_availability_resolution_and_product_match"
"2288","8044211702","/catalog/product/zerkalo-zadnego-vida-levoe-byd-yangwang-u8l-2288/","true","avito_external","confirmed_by_owner","company_avito_account","true","manual_review_required","manual_review_required","manual_review_required","manual_review_required","manual_review_required","review_quality_availability_resolution_and_product_match"
"2289","7820653683","/catalog/product/nouskat-haval-h3-2289/","false","missing","confirmed_by_owner","company_avito_account","true","manual_review_required","manual_review_required","manual_review_required","manual_review_required","manual_review_required","review_quality_availability_resolution_and_product_match"
"2290","7788934495","/catalog/product/zerkalo-naruzhnoe-pravoe-toyota-camry-xv-80-2290/","true","avito_external","confirmed_by_owner","company_avito_account","true","manual_review_required","manual_review_required","manual_review_required","manual_review_required","manual_review_required","review_quality_availability_resolution_and_product_match"
"2291","8108778554","/catalog/product/podkrylok-zadnii-pravyi-exeed-exlantix-es-e3-2291/","true","avito_external","confirmed_by_owner","company_avito_account","true","manual_review_required","manual_review_required","manual_review_required","manual_review_required","manual_review_required","review_quality_availability_resolution_and_product_match"
"2292","8108489362","/catalog/product/levaya-perednyaya-dver-haval-xiaolong-hi4-2292/","true","avito_external","confirmed_by_owner","company_avito_account","true","manual_review_required","manual_review_required","manual_review_required","manual_review_required","manual_review_required","review_quality_availability_resolution_and_product_match"
"2293","8107897592","/catalog/product/nizhnyaya-zaschita-dvigatelya-perednyaya-aito-m8-2293/","false","missing","confirmed_by_owner","company_avito_account","true","manual_review_required","manual_review_required","manual_review_required","manual_review_required","manual_review_required","review_quality_availability_resolution_and_product_match"
"2294","7947959042","/catalog/product/podkrylok-perednii-levyi-toyota-highlander-xu70-2294/","true","avito_external","confirmed_by_owner","company_avito_account","true","manual_review_required","manual_review_required","manual_review_required","manual_review_required","manual_review_required","review_quality_availability_resolution_and_product_match"
"2295","7980476223","/catalog/product/nakladka-pravogo-perednego-kryla-hongqi-hs5-2295/","true","avito_external","confirmed_by_owner","company_avito_account","true","manual_review_required","manual_review_required","manual_review_required","manual_review_required","manual_review_required","review_quality_availability_resolution_and_product_match"
"2296","7948531970","/catalog/product/nakladka-levogo-zadnego-kryla-volkswagen-tayron-2296/","true","avito_external","confirmed_by_owner","company_avito_account","true","manual_review_required","manual_review_required","manual_review_required","manual_review_required","manual_review_required","review_quality_availability_resolution_and_product_match"
"2297","7948693486","/catalog/product/usilitel-perednego-bampera-baic-u5-plus-2297/","true","avito_external","confirmed_by_owner","company_avito_account","true","manual_review_required","manual_review_required","manual_review_required","manual_review_required","manual_review_required","review_quality_availability_resolution_and_product_match"
"2298","8108731185","/catalog/product/usilitel-perednego-bampera-changan-cs75-plus-2298/","true","avito_external","confirmed_by_owner","company_avito_account","true","manual_review_required","manual_review_required","manual_review_required","manual_review_required","manual_review_required","review_quality_availability_resolution_and_product_match"
"2299","8076821189","/catalog/product/nakladka-na-zadnii-bamper-levyi-changan-hanter-plus-2299/","true","avito_external","confirmed_by_owner","company_avito_account","true","manual_review_required","manual_review_required","manual_review_required","manual_review_required","manual_review_required","review_quality_availability_resolution_and_product_match"
"2300","8012854338","/catalog/product/krylo-perednee-levoe-geely-preface-2300/","true","avito_external","confirmed_by_owner","company_avito_account","true","manual_review_required","manual_review_required","manual_review_required","manual_review_required","manual_review_required","review_quality_availability_resolution_and_product_match"
"2301","7948280613","/catalog/product/nakladka-pravogo-perednego-kryla-volkswagen-tayron-2301/","true","avito_external","confirmed_by_owner","company_avito_account","true","manual_review_required","manual_review_required","manual_review_required","manual_review_required","manual_review_required","review_quality_availability_resolution_and_product_match"
"2302","7916020841","/catalog/product/krylo-perednee-levoe-mercedes-g-class-2302/","true","avito_external","confirmed_by_owner","company_avito_account","true","manual_review_required","manual_review_required","manual_review_required","manual_review_required","manual_review_required","review_quality_availability_resolution_and_product_match"
"2303","7820308428","/catalog/product/nakladka-pravogo-perednego-kryla-byd-leopard-5-2303/","true","avito_external","confirmed_by_owner","company_avito_account","true","manual_review_required","manual_review_required","manual_review_required","manual_review_required","manual_review_required","review_quality_availability_resolution_and_product_match"
"2304","8108647222","/catalog/product/bamper-perednii-baw-bj-212-2304/","true","avito_external","confirmed_by_owner","company_avito_account","true","manual_review_required","manual_review_required","manual_review_required","manual_review_required","manual_review_required","review_quality_availability_resolution_and_product_match"
"2305","7500149254","/catalog/product/nakladka-perednego-bampera-mercedes-benz-g-class-2305/","false","missing","confirmed_by_owner","company_avito_account","true","manual_review_required","manual_review_required","manual_review_required","manual_review_required","manual_review_required","review_quality_availability_resolution_and_product_match"
"2306","8044574252","/catalog/product/zerkalo-zadnego-vida-levyi-volkswagen-talagon-2306/","true","avito_external","confirmed_by_owner","company_avito_account","true","manual_review_required","manual_review_required","manual_review_required","manual_review_required","manual_review_required","review_quality_availability_resolution_and_product_match"
"2307","7980166939","/catalog/product/levaya-nakladka-perednego-bampera-wey-80-2307/","false","missing","confirmed_by_owner","company_avito_account","true","manual_review_required","manual_review_required","manual_review_required","manual_review_required","manual_review_required","review_quality_availability_resolution_and_product_match"
"2308","7916226132","/catalog/product/nakladka-perednei-pravoi-dveri-nizhnyaya-livan-x3-pro-2308/","true","avito_external","confirmed_by_owner","company_avito_account","true","manual_review_required","manual_review_required","manual_review_required","manual_review_required","manual_review_required","review_quality_availability_resolution_and_product_match"
"2309","8107933664","/catalog/product/podkrylok-perednii-pravyi-volkswagen-tavendor-2309/","true","avito_external","confirmed_by_owner","company_avito_account","true","manual_review_required","manual_review_required","manual_review_required","manual_review_required","manual_review_required","review_quality_availability_resolution_and_product_match"
"2310","7948784191","/catalog/product/nizhnyaya-nakladka-zadnego-bampera-baic-bj40-2310/","false","missing","confirmed_by_owner","company_avito_account","true","manual_review_required","manual_review_required","manual_review_required","manual_review_required","manual_review_required","review_quality_availability_resolution_and_product_match"
"2311","8108859944","/catalog/product/perednii-bamper-volkswagen-tavendor-2311/","true","avito_external","confirmed_by_owner","company_avito_account","true","manual_review_required","manual_review_required","manual_review_required","manual_review_required","manual_review_required","review_quality_availability_resolution_and_product_match"
"2312","4140745978","/catalog/product/ploschadka-nomera-perednego-bampera-geely-monjaro-o-2312/","true","avito_external","confirmed_by_owner","company_avito_account","true","manual_review_required","manual_review_required","manual_review_required","manual_review_required","manual_review_required","review_quality_availability_resolution_and_product_match"
"2313","8108064817","/catalog/product/reshetka-perednego-bampera-haval-xiaolong-hi4-2313/","true","avito_external","confirmed_by_owner","company_avito_account","true","manual_review_required","manual_review_required","manual_review_required","manual_review_required","manual_review_required","review_quality_availability_resolution_and_product_match"
"2314","8076241839","/catalog/product/levaya-perednyaya-dver-voyah-passion-2314/","true","avito_external","confirmed_by_owner","company_avito_account","true","manual_review_required","manual_review_required","manual_review_required","manual_review_required","manual_review_required","review_quality_availability_resolution_and_product_match"
"2315","7436639774","/catalog/product/nakladka-perednego-bampera-lixiang-li7-2315/","false","missing","confirmed_by_owner","company_avito_account","true","manual_review_required","manual_review_required","manual_review_required","manual_review_required","manual_review_required","review_quality_availability_resolution_and_product_match"
"2316","8108875693","/catalog/product/perednii-bamper-changan-cs75-plus-2316/","true","avito_external","confirmed_by_owner","company_avito_account","true","manual_review_required","manual_review_required","manual_review_required","manual_review_required","manual_review_required","review_quality_availability_resolution_and_product_match"
"2317","7916713550","/catalog/product/zadnyaya-levaya-dver-livan-x3-pro-2317/","true","avito_external","confirmed_by_owner","company_avito_account","true","manual_review_required","manual_review_required","manual_review_required","manual_review_required","manual_review_required","review_quality_availability_resolution_and_product_match"
"2318","7980671625","/catalog/product/perednyaya-pravaya-dver-hongqi-hs5-2318/","true","avito_external","confirmed_by_owner","company_avito_account","true","manual_review_required","manual_review_required","manual_review_required","manual_review_required","manual_review_required","review_quality_availability_resolution_and_product_match"
"2319","8076497936","/catalog/product/zadnyaya-pravaya-dver-kia-k5-2319/","true","avito_external","confirmed_by_owner","company_avito_account","true","manual_review_required","manual_review_required","manual_review_required","manual_review_required","manual_review_required","review_quality_availability_resolution_and_product_match"
"2320","7820416181","/catalog/product/pravoe-zadnee-krylo-nissan-x-trail-t33-2320/","false","missing","confirmed_by_owner","company_avito_account","true","manual_review_required","manual_review_required","manual_review_required","manual_review_required","manual_review_required","review_quality_availability_resolution_and_product_match"
"2321","4333273437","/catalog/product/dver-perednyaya-pravaya-voyah-free-original-2321/","true","avito_external","confirmed_by_owner","company_avito_account","true","manual_review_required","manual_review_required","manual_review_required","manual_review_required","manual_review_required","review_quality_availability_resolution_and_product_match"
"2322","8108645067","/catalog/product/kapot-changan-cs75-plus-2322/","true","avito_external","confirmed_by_owner","company_avito_account","true","manual_review_required","manual_review_required","manual_review_required","manual_review_required","manual_review_required","review_quality_availability_resolution_and_product_match"
"2323","7948283409","/catalog/product/podkrylok-zadnii-levyi-kia-k3-2323/","true","avito_external","confirmed_by_owner","company_avito_account","true","manual_review_required","manual_review_required","manual_review_required","manual_review_required","manual_review_required","review_quality_availability_resolution_and_product_match"
"2324","7532931889","/catalog/product/reshetka-perednego-bampera-haval-jolion-2324/","false","missing","confirmed_by_owner","company_avito_account","true","manual_review_required","manual_review_required","manual_review_required","manual_review_required","manual_review_required","review_quality_availability_resolution_and_product_match"
"2325","8108267598","/catalog/product/dver-zadnyaya-levaya-baw-bj-212-2325/","false","missing","confirmed_by_owner","company_avito_account","true","manual_review_required","manual_review_required","manual_review_required","manual_review_required","manual_review_required","review_quality_availability_resolution_and_product_match"
"2326","8044506414","/catalog/product/krylo-perednee-pravoe-byd-yangwang-u8l-2326/","true","avito_external","confirmed_by_owner","company_avito_account","true","manual_review_required","manual_review_required","manual_review_required","manual_review_required","manual_review_required","review_quality_availability_resolution_and_product_match"
"2327","8012119402","/catalog/product/nakladka-poroga-vneshnyaya-pravaya-livan-x3-pro-2327/","true","avito_external","confirmed_by_owner","company_avito_account","true","manual_review_required","manual_review_required","manual_review_required","manual_review_required","manual_review_required","review_quality_availability_resolution_and_product_match"
"2328","8044663036","/catalog/product/usilitel-zadnego-bampera-volkswagen-talagon-2328/","true","avito_external","confirmed_by_owner","company_avito_account","true","manual_review_required","manual_review_required","manual_review_required","manual_review_required","manual_review_required","review_quality_availability_resolution_and_product_match"
"2329","7979936848","/catalog/product/zadnyaya-pravaya-dver-hongqi-hs5-2329/","true","avito_external","confirmed_by_owner","company_avito_account","true","manual_review_required","manual_review_required","manual_review_required","manual_review_required","manual_review_required","review_quality_availability_resolution_and_product_match"
"2330","7948835000","/catalog/product/bamper-zadnii-verh-baic-x35-2330/","true","avito_external","confirmed_by_owner","company_avito_account","true","manual_review_required","manual_review_required","manual_review_required","manual_review_required","manual_review_required","review_quality_availability_resolution_and_product_match"
"2331","8076458541","/catalog/product/pravaya-perednyaya-dver-voyah-dream-2331/","true","avito_external","confirmed_by_owner","company_avito_account","true","manual_review_required","manual_review_required","manual_review_required","manual_review_required","manual_review_required","review_quality_availability_resolution_and_product_match"
"2332","8076149860","/catalog/product/zerkalo-levoe-tank-500-2332/","true","avito_external","confirmed_by_owner","company_avito_account","true","manual_review_required","manual_review_required","manual_review_required","manual_review_required","manual_review_required","review_quality_availability_resolution_and_product_match"
"2333","8076332734","/catalog/product/reshetka-radiatora-tank-500-2333/","true","avito_external","confirmed_by_owner","company_avito_account","true","manual_review_required","manual_review_required","manual_review_required","manual_review_required","manual_review_required","review_quality_availability_resolution_and_product_match"
"2334","7500128344","/catalog/product/krylo-zadnee-pravoe-voyah-dream-2334/","false","missing","confirmed_by_owner","company_avito_account","true","manual_review_required","manual_review_required","manual_review_required","manual_review_required","manual_review_required","review_quality_availability_resolution_and_product_match"
"2335","7820883521","/catalog/product/dver-zadnyaya-levaya-toyota-wildlander-2335/","true","avito_external","confirmed_by_owner","company_avito_account","true","manual_review_required","manual_review_required","manual_review_required","manual_review_required","manual_review_required","review_quality_availability_resolution_and_product_match"
"2336","4140929138","/catalog/product/kronshtein-parkovochnogo-radara-zadnii-levyi-geely-m-2336/","true","avito_external","confirmed_by_owner","company_avito_account","true","manual_review_required","manual_review_required","manual_review_required","manual_review_required","manual_review_required","review_quality_availability_resolution_and_product_match"
"2337","8044457357","/catalog/product/dver-perednyaya-pravaya-volkswagen-talagon-2337/","true","avito_external","confirmed_by_owner","company_avito_account","true","manual_review_required","manual_review_required","manual_review_required","manual_review_required","manual_review_required","review_quality_availability_resolution_and_product_match"
"2338","8076840654","/catalog/product/levaya-perednyaya-dver-voyah-dream-2338/","true","avito_external","confirmed_by_owner","company_avito_account","true","manual_review_required","manual_review_required","manual_review_required","manual_review_required","manual_review_required","review_quality_availability_resolution_and_product_match"
"2339","7980790624","/catalog/product/perednyaya-pravaya-dver-toyota-camry-xv80-2339/","true","avito_external","confirmed_by_owner","company_avito_account","true","manual_review_required","manual_review_required","manual_review_required","manual_review_required","manual_review_required","review_quality_availability_resolution_and_product_match"
"2340","8108548724","/catalog/product/nakladka-zadnego-kryla-pravaya-baw-bj-212-2340/","true","avito_external","confirmed_by_owner","company_avito_account","true","manual_review_required","manual_review_required","manual_review_required","manual_review_required","manual_review_required","review_quality_availability_resolution_and_product_match"
"2341","7244701241","/catalog/product/molding-zadnego-bampera-voyah-free-2341/","false","missing","confirmed_by_owner","company_avito_account","true","manual_review_required","manual_review_required","manual_review_required","manual_review_required","manual_review_required","review_quality_availability_resolution_and_product_match"
"2342","8076064333","/catalog/product/zadnii-bamper-tank-700-2342/","true","avito_external","confirmed_by_owner","company_avito_account","true","manual_review_required","manual_review_required","manual_review_required","manual_review_required","manual_review_required","review_quality_availability_resolution_and_product_match"
"2343","7436074643","/catalog/product/kryshka-bagazhnika-lixiang-l6-2343/","false","missing","confirmed_by_owner","company_avito_account","true","manual_review_required","manual_review_required","manual_review_required","manual_review_required","manual_review_required","review_quality_availability_resolution_and_product_match"
"2344","7979965547","/catalog/product/perednyaya-levaya-dver-hongqi-hs5-2344/","true","avito_external","confirmed_by_owner","company_avito_account","true","manual_review_required","manual_review_required","manual_review_required","manual_review_required","manual_review_required","review_quality_availability_resolution_and_product_match"
"2345","8108358458","/catalog/product/usilitel-zadnego-bampera-changan-cs75-plus-2345/","true","avito_external","confirmed_by_owner","company_avito_account","true","manual_review_required","manual_review_required","manual_review_required","manual_review_required","manual_review_required","review_quality_availability_resolution_and_product_match"
"2346","7564578340","/catalog/product/usilitel-perednego-bampera-nizhnii-polar-stone-01-2346/","false","missing","confirmed_by_owner","company_avito_account","true","manual_review_required","manual_review_required","manual_review_required","manual_review_required","manual_review_required","review_quality_availability_resolution_and_product_match"
"2347","8076500947","/catalog/product/perednii-bamper-toyota-corolla-2347/","true","avito_external","confirmed_by_owner","company_avito_account","true","manual_review_required","manual_review_required","manual_review_required","manual_review_required","manual_review_required","review_quality_availability_resolution_and_product_match"
"2348","7980510323","/catalog/product/kapot-wey-80-2348/","true","avito_external","confirmed_by_owner","company_avito_account","true","manual_review_required","manual_review_required","manual_review_required","manual_review_required","manual_review_required","review_quality_availability_resolution_and_product_match"
"2349","7948831921","/catalog/product/zaglushka-reilinga-livan-x6-pro-2349/","true","avito_external","confirmed_by_owner","company_avito_account","true","manual_review_required","manual_review_required","manual_review_required","manual_review_required","manual_review_required","review_quality_availability_resolution_and_product_match"
"2350","7244666178","/catalog/product/spoiler-zadnego-bampera-voyah-free-2350/","false","missing","confirmed_by_owner","company_avito_account","true","manual_review_required","manual_review_required","manual_review_required","manual_review_required","manual_review_required","review_quality_availability_resolution_and_product_match"
"2351","8012830747","/catalog/product/krylo-perednee-pravoe-geely-galaxy-m9-2351/","true","avito_external","confirmed_by_owner","company_avito_account","true","manual_review_required","manual_review_required","manual_review_required","manual_review_required","manual_review_required","review_quality_availability_resolution_and_product_match"
"2352","8108387136","/catalog/product/nizhnyaya-nakladka-zadnego-bampera-volkswagen-tavendor-2352/","true","avito_external","confirmed_by_owner","company_avito_account","true","manual_review_required","manual_review_required","manual_review_required","manual_review_required","manual_review_required","review_quality_availability_resolution_and_product_match"
"2353","8108197096","/catalog/product/podkrylok-perednii-levyi-exeed-exlantix-es-e3-2353/","true","avito_external","confirmed_by_owner","company_avito_account","true","manual_review_required","manual_review_required","manual_review_required","manual_review_required","manual_review_required","review_quality_availability_resolution_and_product_match"
"2354","8076824362","/catalog/product/perednee-levoe-krylo-kia-k5-2354/","true","avito_external","confirmed_by_owner","company_avito_account","true","manual_review_required","manual_review_required","manual_review_required","manual_review_required","manual_review_required","review_quality_availability_resolution_and_product_match"
"2355","7948362184","/catalog/product/bamper-perednii-kia-k3-2355/","true","avito_external","confirmed_by_owner","company_avito_account","true","manual_review_required","manual_review_required","manual_review_required","manual_review_required","manual_review_required","review_quality_availability_resolution_and_product_match"
"2356","7979987616","/catalog/product/krylo-perednee-pravoe-byd-tang-l-2356/","true","avito_external","confirmed_by_owner","company_avito_account","true","manual_review_required","manual_review_required","manual_review_required","manual_review_required","manual_review_required","review_quality_availability_resolution_and_product_match"
"2357","8076272227","/catalog/product/zerkalo-pravoe-kia-k5-2357/","true","avito_external","confirmed_by_owner","company_avito_account","true","manual_review_required","manual_review_required","manual_review_required","manual_review_required","manual_review_required","review_quality_availability_resolution_and_product_match"
"2358","7948428161","/catalog/product/reiling-levyi-livan-x6-pro-2358/","true","avito_external","confirmed_by_owner","company_avito_account","true","manual_review_required","manual_review_required","manual_review_required","manual_review_required","manual_review_required","review_quality_availability_resolution_and_product_match"
"2359","7948436553","/catalog/product/levaya-perednyaya-dver-baic-x55-2359/","true","avito_external","confirmed_by_owner","company_avito_account","true","manual_review_required","manual_review_required","manual_review_required","manual_review_required","manual_review_required","review_quality_availability_resolution_and_product_match"
"2360","7820612362","/catalog/product/kapot-haval-h3-2360/","false","missing","confirmed_by_owner","company_avito_account","true","manual_review_required","manual_review_required","manual_review_required","manual_review_required","manual_review_required","review_quality_availability_resolution_and_product_match"
"2361","7788032843","/catalog/product/krylo-perednee-pravoe-toyota-camry-xv-80-2361/","true","avito_external","confirmed_by_owner","company_avito_account","true","manual_review_required","manual_review_required","manual_review_required","manual_review_required","manual_review_required","review_quality_availability_resolution_and_product_match"
"2362","8076571629","/catalog/product/naruzhnoe-zerkalo-pravoe-changan-cs95-2362/","true","avito_external","confirmed_by_owner","company_avito_account","true","manual_review_required","manual_review_required","manual_review_required","manual_review_required","manual_review_required","review_quality_availability_resolution_and_product_match"
"2363","7948123973","/catalog/product/reshetka-perednego-bampera-geely-galaxy-l7-2363/","true","avito_external","confirmed_by_owner","company_avito_account","true","manual_review_required","manual_review_required","manual_review_required","manual_review_required","manual_review_required","review_quality_availability_resolution_and_product_match"
"2364","7532617718","/catalog/product/dver-perednyaya-levaya-exeed-vx-2364/","false","missing","confirmed_by_owner","company_avito_account","true","manual_review_required","manual_review_required","manual_review_required","manual_review_required","manual_review_required","review_quality_availability_resolution_and_product_match"
"2365","8075997779","/catalog/product/perednii-bamper-tank-700-2365/","true","avito_external","confirmed_by_owner","company_avito_account","true","manual_review_required","manual_review_required","manual_review_required","manual_review_required","manual_review_required","review_quality_availability_resolution_and_product_match"
"2366","8107917444","/catalog/product/perednee-pravoe-krylo-toyota-rav4-v-2366/","true","avito_external","confirmed_by_owner","company_avito_account","true","manual_review_required","manual_review_required","manual_review_required","manual_review_required","manual_review_required","review_quality_availability_resolution_and_product_match"
"2367","7916838012","/catalog/product/podkrylok-perednii-pravyi-livan-x3-pro-2367/","true","avito_external","confirmed_by_owner","company_avito_account","true","manual_review_required","manual_review_required","manual_review_required","manual_review_required","manual_review_required","review_quality_availability_resolution_and_product_match"
"2368","8108108122","/catalog/product/usilitel-perednego-bampera-toyota-rav4-v-2368/","true","avito_external","confirmed_by_owner","company_avito_account","true","manual_review_required","manual_review_required","manual_review_required","manual_review_required","manual_review_required","review_quality_availability_resolution_and_product_match"
"2369","7980754922","/catalog/product/perednyaya-pravaya-dver-changan-deepal-s7-2369/","true","avito_external","confirmed_by_owner","company_avito_account","true","manual_review_required","manual_review_required","manual_review_required","manual_review_required","manual_review_required","review_quality_availability_resolution_and_product_match"
"2370","8076644769","/catalog/product/krylo-perednee-levoe-changan-cs95-2370/","true","avito_external","confirmed_by_owner","company_avito_account","true","manual_review_required","manual_review_required","manual_review_required","manual_review_required","manual_review_required","review_quality_availability_resolution_and_product_match"
"2371","8108024931","/catalog/product/zaschita-dvigatelya-toyota-rav4-v-2371/","true","avito_external","confirmed_by_owner","company_avito_account","true","manual_review_required","manual_review_required","manual_review_required","manual_review_required","manual_review_required","review_quality_availability_resolution_and_product_match"
"2372","8108827932","/catalog/product/dver-perednyaya-levaya-baw-bj-212-2372/","true","avito_external","confirmed_by_owner","company_avito_account","true","manual_review_required","manual_review_required","manual_review_required","manual_review_required","manual_review_required","review_quality_availability_resolution_and_product_match"
"2373","7980420968","/catalog/product/pravoe-perednee-krylo-hongqi-hs5-2373/","true","avito_external","confirmed_by_owner","company_avito_account","true","manual_review_required","manual_review_required","manual_review_required","manual_review_required","manual_review_required","review_quality_availability_resolution_and_product_match"
"2374","8076088286","/catalog/product/nizhnyaya-nakladka-zadnego-bampera-kia-seltos-2374/","true","avito_external","confirmed_by_owner","company_avito_account","true","manual_review_required","manual_review_required","manual_review_required","manual_review_required","manual_review_required","review_quality_availability_resolution_and_product_match"
"2375","7948075357","/catalog/product/nizhnyaya-reshetka-perednego-bampera-baic-x7-2375/","true","avito_external","confirmed_by_owner","company_avito_account","true","manual_review_required","manual_review_required","manual_review_required","manual_review_required","manual_review_required","review_quality_availability_resolution_and_product_match"
"2376","8108887530","/catalog/product/nakladka-perednego-kryla-levaya-baw-bj-212-2376/","true","avito_external","confirmed_by_owner","company_avito_account","true","manual_review_required","manual_review_required","manual_review_required","manual_review_required","manual_review_required","review_quality_availability_resolution_and_product_match"
"2377","4493244212","/catalog/product/kapot-haval-jolion-2377/","false","missing","confirmed_by_owner","company_avito_account","true","manual_review_required","manual_review_required","manual_review_required","manual_review_required","manual_review_required","review_quality_availability_resolution_and_product_match"
"2378","8044306928","/catalog/product/dver-zadnyaya-pravaya-volkswagen-talagon-2378/","true","avito_external","confirmed_by_owner","company_avito_account","true","manual_review_required","manual_review_required","manual_review_required","manual_review_required","manual_review_required","review_quality_availability_resolution_and_product_match"
"2379","8108425672","/catalog/product/levoe-perednee-krylo-voyah-passion-2379/","true","avito_external","confirmed_by_owner","company_avito_account","true","manual_review_required","manual_review_required","manual_review_required","manual_review_required","manual_review_required","review_quality_availability_resolution_and_product_match"
"2380","4332985187","/catalog/product/podkrylok-zadnii-pravyi-na-voyah-free-original-2380/","true","avito_external","confirmed_by_owner","company_avito_account","true","manual_review_required","manual_review_required","manual_review_required","manual_review_required","manual_review_required","review_quality_availability_resolution_and_product_match"
"2381","7532812928","/catalog/product/reshetka-radiatora-chery-tiggo-4-pro-2-restailing-2381/","true","avito_external","confirmed_by_owner","company_avito_account","true","manual_review_required","manual_review_required","manual_review_required","manual_review_required","manual_review_required","review_quality_availability_resolution_and_product_match"
"2382","8108642519","/catalog/product/usilitel-zadnego-bampera-voyah-passion-2382/","false","missing","confirmed_by_owner","company_avito_account","true","manual_review_required","manual_review_required","manual_review_required","manual_review_required","manual_review_required","review_quality_availability_resolution_and_product_match"
"2383","7500984930","/catalog/product/frontalnyi-logotip-v-sbore-hongqi-hs5-2383/","true","avito_external","confirmed_by_owner","company_avito_account","true","manual_review_required","manual_review_required","manual_review_required","manual_review_required","manual_review_required","review_quality_availability_resolution_and_product_match"
"2384","8108694076","/catalog/product/levyi-perednii-podkrylok-voyah-passion-2384/","true","avito_external","confirmed_by_owner","company_avito_account","true","manual_review_required","manual_review_required","manual_review_required","manual_review_required","manual_review_required","review_quality_availability_resolution_and_product_match"
"2385","8076871368","/catalog/product/levaya-chast-zadnego-bampera-kia-seltos-2385/","true","avito_external","confirmed_by_owner","company_avito_account","true","manual_review_required","manual_review_required","manual_review_required","manual_review_required","manual_review_required","review_quality_availability_resolution_and_product_match"
"2386","7916038378","/catalog/product/nakladka-perednego-pravogo-kryla-livan-x3-pro-2386/","true","avito_external","confirmed_by_owner","company_avito_account","true","manual_review_required","manual_review_required","manual_review_required","manual_review_required","manual_review_required","review_quality_availability_resolution_and_product_match"
"2387","7596537465","/catalog/product/levoe-perednee-krylo-haval-jolion-restailing-2387/","true","avito_external","confirmed_by_owner","company_avito_account","true","manual_review_required","manual_review_required","manual_review_required","manual_review_required","manual_review_required","review_quality_availability_resolution_and_product_match"
"2388","8076882479","/catalog/product/pravoe-perednee-krylo-kia-seltos-2388/","true","avito_external","confirmed_by_owner","company_avito_account","true","manual_review_required","manual_review_required","manual_review_required","manual_review_required","manual_review_required","review_quality_availability_resolution_and_product_match"
"2389","8076273801","/catalog/product/pravoe-perednee-krylo-kia-sportage-china-v-2389/","true","avito_external","confirmed_by_owner","company_avito_account","true","manual_review_required","manual_review_required","manual_review_required","manual_review_required","manual_review_required","review_quality_availability_resolution_and_product_match"
"2390","7980359162","/catalog/product/usilitel-zadnego-bampera-changan-deepal-s7-2390/","true","avito_external","confirmed_by_owner","company_avito_account","true","manual_review_required","manual_review_required","manual_review_required","manual_review_required","manual_review_required","review_quality_availability_resolution_and_product_match"
"2391","7948505622","/catalog/product/zerkalo-pravoe-baic-x35-2391/","true","avito_external","confirmed_by_owner","company_avito_account","true","manual_review_required","manual_review_required","manual_review_required","manual_review_required","manual_review_required","review_quality_availability_resolution_and_product_match"
"2392","8076296203","/catalog/product/nizhnyaya-chast-zadnego-bampera-byd-seal-06-gt-2392/","true","avito_external","confirmed_by_owner","company_avito_account","true","manual_review_required","manual_review_required","manual_review_required","manual_review_required","manual_review_required","review_quality_availability_resolution_and_product_match"
"2393","7979975869","/catalog/product/zadnyaya-levaya-dver-toyota-camry-xv80-2393/","true","avito_external","confirmed_by_owner","company_avito_account","true","manual_review_required","manual_review_required","manual_review_required","manual_review_required","manual_review_required","review_quality_availability_resolution_and_product_match"
"2394","8108360036","/catalog/product/zadnii-bamper-toyota-rav4-v-2394/","true","avito_external","confirmed_by_owner","company_avito_account","true","manual_review_required","manual_review_required","manual_review_required","manual_review_required","manual_review_required","review_quality_availability_resolution_and_product_match"
"2395","7948111679","/catalog/product/levaya-nakladka-zadnego-bampera-geely-galaxy-l7-2395/","true","avito_external","confirmed_by_owner","company_avito_account","true","manual_review_required","manual_review_required","manual_review_required","manual_review_required","manual_review_required","review_quality_availability_resolution_and_product_match"
"2396","8108632561","/catalog/product/podkrylok-pravyi-zadnii-aito-m8-2396/","false","missing","confirmed_by_owner","company_avito_account","true","manual_review_required","manual_review_required","manual_review_required","manual_review_required","manual_review_required","review_quality_availability_resolution_and_product_match"
"2397","8012005811","/catalog/product/nakladka-zadnego-bampera-nizhnyaya-geely-preface-2397/","true","avito_external","confirmed_by_owner","company_avito_account","true","manual_review_required","manual_review_required","manual_review_required","manual_review_required","manual_review_required","review_quality_availability_resolution_and_product_match"
"2398","4333232538","/catalog/product/zerkalo-pravoe-na-voyah-free-original-2398/","true","avito_external","confirmed_by_owner","company_avito_account","true","manual_review_required","manual_review_required","manual_review_required","manual_review_required","manual_review_required","review_quality_availability_resolution_and_product_match"
"2399","7980622275","/catalog/product/reshetka-radiatora-hongqi-hs5-2399/","true","avito_external","confirmed_by_owner","company_avito_account","true","manual_review_required","manual_review_required","manual_review_required","manual_review_required","manual_review_required","review_quality_availability_resolution_and_product_match"
"2400","7372947781","/catalog/product/dver-zadnyaya-levaya-li-7-original-2400/","false","missing","confirmed_by_owner","company_avito_account","true","manual_review_required","manual_review_required","manual_review_required","manual_review_required","manual_review_required","review_quality_availability_resolution_and_product_match"
"2401","7436996223","/catalog/product/zhalyuzi-reshetki-perednego-bampera-lixiang-li7-2401/","false","missing","confirmed_by_owner","company_avito_account","true","manual_review_required","manual_review_required","manual_review_required","manual_review_required","manual_review_required","review_quality_availability_resolution_and_product_match"
"2402","7948013946","/catalog/product/zerkalo-levoe-baic-x35-2402/","true","avito_external","confirmed_by_owner","company_avito_account","true","manual_review_required","manual_review_required","manual_review_required","manual_review_required","manual_review_required","review_quality_availability_resolution_and_product_match"
"2403","7948720850","/catalog/product/zerkalo-pravoe-baic-x7-2403/","true","avito_external","confirmed_by_owner","company_avito_account","true","manual_review_required","manual_review_required","manual_review_required","manual_review_required","manual_review_required","review_quality_availability_resolution_and_product_match"
"2404","8108125771","/catalog/product/nakladka-na-levoe-krylo-voyah-passion-2404/","false","missing","confirmed_by_owner","company_avito_account","true","manual_review_required","manual_review_required","manual_review_required","manual_review_required","manual_review_required","review_quality_availability_resolution_and_product_match"
"2405","7500156840","/catalog/product/nakladka-dvigatelya-hongqi-hs5-2405/","true","avito_external","confirmed_by_owner","company_avito_account","true","manual_review_required","manual_review_required","manual_review_required","manual_review_required","manual_review_required","review_quality_availability_resolution_and_product_match"
"2406","8108130400","/catalog/product/pravoe-perednee-krylo-voyah-passion-2406/","true","avito_external","confirmed_by_owner","company_avito_account","true","manual_review_required","manual_review_required","manual_review_required","manual_review_required","manual_review_required","review_quality_availability_resolution_and_product_match"
"2407","7980458943","/catalog/product/perednii-bamper-wey-80-2407/","true","avito_external","confirmed_by_owner","company_avito_account","true","manual_review_required","manual_review_required","manual_review_required","manual_review_required","manual_review_required","review_quality_availability_resolution_and_product_match"
"2408","4044920428","/catalog/product/bamper-zadnii-voyah-free-v-sbore-original-2408/","true","avito_external","confirmed_by_owner","company_avito_account","true","manual_review_required","manual_review_required","manual_review_required","manual_review_required","manual_review_required","review_quality_availability_resolution_and_product_match"
"2409","7980468646","/catalog/product/usilitel-perednego-bampera-hongqi-hs5-2409/","true","avito_external","confirmed_by_owner","company_avito_account","true","manual_review_required","manual_review_required","manual_review_required","manual_review_required","manual_review_required","review_quality_availability_resolution_and_product_match"
"2410","8076289944","/catalog/product/levaya-zadnyaya-dver-voyah-dream-2410/","true","avito_external","confirmed_by_owner","company_avito_account","true","manual_review_required","manual_review_required","manual_review_required","manual_review_required","manual_review_required","review_quality_availability_resolution_and_product_match"
"2411","7948008594","/catalog/product/podkrylok-perednii-pravyi-volkswagen-tayron-2411/","true","avito_external","confirmed_by_owner","company_avito_account","true","manual_review_required","manual_review_required","manual_review_required","manual_review_required","manual_review_required","review_quality_availability_resolution_and_product_match"
"2412","8108827547","/catalog/product/nizhnyaya-chast-ramki-radiatora-kia-sportage-china-v-2412/","true","avito_external","confirmed_by_owner","company_avito_account","true","manual_review_required","manual_review_required","manual_review_required","manual_review_required","manual_review_required","review_quality_availability_resolution_and_product_match"
"2413","7980289962","/catalog/product/nakladka-zadnei-levoi-dveri-wey-80-2413/","true","avito_external","confirmed_by_owner","company_avito_account","true","manual_review_required","manual_review_required","manual_review_required","manual_review_required","manual_review_required","review_quality_availability_resolution_and_product_match"
"2414","7820616788","/catalog/product/panoramnaya-krysha-zeekr-001-2414/","true","avito_external","confirmed_by_owner","company_avito_account","true","manual_review_required","manual_review_required","manual_review_required","manual_review_required","manual_review_required","review_quality_availability_resolution_and_product_match"
"2415","8108386405","/catalog/product/dver-zadnyaya-levaya-volkswagen-tavendor-2415/","true","avito_external","confirmed_by_owner","company_avito_account","true","manual_review_required","manual_review_required","manual_review_required","manual_review_required","manual_review_required","review_quality_availability_resolution_and_product_match"
"2416","7948822198","/catalog/product/reshetka-radiatora-baic-x7-2416/","true","avito_external","confirmed_by_owner","company_avito_account","true","manual_review_required","manual_review_required","manual_review_required","manual_review_required","manual_review_required","review_quality_availability_resolution_and_product_match"
"2417","7244880368","/catalog/product/reiling-kryshi-pravyi-changan-hanter-plus-2417/","false","missing","confirmed_by_owner","company_avito_account","true","manual_review_required","manual_review_required","manual_review_required","manual_review_required","manual_review_required","review_quality_availability_resolution_and_product_match"
"2418","8108728904","/catalog/product/reshetka-radiatora-volkswagen-tavendor-2418/","true","avito_external","confirmed_by_owner","company_avito_account","true","manual_review_required","manual_review_required","manual_review_required","manual_review_required","manual_review_required","review_quality_availability_resolution_and_product_match"
"2419","8076536151","/catalog/product/zadnii-bamper-levaya-chast-nissan-pathfinder-2419/","true","avito_external","confirmed_by_owner","company_avito_account","true","manual_review_required","manual_review_required","manual_review_required","manual_review_required","manual_review_required","review_quality_availability_resolution_and_product_match"
"2420","8108298241","/catalog/product/usilitel-perednego-bampera-exeed-exlantix-es-e3-2420/","true","avito_external","confirmed_by_owner","company_avito_account","true","manual_review_required","manual_review_required","manual_review_required","manual_review_required","manual_review_required","review_quality_availability_resolution_and_product_match"
"2421","8107981487","/catalog/product/perednyaya-levaya-dver-changan-cs75-plus-2421/","true","avito_external","confirmed_by_owner","company_avito_account","true","manual_review_required","manual_review_required","manual_review_required","manual_review_required","manual_review_required","review_quality_availability_resolution_and_product_match"
"2422","8108035937","/catalog/product/usilitel-perednego-bampera-volkswagen-tavendor-2422/","true","avito_external","confirmed_by_owner","company_avito_account","true","manual_review_required","manual_review_required","manual_review_required","manual_review_required","manual_review_required","review_quality_availability_resolution_and_product_match"
"2423","7916519163","/catalog/product/podkrylok-zadnii-levyi-livan-x3-pro-2423/","true","avito_external","confirmed_by_owner","company_avito_account","true","manual_review_required","manual_review_required","manual_review_required","manual_review_required","manual_review_required","review_quality_availability_resolution_and_product_match"
"2424","8076589648","/catalog/product/pravaya-perednyaya-dver-voyah-passion-2424/","true","avito_external","confirmed_by_owner","company_avito_account","true","manual_review_required","manual_review_required","manual_review_required","manual_review_required","manual_review_required","review_quality_availability_resolution_and_product_match"
"2425","7980334117","/catalog/product/nakladka-zadnei-pravoi-dveri-hongqi-hs5-2425/","true","avito_external","confirmed_by_owner","company_avito_account","true","manual_review_required","manual_review_required","manual_review_required","manual_review_required","manual_review_required","review_quality_availability_resolution_and_product_match"
"2426","7980351608","/catalog/product/usilitel-zadnego-bampera-hongqi-hs5-2426/","true","avito_external","confirmed_by_owner","company_avito_account","true","manual_review_required","manual_review_required","manual_review_required","manual_review_required","manual_review_required","review_quality_availability_resolution_and_product_match"
"2427","7980063043","/catalog/product/zadnyaya-pravaya-dver-changan-deepal-s7-2427/","true","avito_external","confirmed_by_owner","company_avito_account","true","manual_review_required","manual_review_required","manual_review_required","manual_review_required","manual_review_required","review_quality_availability_resolution_and_product_match"
"2428","7819964015","/catalog/product/nakladka-zadnego-pravogo-kryla-nissan-x-trail-t33-2428/","false","missing","confirmed_by_owner","company_avito_account","true","manual_review_required","manual_review_required","manual_review_required","manual_review_required","manual_review_required","review_quality_availability_resolution_and_product_match"
"2429","8012483431","/catalog/product/dver-perednyaya-levaya-byd-fangchengbao-titanium-7-2429/","true","avito_external","confirmed_by_owner","company_avito_account","true","manual_review_required","manual_review_required","manual_review_required","manual_review_required","manual_review_required","review_quality_availability_resolution_and_product_match"
"2430","8108367954","/catalog/product/zadnyaya-pravaya-dver-haval-xiaolong-hi4-2430/","true","avito_external","confirmed_by_owner","company_avito_account","true","manual_review_required","manual_review_required","manual_review_required","manual_review_required","manual_review_required","review_quality_availability_resolution_and_product_match"
"2431","7820043787","/catalog/product/levaya-zadnyaya-dver-byd-fangchengbao-leopard-5-2431/","true","avito_external","confirmed_by_owner","company_avito_account","true","manual_review_required","manual_review_required","manual_review_required","manual_review_required","manual_review_required","review_quality_availability_resolution_and_product_match"
"2432","7916328048","/catalog/product/kapot-livan-x3-pro-2432/","true","avito_external","confirmed_by_owner","company_avito_account","true","manual_review_required","manual_review_required","manual_review_required","manual_review_required","manual_review_required","review_quality_availability_resolution_and_product_match"
"2433","7947944564","/catalog/product/nizhnyaya-chast-zadnego-bampera-volkswagen-tayron-2433/","true","avito_external","confirmed_by_owner","company_avito_account","true","manual_review_required","manual_review_required","manual_review_required","manual_review_required","manual_review_required","review_quality_availability_resolution_and_product_match"
"2434","8108076793","/catalog/product/reshetka-radiatora-baw-bj-212-2434/","true","avito_external","confirmed_by_owner","company_avito_account","true","manual_review_required","manual_review_required","manual_review_required","manual_review_required","manual_review_required","review_quality_availability_resolution_and_product_match"
"2435","7948096483","/catalog/product/bamper-perednii-niz-baic-x35-2435/","true","avito_external","confirmed_by_owner","company_avito_account","true","manual_review_required","manual_review_required","manual_review_required","manual_review_required","manual_review_required","review_quality_availability_resolution_and_product_match"
"2436","7947958517","/catalog/product/nakladka-zadnei-levoi-dveri-volkswagen-tayron-2436/","true","avito_external","confirmed_by_owner","company_avito_account","true","manual_review_required","manual_review_required","manual_review_required","manual_review_required","manual_review_required","review_quality_availability_resolution_and_product_match"
"2437","7500550521","/catalog/product/kolesnaya-arka-mercedes-benz-g-class-2437/","false","missing","confirmed_by_owner","company_avito_account","true","manual_review_required","manual_review_required","manual_review_required","manual_review_required","manual_review_required","review_quality_availability_resolution_and_product_match"
"2438","8108159136","/catalog/product/nizhnyaya-chast-zadnego-bampera-toyota-rav4-v-2438/","true","avito_external","confirmed_by_owner","company_avito_account","true","manual_review_required","manual_review_required","manual_review_required","manual_review_required","manual_review_required","review_quality_availability_resolution_and_product_match"
"2439","8076223365","/catalog/product/zadnyaya-dver-kuzova-changan-hanter-plus-2439/","true","avito_external","confirmed_by_owner","company_avito_account","true","manual_review_required","manual_review_required","manual_review_required","manual_review_required","manual_review_required","review_quality_availability_resolution_and_product_match"
"2440","7948580733","/catalog/product/pravaya-perednyaya-dver-baic-x7-2440/","true","avito_external","confirmed_by_owner","company_avito_account","true","manual_review_required","manual_review_required","manual_review_required","manual_review_required","manual_review_required","review_quality_availability_resolution_and_product_match"
"2441","7660167321","/catalog/product/dver-perednyaya-pravaya-exeed-txl-2441/","true","avito_external","confirmed_by_owner","company_avito_account","true","manual_review_required","manual_review_required","manual_review_required","manual_review_required","manual_review_required","review_quality_availability_resolution_and_product_match"
"2442","7980404718","/catalog/product/nizhnyaya-reshetka-perednego-bampera-hongqi-hs5-2442/","true","avito_external","confirmed_by_owner","company_avito_account","true","manual_review_required","manual_review_required","manual_review_required","manual_review_required","manual_review_required","review_quality_availability_resolution_and_product_match"
"2443","8044135049","/catalog/product/nizhnyaya-nakladka-perednego-bampera-aito-m8-2443/","true","avito_external","confirmed_by_owner","company_avito_account","true","manual_review_required","manual_review_required","manual_review_required","manual_review_required","manual_review_required","review_quality_availability_resolution_and_product_match"
"2444","7980013415","/catalog/product/kryshka-bagazhnika-dfsk-ix5-2444/","true","avito_external","confirmed_by_owner","company_avito_account","true","manual_review_required","manual_review_required","manual_review_required","manual_review_required","manual_review_required","review_quality_availability_resolution_and_product_match"
"2445","7948546108","/catalog/product/perednii-bamper-geely-galaxy-l7-2445/","true","avito_external","confirmed_by_owner","company_avito_account","true","manual_review_required","manual_review_required","manual_review_required","manual_review_required","manual_review_required","review_quality_availability_resolution_and_product_match"
"2446","8044172319","/catalog/product/perednee-levoe-krylo-geely-galaxy-starship-7-2446/","true","avito_external","confirmed_by_owner","company_avito_account","true","manual_review_required","manual_review_required","manual_review_required","manual_review_required","manual_review_required","review_quality_availability_resolution_and_product_match"
"2447","7948566475","/catalog/product/kronshtein-reshetki-radiatora-toyota-highlander-xu70-2447/","true","avito_external","confirmed_by_owner","company_avito_account","true","manual_review_required","manual_review_required","manual_review_required","manual_review_required","manual_review_required","review_quality_availability_resolution_and_product_match"
"2448","8076831999","/catalog/product/podkrylok-zadnii-levyi-kia-k5-2448/","true","avito_external","confirmed_by_owner","company_avito_account","true","manual_review_required","manual_review_required","manual_review_required","manual_review_required","manual_review_required","review_quality_availability_resolution_and_product_match"
"2449","4461502426","/catalog/product/kapot-na-geely-monjaro-original-2449/","true","avito_external","confirmed_by_owner","company_avito_account","true","manual_review_required","manual_review_required","manual_review_required","manual_review_required","manual_review_required","review_quality_availability_resolution_and_product_match"
"2450","8108876064","/catalog/product/nakladka-na-levuyu-zadnyuyu-dver-voyah-passion-2450/","true","avito_external","confirmed_by_owner","company_avito_account","true","manual_review_required","manual_review_required","manual_review_required","manual_review_required","manual_review_required","review_quality_availability_resolution_and_product_match"
"2451","8044603633","/catalog/product/zadnyaya-levaya-dver-aito-m8-2451/","true","avito_external","confirmed_by_owner","company_avito_account","true","manual_review_required","manual_review_required","manual_review_required","manual_review_required","manual_review_required","review_quality_availability_resolution_and_product_match"
"2452","8108574664","/catalog/product/nizhnyaya-chast-perednego-bampera-toyota-rav4-v-2452/","true","avito_external","confirmed_by_owner","company_avito_account","true","manual_review_required","manual_review_required","manual_review_required","manual_review_required","manual_review_required","review_quality_availability_resolution_and_product_match"
"2453","8108534332","/catalog/product/nakladka-perednego-bampera-changan-cs75-plus-2453/","true","avito_external","confirmed_by_owner","company_avito_account","true","manual_review_required","manual_review_required","manual_review_required","manual_review_required","manual_review_required","review_quality_availability_resolution_and_product_match"
"2454","7980676231","/catalog/product/reshetka-radiatora-xiaomi-su7-2454/","true","avito_external","confirmed_by_owner","company_avito_account","true","manual_review_required","manual_review_required","manual_review_required","manual_review_required","manual_review_required","review_quality_availability_resolution_and_product_match"
"2455","8044078983","/catalog/product/zerkalo-levoe-aito-m8-2455/","true","avito_external","confirmed_by_owner","company_avito_account","true","manual_review_required","manual_review_required","manual_review_required","manual_review_required","manual_review_required","review_quality_availability_resolution_and_product_match"
"2456","8076553761","/catalog/product/levaya-zadnyaya-dver-voyah-passion-2456/","true","avito_external","confirmed_by_owner","company_avito_account","true","manual_review_required","manual_review_required","manual_review_required","manual_review_required","manual_review_required","review_quality_availability_resolution_and_product_match"
"2457","7948581912","/catalog/product/kryshka-reilinga-pravogo-perednyaya-livan-x6-pro-2457/","true","avito_external","confirmed_by_owner","company_avito_account","true","manual_review_required","manual_review_required","manual_review_required","manual_review_required","manual_review_required","review_quality_availability_resolution_and_product_match"
"2458","7948047013","/catalog/product/usilitel-perednego-bampera-volkswagen-tayron-2458/","true","avito_external","confirmed_by_owner","company_avito_account","true","manual_review_required","manual_review_required","manual_review_required","manual_review_required","manual_review_required","review_quality_availability_resolution_and_product_match"
"2459","8076322592","/catalog/product/reshetka-perednego-bampera-nizhnyaya-nissan-x-trail-t33-2459/","true","avito_external","confirmed_by_owner","company_avito_account","true","manual_review_required","manual_review_required","manual_review_required","manual_review_required","manual_review_required","review_quality_availability_resolution_and_product_match"
"2460","8075922586","/catalog/product/nakladka-perednego-bampera-nizhnyaya-changan-hanter-plus-2460/","true","avito_external","confirmed_by_owner","company_avito_account","true","manual_review_required","manual_review_required","manual_review_required","manual_review_required","manual_review_required","review_quality_availability_resolution_and_product_match"
"2461","7947966721","/catalog/product/nizhnyaya-chast-zadnego-bampera-baic-x7-2461/","true","avito_external","confirmed_by_owner","company_avito_account","true","manual_review_required","manual_review_required","manual_review_required","manual_review_required","manual_review_required","review_quality_availability_resolution_and_product_match"
"2462","7980066921","/catalog/product/zerkalo-levoe-zeekr-9x-2462/","true","avito_external","confirmed_by_owner","company_avito_account","true","manual_review_required","manual_review_required","manual_review_required","manual_review_required","manual_review_required","review_quality_availability_resolution_and_product_match"
"2463","8076376839","/catalog/product/ramka-radiatora-nizhnyaya-chast-toyota-corolla-2463/","true","avito_external","confirmed_by_owner","company_avito_account","true","manual_review_required","manual_review_required","manual_review_required","manual_review_required","manual_review_required","review_quality_availability_resolution_and_product_match"
"2464","7916793997","/catalog/product/krylo-perednee-pravoe-livan-x6-pro-2464/","true","avito_external","confirmed_by_owner","company_avito_account","true","manual_review_required","manual_review_required","manual_review_required","manual_review_required","manual_review_required","review_quality_availability_resolution_and_product_match"
"2465","7788398331","/catalog/product/ramka-radiatora-televizor-toyota-camry-xv-80-2465/","false","missing","confirmed_by_owner","company_avito_account","true","manual_review_required","manual_review_required","manual_review_required","manual_review_required","manual_review_required","review_quality_availability_resolution_and_product_match"
"2466","8108700172","/catalog/product/nakladka-na-levuyu-perednyuyu-dver-voyah-passion-2466/","false","missing","confirmed_by_owner","company_avito_account","true","manual_review_required","manual_review_required","manual_review_required","manual_review_required","manual_review_required","review_quality_availability_resolution_and_product_match"
"2467","8076278435","/catalog/product/yubka-zadnego-bampera-changan-cs95-2467/","true","avito_external","confirmed_by_owner","company_avito_account","true","manual_review_required","manual_review_required","manual_review_required","manual_review_required","manual_review_required","review_quality_availability_resolution_and_product_match"
"2468","8044613359","/catalog/product/kapot-voyah-taishan-2468/","true","avito_external","confirmed_by_owner","company_avito_account","true","manual_review_required","manual_review_required","manual_review_required","manual_review_required","manual_review_required","review_quality_availability_resolution_and_product_match"
"2469","8044567943","/catalog/product/dver-perednyaya-pravaya-tank-700-2469/","true","avito_external","confirmed_by_owner","company_avito_account","true","manual_review_required","manual_review_required","manual_review_required","manual_review_required","manual_review_required","review_quality_availability_resolution_and_product_match"
"2470","8076614804","/catalog/product/nakladka-zadnego-pravogo-kryla-nissan-x-trail-t33-2470/","true","avito_external","confirmed_by_owner","company_avito_account","true","manual_review_required","manual_review_required","manual_review_required","manual_review_required","manual_review_required","review_quality_availability_resolution_and_product_match"
"2471","8012892685","/catalog/product/krylo-perednee-levoe-byd-fangchengbao-titanium-7-2471/","true","avito_external","confirmed_by_owner","company_avito_account","true","manual_review_required","manual_review_required","manual_review_required","manual_review_required","manual_review_required","review_quality_availability_resolution_and_product_match"
"2472","7948496673","/catalog/product/kryshka-bagazhnika-toyota-highlander-xu70-2472/","true","avito_external","confirmed_by_owner","company_avito_account","true","manual_review_required","manual_review_required","manual_review_required","manual_review_required","manual_review_required","review_quality_availability_resolution_and_product_match"
"2473","8012706881","/catalog/product/zerkalo-pravoe-geely-galaxy-m9-2473/","true","avito_external","confirmed_by_owner","company_avito_account","true","manual_review_required","manual_review_required","manual_review_required","manual_review_required","manual_review_required","review_quality_availability_resolution_and_product_match"
"2474","8044444381","/catalog/product/kryshka-bagazhnika-geely-galaxy-starship-7-2474/","true","avito_external","confirmed_by_owner","company_avito_account","true","manual_review_required","manual_review_required","manual_review_required","manual_review_required","manual_review_required","review_quality_availability_resolution_and_product_match"
"2475","7372974209","/catalog/product/dver-perednyaya-levaya-great-wall-poer-kingkong-2475/","true","avito_external","confirmed_by_owner","company_avito_account","true","manual_review_required","manual_review_required","manual_review_required","manual_review_required","manual_review_required","review_quality_availability_resolution_and_product_match"
"2476","7948742513","/catalog/product/podkrylok-perednii-levyi-volkswagen-tayron-2476/","true","avito_external","confirmed_by_owner","company_avito_account","true","manual_review_required","manual_review_required","manual_review_required","manual_review_required","manual_review_required","review_quality_availability_resolution_and_product_match"
"2477","8076268019","/catalog/product/nakladka-perednego-pravogo-kryla-nissan-x-trail-t33-2477/","true","avito_external","confirmed_by_owner","company_avito_account","true","manual_review_required","manual_review_required","manual_review_required","manual_review_required","manual_review_required","review_quality_availability_resolution_and_product_match"
"2478","8011940616","/catalog/product/dver-zadnyaya-levaya-geely-preface-2478/","true","avito_external","confirmed_by_owner","company_avito_account","true","manual_review_required","manual_review_required","manual_review_required","manual_review_required","manual_review_required","review_quality_availability_resolution_and_product_match"
"2479","7916359792","/catalog/product/zerkalo-pravoe-livan-x3-pro-2479/","true","avito_external","confirmed_by_owner","company_avito_account","true","manual_review_required","manual_review_required","manual_review_required","manual_review_required","manual_review_required","review_quality_availability_resolution_and_product_match"
"2480","8076195957","/catalog/product/podkrylok-zadnii-levyi-tank-500-2480/","true","avito_external","confirmed_by_owner","company_avito_account","true","manual_review_required","manual_review_required","manual_review_required","manual_review_required","manual_review_required","review_quality_availability_resolution_and_product_match"
"2481","8044406026","/catalog/product/podkrylok-perednii-pravyi-geely-galaxy-starship-7-2481/","true","avito_external","confirmed_by_owner","company_avito_account","true","manual_review_required","manual_review_required","manual_review_required","manual_review_required","manual_review_required","review_quality_availability_resolution_and_product_match"
"2482","7948333037","/catalog/product/kapot-kia-k3-2482/","true","avito_external","confirmed_by_owner","company_avito_account","true","manual_review_required","manual_review_required","manual_review_required","manual_review_required","manual_review_required","review_quality_availability_resolution_and_product_match"
"2483","8076161071","/catalog/product/dver-zadnyaya-pravaya-changan-hanter-plus-2483/","true","avito_external","confirmed_by_owner","company_avito_account","true","manual_review_required","manual_review_required","manual_review_required","manual_review_required","manual_review_required","review_quality_availability_resolution_and_product_match"
"2484","8044514129","/catalog/product/pravoe-perednee-krylo-aito-m8-2484/","true","avito_external","confirmed_by_owner","company_avito_account","true","manual_review_required","manual_review_required","manual_review_required","manual_review_required","manual_review_required","review_quality_availability_resolution_and_product_match"
"2485","8044661490","/catalog/product/zerkalo-levoe-volkswagen-talagon-2485/","true","avito_external","confirmed_by_owner","company_avito_account","true","manual_review_required","manual_review_required","manual_review_required","manual_review_required","manual_review_required","review_quality_availability_resolution_and_product_match"
"2486","7948294120","/catalog/product/perednyaya-pravaya-dver-baic-x35-2486/","true","avito_external","confirmed_by_owner","company_avito_account","true","manual_review_required","manual_review_required","manual_review_required","manual_review_required","manual_review_required","review_quality_availability_resolution_and_product_match"
"2487","7948370934","/catalog/product/perednee-pravoe-krylo-toyota-highlander-xu70-2487/","true","avito_external","confirmed_by_owner","company_avito_account","true","manual_review_required","manual_review_required","manual_review_required","manual_review_required","manual_review_required","review_quality_availability_resolution_and_product_match"
"2488","7948900419","/catalog/product/levaya-perednyaya-dver-baic-x7-2488/","true","avito_external","confirmed_by_owner","company_avito_account","true","manual_review_required","manual_review_required","manual_review_required","manual_review_required","manual_review_required","review_quality_availability_resolution_and_product_match"
"2489","8076565788","/catalog/product/krylo-perednee-levoe-changan-hanter-plus-2489/","true","avito_external","confirmed_by_owner","company_avito_account","true","manual_review_required","manual_review_required","manual_review_required","manual_review_required","manual_review_required","review_quality_availability_resolution_and_product_match"
"2490","8044523707","/catalog/product/perednyaya-levaya-dver-geely-galaxy-starship-7-2490/","true","avito_external","confirmed_by_owner","company_avito_account","true","manual_review_required","manual_review_required","manual_review_required","manual_review_required","manual_review_required","review_quality_availability_resolution_and_product_match"
"2491","7372297801","/catalog/product/dver-zadnyaya-pravaya-li-7-original-2491/","false","missing","confirmed_by_owner","company_avito_account","true","manual_review_required","manual_review_required","manual_review_required","manual_review_required","manual_review_required","review_quality_availability_resolution_and_product_match"
"2492","7916027821","/catalog/product/uplotnitel-perednego-levogo-kryla-merc-g-class-2492/","true","avito_external","confirmed_by_owner","company_avito_account","true","manual_review_required","manual_review_required","manual_review_required","manual_review_required","manual_review_required","review_quality_availability_resolution_and_product_match"
"2493","8076639273","/catalog/product/nizhnyaya-chast-zadnego-bampera-toyota-corolla-2493/","true","avito_external","confirmed_by_owner","company_avito_account","true","manual_review_required","manual_review_required","manual_review_required","manual_review_required","manual_review_required","review_quality_availability_resolution_and_product_match"
"2494","7980200735","/catalog/product/reshetka-perednego-bampera-wey-07-2494/","true","avito_external","confirmed_by_owner","company_avito_account","true","manual_review_required","manual_review_required","manual_review_required","manual_review_required","manual_review_required","review_quality_availability_resolution_and_product_match"
"2495","7948741114","/catalog/product/zerkalo-pravoe-baic-u5-plus-2495/","true","avito_external","confirmed_by_owner","company_avito_account","true","manual_review_required","manual_review_required","manual_review_required","manual_review_required","manual_review_required","review_quality_availability_resolution_and_product_match"
"2496","4493121676","/catalog/product/dver-zadnyaya-pravaya-geely-monjaro-original-2496/","true","avito_external","confirmed_by_owner","company_avito_account","true","manual_review_required","manual_review_required","manual_review_required","manual_review_required","manual_review_required","review_quality_availability_resolution_and_product_match"
"2497","7948690804","/catalog/product/nizhnyaya-nakladka-perednego-bampera-baic-bj40-2497/","true","avito_external","confirmed_by_owner","company_avito_account","true","manual_review_required","manual_review_required","manual_review_required","manual_review_required","manual_review_required","review_quality_availability_resolution_and_product_match"
"2498","8108799805","/catalog/product/usilitel-perednego-bampera-byd-seal-06-gt-2498/","false","missing","confirmed_by_owner","company_avito_account","true","manual_review_required","manual_review_required","manual_review_required","manual_review_required","manual_review_required","review_quality_availability_resolution_and_product_match"
"2499","8108715171","/catalog/product/usilitel-zadnego-bampera-kia-sportage-china-v-2499/","true","avito_external","confirmed_by_owner","company_avito_account","true","manual_review_required","manual_review_required","manual_review_required","manual_review_required","manual_review_required","review_quality_availability_resolution_and_product_match"
"2500","7916247637","/catalog/product/perednyaya-pravaya-dver-livan-x3-pro-2500/","true","avito_external","confirmed_by_owner","company_avito_account","true","manual_review_required","manual_review_required","manual_review_required","manual_review_required","manual_review_required","review_quality_availability_resolution_and_product_match"
"2501","7916205732","/catalog/product/podkrylok-perednii-levyi-livan-x3-pro-2501/","true","avito_external","confirmed_by_owner","company_avito_account","true","manual_review_required","manual_review_required","manual_review_required","manual_review_required","manual_review_required","review_quality_availability_resolution_and_product_match"
"2502","8012595228","/catalog/product/dver-perednyaya-levaya-geely-galaxy-m9-2502/","true","avito_external","confirmed_by_owner","company_avito_account","true","manual_review_required","manual_review_required","manual_review_required","manual_review_required","manual_review_required","review_quality_availability_resolution_and_product_match"
"2503","4300601017","/catalog/product/bamper-zadnii-lixiang-l7-restailing-24g-original-2503/","true","avito_external","confirmed_by_owner","company_avito_account","true","manual_review_required","manual_review_required","manual_review_required","manual_review_required","manual_review_required","review_quality_availability_resolution_and_product_match"
"2504","8076003799","/catalog/product/bamper-perednii-niz-changan-hanter-plus-2504/","true","avito_external","confirmed_by_owner","company_avito_account","true","manual_review_required","manual_review_required","manual_review_required","manual_review_required","manual_review_required","review_quality_availability_resolution_and_product_match"
"2505","7980216326","/catalog/product/dver-zadnyaya-pravaya-zeekr-9x-2505/","true","avito_external","confirmed_by_owner","company_avito_account","true","manual_review_required","manual_review_required","manual_review_required","manual_review_required","manual_review_required","review_quality_availability_resolution_and_product_match"
"2506","7948224377","/catalog/product/dver-perednyaya-pravaya-kia-k3-2506/","true","avito_external","confirmed_by_owner","company_avito_account","true","manual_review_required","manual_review_required","manual_review_required","manual_review_required","manual_review_required","review_quality_availability_resolution_and_product_match"
"2507","8012082390","/catalog/product/kronshtein-zadnego-bampera-levyi-livan-x6-pro-2507/","true","avito_external","confirmed_by_owner","company_avito_account","true","manual_review_required","manual_review_required","manual_review_required","manual_review_required","manual_review_required","review_quality_availability_resolution_and_product_match"
"2508","7244229451","/catalog/product/kronshtein-zadnii-pravyi-pod-fonarem-voyah-free-2508/","false","missing","confirmed_by_owner","company_avito_account","true","manual_review_required","manual_review_required","manual_review_required","manual_review_required","manual_review_required","review_quality_availability_resolution_and_product_match"
"2509","7628595689","/catalog/product/zaschita-dvigatelya-lexus-rx-2509/","false","missing","confirmed_by_owner","company_avito_account","true","manual_review_required","manual_review_required","manual_review_required","manual_review_required","manual_review_required","review_quality_availability_resolution_and_product_match"
"2510","8076816777","/catalog/product/kryshka-bagazhnika-kia-seltos-2510/","true","avito_external","confirmed_by_owner","company_avito_account","true","manual_review_required","manual_review_required","manual_review_required","manual_review_required","manual_review_required","review_quality_availability_resolution_and_product_match"
"2511","8108337354","/catalog/product/zadnii-bamper-kia-sportage-china-v-2511/","true","avito_external","confirmed_by_owner","company_avito_account","true","manual_review_required","manual_review_required","manual_review_required","manual_review_required","manual_review_required","review_quality_availability_resolution_and_product_match"
"2512","7948732173","/catalog/product/kryshka-bagazhnika-geely-galaxy-l7-2512/","true","avito_external","confirmed_by_owner","company_avito_account","true","manual_review_required","manual_review_required","manual_review_required","manual_review_required","manual_review_required","review_quality_availability_resolution_and_product_match"
"2513","7948551598","/catalog/product/ramka-radiatora-volkswagen-tayron-2513/","true","avito_external","confirmed_by_owner","company_avito_account","true","manual_review_required","manual_review_required","manual_review_required","manual_review_required","manual_review_required","review_quality_availability_resolution_and_product_match"
"2514","7500132331","/catalog/product/pravaya-verhnyaya-zaschita-motornogo-otseka-hongqi-hs5-2514/","true","avito_external","confirmed_by_owner","company_avito_account","true","manual_review_required","manual_review_required","manual_review_required","manual_review_required","manual_review_required","review_quality_availability_resolution_and_product_match"
"2515","7948087856","/catalog/product/nizhnyaya-chast-perednego-bampera-volkswagen-tayron-2515/","true","avito_external","confirmed_by_owner","company_avito_account","true","manual_review_required","manual_review_required","manual_review_required","manual_review_required","manual_review_required","review_quality_availability_resolution_and_product_match"
"2516","7245025484","/catalog/product/yubka-zadnego-bampera-voyah-free-2516/","false","missing","confirmed_by_owner","company_avito_account","true","manual_review_required","manual_review_required","manual_review_required","manual_review_required","manual_review_required","review_quality_availability_resolution_and_product_match"
"2517","7788239298","/catalog/product/nakladka-poroga-pravaya-nizhnyaya-toyota-camry-xv-80-2517/","true","avito_external","confirmed_by_owner","company_avito_account","true","manual_review_required","manual_review_required","manual_review_required","manual_review_required","manual_review_required","review_quality_availability_resolution_and_product_match"
"2518","8108059165","/catalog/product/podkrylok-zadnii-levyi-baw-bj-212-2518/","false","missing","confirmed_by_owner","company_avito_account","true","manual_review_required","manual_review_required","manual_review_required","manual_review_required","manual_review_required","review_quality_availability_resolution_and_product_match"
"2519","8075921553","/catalog/product/naruzhnoe-zerkalo-pravoe-changan-hanter-plus-2519/","true","avito_external","confirmed_by_owner","company_avito_account","true","manual_review_required","manual_review_required","manual_review_required","manual_review_required","manual_review_required","review_quality_availability_resolution_and_product_match"
"2520","8044354939","/catalog/product/zadnii-bamper-geely-galaxy-starship-7-2520/","true","avito_external","confirmed_by_owner","company_avito_account","true","manual_review_required","manual_review_required","manual_review_required","manual_review_required","manual_review_required","review_quality_availability_resolution_and_product_match"
"2521","8108227774","/catalog/product/perednii-levyi-podkrylok-toyota-rav4-v-2521/","true","avito_external","confirmed_by_owner","company_avito_account","true","manual_review_required","manual_review_required","manual_review_required","manual_review_required","manual_review_required","review_quality_availability_resolution_and_product_match"
"2522","7948018360","/catalog/product/ramka-radiatora-baic-x7-2522/","true","avito_external","confirmed_by_owner","company_avito_account","true","manual_review_required","manual_review_required","manual_review_required","manual_review_required","manual_review_required","review_quality_availability_resolution_and_product_match"
"2523","7980451032","/catalog/product/usilitel-perednego-bampera-wey-80-2523/","false","missing","confirmed_by_owner","company_avito_account","true","manual_review_required","manual_review_required","manual_review_required","manual_review_required","manual_review_required","review_quality_availability_resolution_and_product_match"
"2524","8076170735","/catalog/product/usilitel-zadnego-bampera-toyota-corolla-2524/","true","avito_external","confirmed_by_owner","company_avito_account","true","manual_review_required","manual_review_required","manual_review_required","manual_review_required","manual_review_required","review_quality_availability_resolution_and_product_match"
"2525","7980613050","/catalog/product/krylo-perednee-pravoe-xiaomi-su7-2525/","true","avito_external","confirmed_by_owner","company_avito_account","true","manual_review_required","manual_review_required","manual_review_required","manual_review_required","manual_review_required","review_quality_availability_resolution_and_product_match"
"2526","7244884067","/catalog/product/reiling-kryshi-levyi-changan-hanter-plus-2526/","false","missing","confirmed_by_owner","company_avito_account","true","manual_review_required","manual_review_required","manual_review_required","manual_review_required","manual_review_required","review_quality_availability_resolution_and_product_match"
"2527","7980591936","/catalog/product/nakladka-perednego-bampera-pravaya-wey-80-2527/","false","missing","confirmed_by_owner","company_avito_account","true","manual_review_required","manual_review_required","manual_review_required","manual_review_required","manual_review_required","review_quality_availability_resolution_and_product_match"
"2528","7948036620","/catalog/product/nizhnyaya-nakladka-perednego-bampera-baic-x55-2528/","true","avito_external","confirmed_by_owner","company_avito_account","true","manual_review_required","manual_review_required","manual_review_required","manual_review_required","manual_review_required","review_quality_availability_resolution_and_product_match"
"2529","8076262012","/catalog/product/podkrylok-zadnii-pravyi-nissan-x-trail-t33-2529/","true","avito_external","confirmed_by_owner","company_avito_account","true","manual_review_required","manual_review_required","manual_review_required","manual_review_required","manual_review_required","review_quality_availability_resolution_and_product_match"
"2530","7948684463","/catalog/product/zadnyaya-dver-levaya-toyota-highlander-xu70-2530/","true","avito_external","confirmed_by_owner","company_avito_account","true","manual_review_required","manual_review_required","manual_review_required","manual_review_required","manual_review_required","review_quality_availability_resolution_and_product_match"
"2531","8108707953","/catalog/product/dver-perednyaya-pravaya-baw-bj-212-2531/","true","avito_external","confirmed_by_owner","company_avito_account","true","manual_review_required","manual_review_required","manual_review_required","manual_review_required","manual_review_required","review_quality_availability_resolution_and_product_match"
"2532","4141166493","/catalog/product/reshetka-perednego-bampera-srednyaya-geely-monjaro-o-2532/","true","avito_external","confirmed_by_owner","company_avito_account","true","manual_review_required","manual_review_required","manual_review_required","manual_review_required","manual_review_required","review_quality_availability_resolution_and_product_match"
"2533","7947940576","/catalog/product/nakladka-pravogo-zadnego-kryla-volkswagen-tayron-2533/","true","avito_external","confirmed_by_owner","company_avito_account","true","manual_review_required","manual_review_required","manual_review_required","manual_review_required","manual_review_required","review_quality_availability_resolution_and_product_match"
"2534","7948281139","/catalog/product/kryshka-reilinga-perednyaya-levaya-livan-x6-pro-2534/","true","avito_external","confirmed_by_owner","company_avito_account","true","manual_review_required","manual_review_required","manual_review_required","manual_review_required","manual_review_required","review_quality_availability_resolution_and_product_match"
"2535","8076851324","/catalog/product/nakladka-na-levuyu-zadnyuyu-dver-voyah-dream-2535/","true","avito_external","confirmed_by_owner","company_avito_account","true","manual_review_required","manual_review_required","manual_review_required","manual_review_required","manual_review_required","review_quality_availability_resolution_and_product_match"
"2536","7980647164","/catalog/product/nizhnyaya-nakladka-zadnego-bampera-xiaomi-su7-2536/","true","avito_external","confirmed_by_owner","company_avito_account","true","manual_review_required","manual_review_required","manual_review_required","manual_review_required","manual_review_required","review_quality_availability_resolution_and_product_match"
"2537","8107903228","/catalog/product/reshetka-radiatora-voyah-passion-2537/","true","avito_external","confirmed_by_owner","company_avito_account","true","manual_review_required","manual_review_required","manual_review_required","manual_review_required","manual_review_required","review_quality_availability_resolution_and_product_match"
"2538","4141400364","/catalog/product/molding-perednego-bampera-pravyi-geely-monjaro-or-2538/","true","avito_external","confirmed_by_owner","company_avito_account","true","manual_review_required","manual_review_required","manual_review_required","manual_review_required","manual_review_required","review_quality_availability_resolution_and_product_match"
"2539","7916818368","/catalog/product/ramka-radiatora-levaya-livan-x3-pro-2539/","true","avito_external","confirmed_by_owner","company_avito_account","true","manual_review_required","manual_review_required","manual_review_required","manual_review_required","manual_review_required","review_quality_availability_resolution_and_product_match"
"2540","7244502590","/catalog/product/usilitel-zadnego-bampera-voyah-free-2540/","false","missing","confirmed_by_owner","company_avito_account","true","manual_review_required","manual_review_required","manual_review_required","manual_review_required","manual_review_required","review_quality_availability_resolution_and_product_match"
"2541","7948399009","/catalog/product/perednii-bamper-baic-u5-plus-2541/","true","avito_external","confirmed_by_owner","company_avito_account","true","manual_review_required","manual_review_required","manual_review_required","manual_review_required","manual_review_required","review_quality_availability_resolution_and_product_match"
"2542","8075987426","/catalog/product/perednyaya-levaya-dver-kia-k5-2542/","true","avito_external","confirmed_by_owner","company_avito_account","true","manual_review_required","manual_review_required","manual_review_required","manual_review_required","manual_review_required","review_quality_availability_resolution_and_product_match"
"2543","8075966904","/catalog/product/reshetka-perednego-bampera-kia-k5-2543/","true","avito_external","confirmed_by_owner","company_avito_account","true","manual_review_required","manual_review_required","manual_review_required","manual_review_required","manual_review_required","review_quality_availability_resolution_and_product_match"
"2544","7980544304","/catalog/product/perednii-bamper-hongqi-hs5-2544/","true","avito_external","confirmed_by_owner","company_avito_account","true","manual_review_required","manual_review_required","manual_review_required","manual_review_required","manual_review_required","review_quality_availability_resolution_and_product_match"
"2545","8108787584","/catalog/product/kapot-haval-xiaolong-hi4-2545/","true","avito_external","confirmed_by_owner","company_avito_account","true","manual_review_required","manual_review_required","manual_review_required","manual_review_required","manual_review_required","review_quality_availability_resolution_and_product_match"
"2546","8076734008","/catalog/product/absorber-perednego-bampera-kia-k5-2546/","true","avito_external","confirmed_by_owner","company_avito_account","true","manual_review_required","manual_review_required","manual_review_required","manual_review_required","manual_review_required","review_quality_availability_resolution_and_product_match"
"2547","7372230756","/catalog/product/dver-perednyaya-pravaya-li-7-original-2547/","false","missing","confirmed_by_owner","company_avito_account","true","manual_review_required","manual_review_required","manual_review_required","manual_review_required","manual_review_required","review_quality_availability_resolution_and_product_match"
"2548","8076781078","/catalog/product/reshetka-perednego-bampera-toyota-corolla-2548/","true","avito_external","confirmed_by_owner","company_avito_account","true","manual_review_required","manual_review_required","manual_review_required","manual_review_required","manual_review_required","review_quality_availability_resolution_and_product_match"
"2549","7980478268","/catalog/product/zerkalo-pravoe-wey-80-2549/","true","avito_external","confirmed_by_owner","company_avito_account","true","manual_review_required","manual_review_required","manual_review_required","manual_review_required","manual_review_required","review_quality_availability_resolution_and_product_match"
"2550","7884869977","/catalog/product/perednyaya-pravaya-dver-livan-x6-pro-2550/","true","avito_external","confirmed_by_owner","company_avito_account","true","manual_review_required","manual_review_required","manual_review_required","manual_review_required","manual_review_required","review_quality_availability_resolution_and_product_match"
"2551","7980602103","/catalog/product/ramka-radiatora-xiaomi-su7-2551/","false","missing","confirmed_by_owner","company_avito_account","true","manual_review_required","manual_review_required","manual_review_required","manual_review_required","manual_review_required","review_quality_availability_resolution_and_product_match"
"2552","4301353398","/catalog/product/bamper-zadnii-lixiang-l7-restailing-2024g-orig-2552/","true","avito_external","confirmed_by_owner","company_avito_account","true","manual_review_required","manual_review_required","manual_review_required","manual_review_required","manual_review_required","review_quality_availability_resolution_and_product_match"
"2553","7980043301","/catalog/product/levyi-perednii-podkrylok-hongqi-hs5-2553/","true","avito_external","confirmed_by_owner","company_avito_account","true","manual_review_required","manual_review_required","manual_review_required","manual_review_required","manual_review_required","review_quality_availability_resolution_and_product_match"
"2554","7244531508","/catalog/product/vneshnyaya-panel-s-pravoi-storony-voyah-free-2554/","false","missing","confirmed_by_owner","company_avito_account","true","manual_review_required","manual_review_required","manual_review_required","manual_review_required","manual_review_required","review_quality_availability_resolution_and_product_match"
"2555","4141532694","/catalog/product/bamper-zadnii-geely-monjaro-original-2555/","true","avito_external","confirmed_by_owner","company_avito_account","true","manual_review_required","manual_review_required","manual_review_required","manual_review_required","manual_review_required","review_quality_availability_resolution_and_product_match"
"2556","7788584605","/catalog/product/nakladka-kapota-uteplitel-toyota-camry-xv-80-2556/","false","missing","confirmed_by_owner","company_avito_account","true","manual_review_required","manual_review_required","manual_review_required","manual_review_required","manual_review_required","review_quality_availability_resolution_and_product_match"
"2557","7980460973","/catalog/product/usilitel-perednego-bampera-xiaomi-su7-2557/","false","missing","confirmed_by_owner","company_avito_account","true","manual_review_required","manual_review_required","manual_review_required","manual_review_required","manual_review_required","review_quality_availability_resolution_and_product_match"
"2558","7916309028","/catalog/product/nakladka-zadnego-bampera-pravaya-livan-x3-pro-2558/","true","avito_external","confirmed_by_owner","company_avito_account","true","manual_review_required","manual_review_required","manual_review_required","manual_review_required","manual_review_required","review_quality_availability_resolution_and_product_match"
"2559","8076353509","/catalog/product/pravaya-nakladka-poroga-voyah-dream-2559/","true","avito_external","confirmed_by_owner","company_avito_account","true","manual_review_required","manual_review_required","manual_review_required","manual_review_required","manual_review_required","review_quality_availability_resolution_and_product_match"
"2560","7244594731","/catalog/product/dver-zadnyaya-pravaya-voyah-free-2560/","false","missing","confirmed_by_owner","company_avito_account","true","manual_review_required","manual_review_required","manual_review_required","manual_review_required","manual_review_required","review_quality_availability_resolution_and_product_match"
"2561","8012241101","/catalog/product/kryshka-bagazhnika-geely-preface-2561/","true","avito_external","confirmed_by_owner","company_avito_account","true","manual_review_required","manual_review_required","manual_review_required","manual_review_required","manual_review_required","review_quality_availability_resolution_and_product_match"
"2562","8076568687","/catalog/product/dver-zadnyaya-pravaya-byd-seal-06-gt-2562/","true","avito_external","confirmed_by_owner","company_avito_account","true","manual_review_required","manual_review_required","manual_review_required","manual_review_required","manual_review_required","review_quality_availability_resolution_and_product_match"
"2563","7948831754","/catalog/product/dver-zadnyaya-levaya-kia-k3-2563/","true","avito_external","confirmed_by_owner","company_avito_account","true","manual_review_required","manual_review_required","manual_review_required","manual_review_required","manual_review_required","review_quality_availability_resolution_and_product_match"
"2564","8107962026","/catalog/product/reshetka-perednego-bampera-exeed-exlantix-es-e3-2564/","true","avito_external","confirmed_by_owner","company_avito_account","true","manual_review_required","manual_review_required","manual_review_required","manual_review_required","manual_review_required","review_quality_availability_resolution_and_product_match"
"2565","7980863974","/catalog/product/nakladka-perednei-pravoi-dveri-wey-80-2565/","true","avito_external","confirmed_by_owner","company_avito_account","true","manual_review_required","manual_review_required","manual_review_required","manual_review_required","manual_review_required","review_quality_availability_resolution_and_product_match"
"2566","7980719621","/catalog/product/kapot-byd-tang-l-2566/","true","avito_external","confirmed_by_owner","company_avito_account","true","manual_review_required","manual_review_required","manual_review_required","manual_review_required","manual_review_required","review_quality_availability_resolution_and_product_match"
"2567","8108615966","/catalog/product/perednyaya-pravaya-dver-kia-sportage-china-v-2567/","true","avito_external","confirmed_by_owner","company_avito_account","true","manual_review_required","manual_review_required","manual_review_required","manual_review_required","manual_review_required","review_quality_availability_resolution_and_product_match"
"2568","8108792410","/catalog/product/kapot-kia-sportage-china-v-2568/","true","avito_external","confirmed_by_owner","company_avito_account","true","manual_review_required","manual_review_required","manual_review_required","manual_review_required","manual_review_required","review_quality_availability_resolution_and_product_match"
"2569","8076860849","/catalog/product/bamper-perednii-nissan-x-trail-t33-2569/","true","avito_external","confirmed_by_owner","company_avito_account","true","manual_review_required","manual_review_required","manual_review_required","manual_review_required","manual_review_required","review_quality_availability_resolution_and_product_match"
"2570","8076829456","/catalog/product/nakladka-na-pravuyu-zadnyuyu-dver-voyah-dream-2570/","true","avito_external","confirmed_by_owner","company_avito_account","true","manual_review_required","manual_review_required","manual_review_required","manual_review_required","manual_review_required","review_quality_availability_resolution_and_product_match"
"2571","7948424590","/catalog/product/reshetka-radiatora-toyota-highlander-xu70-2571/","true","avito_external","confirmed_by_owner","company_avito_account","true","manual_review_required","manual_review_required","manual_review_required","manual_review_required","manual_review_required","review_quality_availability_resolution_and_product_match"
"2572","8076281706","/catalog/product/zadnyaya-levaya-dver-nissan-x-trail-t33-2572/","true","avito_external","confirmed_by_owner","company_avito_account","true","manual_review_required","manual_review_required","manual_review_required","manual_review_required","manual_review_required","review_quality_availability_resolution_and_product_match"
"2573","4493294388","/catalog/product/usilitel-perednego-bampera-haval-jolion-2573/","false","missing","confirmed_by_owner","company_avito_account","true","manual_review_required","manual_review_required","manual_review_required","manual_review_required","manual_review_required","review_quality_availability_resolution_and_product_match"
"2574","8108467226","/catalog/product/reshetka-perednego-bampera-volkswagen-tavendor-2574/","true","avito_external","confirmed_by_owner","company_avito_account","true","manual_review_required","manual_review_required","manual_review_required","manual_review_required","manual_review_required","review_quality_availability_resolution_and_product_match"
"2575","8108878792","/catalog/product/pravaya-chast-perednego-bampera-exeed-exlantix-es-e3-2575/","true","avito_external","confirmed_by_owner","company_avito_account","true","manual_review_required","manual_review_required","manual_review_required","manual_review_required","manual_review_required","review_quality_availability_resolution_and_product_match"
"2576","8044242954","/catalog/product/dver-perednyaya-levaya-byd-yangwang-u8l-2576/","true","avito_external","confirmed_by_owner","company_avito_account","true","manual_review_required","manual_review_required","manual_review_required","manual_review_required","manual_review_required","review_quality_availability_resolution_and_product_match"
"2577","8012843450","/catalog/product/kapot-geely-preface-2577/","true","avito_external","confirmed_by_owner","company_avito_account","true","manual_review_required","manual_review_required","manual_review_required","manual_review_required","manual_review_required","review_quality_availability_resolution_and_product_match"
"2578","8108766522","/catalog/product/perednii-bamper-toyota-rav4-v-2578/","true","avito_external","confirmed_by_owner","company_avito_account","true","manual_review_required","manual_review_required","manual_review_required","manual_review_required","manual_review_required","review_quality_availability_resolution_and_product_match"
"2579","7500172244","/catalog/product/krylo-perednee-mercedes-benz-g-class-2579/","false","missing","confirmed_by_owner","company_avito_account","true","manual_review_required","manual_review_required","manual_review_required","manual_review_required","manual_review_required","review_quality_availability_resolution_and_product_match"
"2580","4044749373","/catalog/product/bamper-perednii-v-sbore-nouskat-geely-monjaro-2580/","true","avito_external","confirmed_by_owner","company_avito_account","true","manual_review_required","manual_review_required","manual_review_required","manual_review_required","manual_review_required","review_quality_availability_resolution_and_product_match"
"2581","7980341521","/catalog/product/panel-zadnego-bampera-wey-80-2581/","false","missing","confirmed_by_owner","company_avito_account","true","manual_review_required","manual_review_required","manual_review_required","manual_review_required","manual_review_required","review_quality_availability_resolution_and_product_match"
"2582","7980149218","/catalog/product/zadnii-bamper-wey-07-2582/","true","avito_external","confirmed_by_owner","company_avito_account","true","manual_review_required","manual_review_required","manual_review_required","manual_review_required","manual_review_required","review_quality_availability_resolution_and_product_match"
"2583","8076760098","/catalog/product/zadnyaya-dver-levaya-toyota-corolla-2583/","true","avito_external","confirmed_by_owner","company_avito_account","true","manual_review_required","manual_review_required","manual_review_required","manual_review_required","manual_review_required","review_quality_availability_resolution_and_product_match"
"2584","7948476112","/catalog/product/diffuzor-zadnego-bampera-nizhnii-volkswagen-tayron-2584/","false","missing","confirmed_by_owner","company_avito_account","true","manual_review_required","manual_review_required","manual_review_required","manual_review_required","manual_review_required","review_quality_availability_resolution_and_product_match"
"2585","7500592749","/catalog/product/petlya-kapota-pravaya-hongqi-hs5-2585/","true","avito_external","confirmed_by_owner","company_avito_account","true","manual_review_required","manual_review_required","manual_review_required","manual_review_required","manual_review_required","review_quality_availability_resolution_and_product_match"
"2586","8107897247","/catalog/product/reshetka-radiatora-toyota-rav4-v-2586/","true","avito_external","confirmed_by_owner","company_avito_account","true","manual_review_required","manual_review_required","manual_review_required","manual_review_required","manual_review_required","review_quality_availability_resolution_and_product_match"
"2587","7948221107","/catalog/product/nakladka-perednego-bampera-geely-galaxy-l7-2587/","true","avito_external","confirmed_by_owner","company_avito_account","true","manual_review_required","manual_review_required","manual_review_required","manual_review_required","manual_review_required","review_quality_availability_resolution_and_product_match"
"2588","7948243399","/catalog/product/reshetka-radiatora-volkswagen-tayron-2588/","true","avito_external","confirmed_by_owner","company_avito_account","true","manual_review_required","manual_review_required","manual_review_required","manual_review_required","manual_review_required","review_quality_availability_resolution_and_product_match"
"2589","7948662545","/catalog/product/nizhnyaya-reshetka-perednego-bampera-baic-x55-2589/","true","avito_external","confirmed_by_owner","company_avito_account","true","manual_review_required","manual_review_required","manual_review_required","manual_review_required","manual_review_required","review_quality_availability_resolution_and_product_match"
"2590","7916239228","/catalog/product/dver-perednyaya-levaya-vw-tayron-novaya-original-2590/","true","avito_external","confirmed_by_owner","company_avito_account","true","manual_review_required","manual_review_required","manual_review_required","manual_review_required","manual_review_required","review_quality_availability_resolution_and_product_match"
"2591","8076839321","/catalog/product/usilitel-perednego-bampera-byd-seal-06-gt-2591/","true","avito_external","confirmed_by_owner","company_avito_account","true","manual_review_required","manual_review_required","manual_review_required","manual_review_required","manual_review_required","review_quality_availability_resolution_and_product_match"
"2592","8108365624","/catalog/product/zerkalo-pravoe-baw-bj-212-2592/","false","missing","confirmed_by_owner","company_avito_account","true","manual_review_required","manual_review_required","manual_review_required","manual_review_required","manual_review_required","review_quality_availability_resolution_and_product_match"
"2593","7564454719","/catalog/product/krylo-perednee-pravoe-polar-stone-01-2593/","false","missing","confirmed_by_owner","company_avito_account","true","manual_review_required","manual_review_required","manual_review_required","manual_review_required","manual_review_required","review_quality_availability_resolution_and_product_match"
"2594","7948626721","/catalog/product/nakladka-perednei-pravoi-dveri-baic-x7-2594/","true","avito_external","confirmed_by_owner","company_avito_account","true","manual_review_required","manual_review_required","manual_review_required","manual_review_required","manual_review_required","review_quality_availability_resolution_and_product_match"
"2595","4140723415","/catalog/product/zaglushka-buksirovochnoi-petli-perednyaya-geely-monjar-2595/","true","avito_external","confirmed_by_owner","company_avito_account","true","manual_review_required","manual_review_required","manual_review_required","manual_review_required","manual_review_required","review_quality_availability_resolution_and_product_match"
"2596","7404539240","/catalog/product/originalnyi-zadnii-bamper-lixiang-l7-2596/","true","avito_external","confirmed_by_owner","company_avito_account","true","manual_review_required","manual_review_required","manual_review_required","manual_review_required","manual_review_required","review_quality_availability_resolution_and_product_match"
"2597","8011906005","/catalog/product/krylo-perednee-pravoe-geely-preface-2597/","true","avito_external","confirmed_by_owner","company_avito_account","true","manual_review_required","manual_review_required","manual_review_required","manual_review_required","manual_review_required","review_quality_availability_resolution_and_product_match"
"2598","7980187616","/catalog/product/krylo-perednee-levoe-zeekr-9x-2598/","true","avito_external","confirmed_by_owner","company_avito_account","true","manual_review_required","manual_review_required","manual_review_required","manual_review_required","manual_review_required","review_quality_availability_resolution_and_product_match"
"2599","8108709692","/catalog/product/podkrylok-zadnii-pravyi-volkswagen-tavendor-2599/","true","avito_external","confirmed_by_owner","company_avito_account","true","manual_review_required","manual_review_required","manual_review_required","manual_review_required","manual_review_required","review_quality_availability_resolution_and_product_match"
"2600","8076009661","/catalog/product/perednee-pravoe-krylo-kia-k5-2600/","true","avito_external","confirmed_by_owner","company_avito_account","true","manual_review_required","manual_review_required","manual_review_required","manual_review_required","manual_review_required","review_quality_availability_resolution_and_product_match"
"2601","7980406646","/catalog/product/nakladka-pravogo-zadnego-kryla-hongqi-hs5-2601/","true","avito_external","confirmed_by_owner","company_avito_account","true","manual_review_required","manual_review_required","manual_review_required","manual_review_required","manual_review_required","review_quality_availability_resolution_and_product_match"
"2602","8076213372","/catalog/product/zadnii-bamper-byd-seal-06-gt-2602/","true","avito_external","confirmed_by_owner","company_avito_account","true","manual_review_required","manual_review_required","manual_review_required","manual_review_required","manual_review_required","review_quality_availability_resolution_and_product_match"
"2603","7820380966","/catalog/product/kapot-byd-fangchengbao-leopard-5-2603/","true","avito_external","confirmed_by_owner","company_avito_account","true","manual_review_required","manual_review_required","manual_review_required","manual_review_required","manual_review_required","review_quality_availability_resolution_and_product_match"
"2604","8076675836","/catalog/product/dver-zadnyaya-pravaya-tank-500-2604/","true","avito_external","confirmed_by_owner","company_avito_account","true","manual_review_required","manual_review_required","manual_review_required","manual_review_required","manual_review_required","review_quality_availability_resolution_and_product_match"
"2605","7948534867","/catalog/product/levyi-perednii-podkrylok-baic-u5-plus-2605/","true","avito_external","confirmed_by_owner","company_avito_account","true","manual_review_required","manual_review_required","manual_review_required","manual_review_required","manual_review_required","review_quality_availability_resolution_and_product_match"
"2606","7948226920","/catalog/product/pravyi-perednii-podkrylok-baic-u5-plus-2606/","true","avito_external","confirmed_by_owner","company_avito_account","true","manual_review_required","manual_review_required","manual_review_required","manual_review_required","manual_review_required","review_quality_availability_resolution_and_product_match"
"2607","7244549752","/catalog/product/absorber-perednego-bampera-geely-atlas-2607/","false","missing","confirmed_by_owner","company_avito_account","true","manual_review_required","manual_review_required","manual_review_required","manual_review_required","manual_review_required","review_quality_availability_resolution_and_product_match"
"2608","7948559065","/catalog/product/podkrylok-perednii-pravyi-toyota-highlander-xu70-2608/","true","avito_external","confirmed_by_owner","company_avito_account","true","manual_review_required","manual_review_required","manual_review_required","manual_review_required","manual_review_required","review_quality_availability_resolution_and_product_match"
"2609","7980239569","/catalog/product/nakladka-levogo-zadnego-kryla-hongqi-hs5-2609/","true","avito_external","confirmed_by_owner","company_avito_account","true","manual_review_required","manual_review_required","manual_review_required","manual_review_required","manual_review_required","review_quality_availability_resolution_and_product_match"
"2610","8076742599","/catalog/product/kapot-changan-cs95-2610/","true","avito_external","confirmed_by_owner","company_avito_account","true","manual_review_required","manual_review_required","manual_review_required","manual_review_required","manual_review_required","review_quality_availability_resolution_and_product_match"
"2611","8012221321","/catalog/product/zerkalo-levoe-byd-fangchengbao-titanium-7-2611/","true","avito_external","confirmed_by_owner","company_avito_account","true","manual_review_required","manual_review_required","manual_review_required","manual_review_required","manual_review_required","review_quality_availability_resolution_and_product_match"
"2612","7980598777","/catalog/product/krylo-perednee-levoe-wey-07-2612/","true","avito_external","confirmed_by_owner","company_avito_account","true","manual_review_required","manual_review_required","manual_review_required","manual_review_required","manual_review_required","review_quality_availability_resolution_and_product_match"
"2613","8076586427","/catalog/product/dver-perednyaya-levaya-tank-500-2613/","true","avito_external","confirmed_by_owner","company_avito_account","true","manual_review_required","manual_review_required","manual_review_required","manual_review_required","manual_review_required","review_quality_availability_resolution_and_product_match"
"2614","8012340897","/catalog/product/kronshtein-perednego-bampera-pravyi-livan-x6-pro-2614/","true","avito_external","confirmed_by_owner","company_avito_account","true","manual_review_required","manual_review_required","manual_review_required","manual_review_required","manual_review_required","review_quality_availability_resolution_and_product_match"
"2615","7948641926","/catalog/product/bamper-perednii-verh-baic-x35-2615/","true","avito_external","confirmed_by_owner","company_avito_account","true","manual_review_required","manual_review_required","manual_review_required","manual_review_required","manual_review_required","review_quality_availability_resolution_and_product_match"
"2616","7372990810","/catalog/product/dver-zadnyaya-pravaya-li-9-original-2616/","false","missing","confirmed_by_owner","company_avito_account","true","manual_review_required","manual_review_required","manual_review_required","manual_review_required","manual_review_required","review_quality_availability_resolution_and_product_match"
"2617","7916047992","/catalog/product/nakladka-perednego-bampera-levaya-livan-x6-pro-2617/","true","avito_external","confirmed_by_owner","company_avito_account","true","manual_review_required","manual_review_required","manual_review_required","manual_review_required","manual_review_required","review_quality_availability_resolution_and_product_match"
"2618","8044010170","/catalog/product/dver-perednyaya-pravaya-voyah-taishan-2618/","true","avito_external","confirmed_by_owner","company_avito_account","true","manual_review_required","manual_review_required","manual_review_required","manual_review_required","manual_review_required","review_quality_availability_resolution_and_product_match"
"2619","8044526896","/catalog/product/nizhnyaya-chast-perednego-bampera-aito-m8-2619/","true","avito_external","confirmed_by_owner","company_avito_account","true","manual_review_required","manual_review_required","manual_review_required","manual_review_required","manual_review_required","review_quality_availability_resolution_and_product_match"
"2620","8076166169","/catalog/product/pravoe-zerkalo-voyah-passion-2620/","true","avito_external","confirmed_by_owner","company_avito_account","true","manual_review_required","manual_review_required","manual_review_required","manual_review_required","manual_review_required","review_quality_availability_resolution_and_product_match"
"2621","7596117089","/catalog/product/zadnyaya-levaya-dver-haval-jolion-restailing-2621/","true","avito_external","confirmed_by_owner","company_avito_account","true","manual_review_required","manual_review_required","manual_review_required","manual_review_required","manual_review_required","review_quality_availability_resolution_and_product_match"
"2622","7948182352","/catalog/product/nizhnyaya-nakladka-zadnego-bampera-baic-x7-2622/","true","avito_external","confirmed_by_owner","company_avito_account","true","manual_review_required","manual_review_required","manual_review_required","manual_review_required","manual_review_required","review_quality_availability_resolution_and_product_match"
"2623","7244239426","/catalog/product/bamper-perednii-nizhnyaya-chast-geely-atlas-2623/","false","missing","confirmed_by_owner","company_avito_account","true","manual_review_required","manual_review_required","manual_review_required","manual_review_required","manual_review_required","review_quality_availability_resolution_and_product_match"
"2624","8044496975","/catalog/product/podkrylok-perednii-levyi-geely-galaxy-starship-7-2624/","true","avito_external","confirmed_by_owner","company_avito_account","true","manual_review_required","manual_review_required","manual_review_required","manual_review_required","manual_review_required","review_quality_availability_resolution_and_product_match"
"2625","7468455602","/catalog/product/dver-zadnyaya-levaya-geely-coolrey-original-2625/","true","avito_external","confirmed_by_owner","company_avito_account","true","manual_review_required","manual_review_required","manual_review_required","manual_review_required","manual_review_required","review_quality_availability_resolution_and_product_match"
"2626","4429139970","/catalog/product/spoiler-kryshki-bagazhnika-lixiang-l7-2626/","true","avito_external","confirmed_by_owner","company_avito_account","true","manual_review_required","manual_review_required","manual_review_required","manual_review_required","manual_review_required","review_quality_availability_resolution_and_product_match"
"2627","8075924178","/catalog/product/kronshtein-podsvetki-nomera-nissan-pathfinder-2627/","false","missing","confirmed_by_owner","company_avito_account","true","manual_review_required","manual_review_required","manual_review_required","manual_review_required","manual_review_required","review_quality_availability_resolution_and_product_match"
"2628","8044188772","/catalog/product/zadnii-bamper-byd-yangwang-u8l-2628/","true","avito_external","confirmed_by_owner","company_avito_account","true","manual_review_required","manual_review_required","manual_review_required","manual_review_required","manual_review_required","review_quality_availability_resolution_and_product_match"
"2629","7948472047","/catalog/product/molding-kryshi-levyi-baic-u5-plus-2629/","false","missing","confirmed_by_owner","company_avito_account","true","manual_review_required","manual_review_required","manual_review_required","manual_review_required","manual_review_required","review_quality_availability_resolution_and_product_match"
"2630","8043986079","/catalog/product/zerkalo-pravoe-geely-galaxy-starship-7-2630/","true","avito_external","confirmed_by_owner","company_avito_account","true","manual_review_required","manual_review_required","manual_review_required","manual_review_required","manual_review_required","review_quality_availability_resolution_and_product_match"
"2631","8044378979","/catalog/product/zadnii-bamper-voyah-taishan-2631/","true","avito_external","confirmed_by_owner","company_avito_account","true","manual_review_required","manual_review_required","manual_review_required","manual_review_required","manual_review_required","review_quality_availability_resolution_and_product_match"
"2632","4141514362","/catalog/product/kronshtein-perednego-bampera-levyi-geely-monjaro-o-2632/","true","avito_external","confirmed_by_owner","company_avito_account","true","manual_review_required","manual_review_required","manual_review_required","manual_review_required","manual_review_required","review_quality_availability_resolution_and_product_match"
"2633","7948136497","/catalog/product/reshetka-radiatora-v-sbore-baic-bj40-2633/","true","avito_external","confirmed_by_owner","company_avito_account","true","manual_review_required","manual_review_required","manual_review_required","manual_review_required","manual_review_required","review_quality_availability_resolution_and_product_match"
"2634","7244431349","/catalog/product/kapot-geely-atlas-2634/","false","missing","confirmed_by_owner","company_avito_account","true","manual_review_required","manual_review_required","manual_review_required","manual_review_required","manual_review_required","review_quality_availability_resolution_and_product_match"
"2635","7628080525","/catalog/product/zaschita-perednego-bampera-lexus-rx-2635/","true","avito_external","confirmed_by_owner","company_avito_account","true","manual_review_required","manual_review_required","manual_review_required","manual_review_required","manual_review_required","review_quality_availability_resolution_and_product_match"
"2636","7948575383","/catalog/product/zerkalo-levoe-baic-u5-plus-2636/","true","avito_external","confirmed_by_owner","company_avito_account","true","manual_review_required","manual_review_required","manual_review_required","manual_review_required","manual_review_required","review_quality_availability_resolution_and_product_match"
"2637","7948733886","/catalog/product/pravaya-nakladka-per-bampera-geely-galaxy-l7-2637/","true","avito_external","confirmed_by_owner","company_avito_account","true","manual_review_required","manual_review_required","manual_review_required","manual_review_required","manual_review_required","review_quality_availability_resolution_and_product_match"
"2638","8108616818","/catalog/product/dver-zadnyaya-pravaya-baw-bj-212-2638/","true","avito_external","confirmed_by_owner","company_avito_account","true","manual_review_required","manual_review_required","manual_review_required","manual_review_required","manual_review_required","review_quality_availability_resolution_and_product_match"
"2639","8076749472","/catalog/product/perednii-bamper-byd-seal-06-gt-2639/","true","avito_external","confirmed_by_owner","company_avito_account","true","manual_review_required","manual_review_required","manual_review_required","manual_review_required","manual_review_required","review_quality_availability_resolution_and_product_match"
"2640","8076485418","/catalog/product/nakladka-perednego-bampera-levaya-toyota-corolla-2640/","true","avito_external","confirmed_by_owner","company_avito_account","true","manual_review_required","manual_review_required","manual_review_required","manual_review_required","manual_review_required","review_quality_availability_resolution_and_product_match"
"2641","8076123715","/catalog/product/ramka-radiatora-voyah-dream-2641/","true","avito_external","confirmed_by_owner","company_avito_account","true","manual_review_required","manual_review_required","manual_review_required","manual_review_required","manual_review_required","review_quality_availability_resolution_and_product_match"
"2642","7436643660","/catalog/product/nakladka-zadnei-pravoi-dveri-lixiang-li7-2642/","false","missing","confirmed_by_owner","company_avito_account","true","manual_review_required","manual_review_required","manual_review_required","manual_review_required","manual_review_required","review_quality_availability_resolution_and_product_match"
"2643","8076478926","/catalog/product/kapot-nissan-x-trail-t33-2643/","true","avito_external","confirmed_by_owner","company_avito_account","true","manual_review_required","manual_review_required","manual_review_required","manual_review_required","manual_review_required","review_quality_availability_resolution_and_product_match"
"2644","8108611947","/catalog/product/bamper-zadnii-baw-bj-212-2644/","true","avito_external","confirmed_by_owner","company_avito_account","true","manual_review_required","manual_review_required","manual_review_required","manual_review_required","manual_review_required","review_quality_availability_resolution_and_product_match"
"2645","8075940968","/catalog/product/kapot-kia-seltos-2645/","true","avito_external","confirmed_by_owner","company_avito_account","true","manual_review_required","manual_review_required","manual_review_required","manual_review_required","manual_review_required","review_quality_availability_resolution_and_product_match"
"2646","7980468868","/catalog/product/zadnyaya-levaya-dver-changan-deepal-s7-2646/","true","avito_external","confirmed_by_owner","company_avito_account","true","manual_review_required","manual_review_required","manual_review_required","manual_review_required","manual_review_required","review_quality_availability_resolution_and_product_match"
"2647","7948734228","/catalog/product/perednii-bamper-toyota-highlander-xu70-2647/","true","avito_external","confirmed_by_owner","company_avito_account","true","manual_review_required","manual_review_required","manual_review_required","manual_review_required","manual_review_required","review_quality_availability_resolution_and_product_match"
"2648","8012550524","/catalog/product/dver-zadnyaya-levaya-geely-galaxy-m9-2648/","true","avito_external","confirmed_by_owner","company_avito_account","true","manual_review_required","manual_review_required","manual_review_required","manual_review_required","manual_review_required","review_quality_availability_resolution_and_product_match"
"2649","4332616622","/catalog/product/ruchka-dveri-zadnei-pravoi-voyah-free-original-2649/","true","avito_external","confirmed_by_owner","company_avito_account","true","manual_review_required","manual_review_required","manual_review_required","manual_review_required","manual_review_required","review_quality_availability_resolution_and_product_match"
"2650","7500532823","/catalog/product/kronshtein-perednego-bampera-nizhnii-mercedes-benz-g-2650/","false","missing","confirmed_by_owner","company_avito_account","true","manual_review_required","manual_review_required","manual_review_required","manual_review_required","manual_review_required","review_quality_availability_resolution_and_product_match"
"2651","7948506189","/catalog/product/zerkalo-pravoe-kia-k3-2651/","true","avito_external","confirmed_by_owner","company_avito_account","true","manual_review_required","manual_review_required","manual_review_required","manual_review_required","manual_review_required","review_quality_availability_resolution_and_product_match"
"2652","8108774634","/catalog/product/zadnyaya-levaya-dver-toyota-rav4-v-2652/","true","avito_external","confirmed_by_owner","company_avito_account","true","manual_review_required","manual_review_required","manual_review_required","manual_review_required","manual_review_required","review_quality_availability_resolution_and_product_match"
"2653","7980241313","/catalog/product/dver-perednyaya-pravaya-wey-80-2653/","true","avito_external","confirmed_by_owner","company_avito_account","true","manual_review_required","manual_review_required","manual_review_required","manual_review_required","manual_review_required","review_quality_availability_resolution_and_product_match"
"2654","7948083398","/catalog/product/zadnii-bamper-geely-galaxy-l7-2654/","true","avito_external","confirmed_by_owner","company_avito_account","true","manual_review_required","manual_review_required","manual_review_required","manual_review_required","manual_review_required","review_quality_availability_resolution_and_product_match"
"2655","8076392135","/catalog/product/pravoe-zerkalo-voyah-dream-2655/","true","avito_external","confirmed_by_owner","company_avito_account","true","manual_review_required","manual_review_required","manual_review_required","manual_review_required","manual_review_required","review_quality_availability_resolution_and_product_match"
"2656","8076110094","/catalog/product/podkrylok-zadnii-pravyi-kia-k5-2656/","true","avito_external","confirmed_by_owner","company_avito_account","true","manual_review_required","manual_review_required","manual_review_required","manual_review_required","manual_review_required","review_quality_availability_resolution_and_product_match"
"2657","8108510418","/catalog/product/usilitel-perednego-bampera-haval-xiaolong-hi4-2657/","true","avito_external","confirmed_by_owner","company_avito_account","true","manual_review_required","manual_review_required","manual_review_required","manual_review_required","manual_review_required","review_quality_availability_resolution_and_product_match"
"2658","8044045238","/catalog/product/zadnyaya-levaya-dver-geely-galaxy-starship-7-2658/","true","avito_external","confirmed_by_owner","company_avito_account","true","manual_review_required","manual_review_required","manual_review_required","manual_review_required","manual_review_required","review_quality_availability_resolution_and_product_match"
"2659","7980188335","/catalog/product/dver-zadnyaya-pravaya-byd-tang-l-2659/","true","avito_external","confirmed_by_owner","company_avito_account","true","manual_review_required","manual_review_required","manual_review_required","manual_review_required","manual_review_required","review_quality_availability_resolution_and_product_match"
"2660","7916375574","/catalog/product/nakladka-perednego-bampera-pravaya-livan-x3-pro-2660/","true","avito_external","confirmed_by_owner","company_avito_account","true","manual_review_required","manual_review_required","manual_review_required","manual_review_required","manual_review_required","review_quality_availability_resolution_and_product_match"
"2661","8044695525","/catalog/product/usilitel-zadnego-bampera-geely-galaxy-starship-7-2661/","true","avito_external","confirmed_by_owner","company_avito_account","true","manual_review_required","manual_review_required","manual_review_required","manual_review_required","manual_review_required","review_quality_availability_resolution_and_product_match"
"2662","8075945049","/catalog/product/yubka-zadnego-bampera-tank-700-2662/","true","avito_external","confirmed_by_owner","company_avito_account","true","manual_review_required","manual_review_required","manual_review_required","manual_review_required","manual_review_required","review_quality_availability_resolution_and_product_match"
"2663","8076246271","/catalog/product/usilitel-perednego-bampera-voyah-dream-2663/","true","avito_external","confirmed_by_owner","company_avito_account","true","manual_review_required","manual_review_required","manual_review_required","manual_review_required","manual_review_required","review_quality_availability_resolution_and_product_match"
"2664","7948814572","/catalog/product/levoe-zerkalo-baic-bj40-2664/","true","avito_external","confirmed_by_owner","company_avito_account","true","manual_review_required","manual_review_required","manual_review_required","manual_review_required","manual_review_required","review_quality_availability_resolution_and_product_match"
"2665","4364971187","/catalog/product/kryshka-bagazhnika-changan-uni-k-original-2665/","true","avito_external","confirmed_by_owner","company_avito_account","true","manual_review_required","manual_review_required","manual_review_required","manual_review_required","manual_review_required","review_quality_availability_resolution_and_product_match"
"2666","8044489770","/catalog/product/kryshka-bagazhnika-volkswagen-talagon-2666/","true","avito_external","confirmed_by_owner","company_avito_account","true","manual_review_required","manual_review_required","manual_review_required","manual_review_required","manual_review_required","review_quality_availability_resolution_and_product_match"
"2667","8044488448","/catalog/product/perednyaya-pravaya-dver-aito-m8-2667/","true","avito_external","confirmed_by_owner","company_avito_account","true","manual_review_required","manual_review_required","manual_review_required","manual_review_required","manual_review_required","review_quality_availability_resolution_and_product_match"
"2668","7948189902","/catalog/product/usilitel-perednego-bampera-baic-x7-2668/","true","avito_external","confirmed_by_owner","company_avito_account","true","manual_review_required","manual_review_required","manual_review_required","manual_review_required","manual_review_required","review_quality_availability_resolution_and_product_match"
"2669","7980155521","/catalog/product/zadnii-bamper-toyota-camry-xv80-2669/","true","avito_external","confirmed_by_owner","company_avito_account","true","manual_review_required","manual_review_required","manual_review_required","manual_review_required","manual_review_required","review_quality_availability_resolution_and_product_match"
"2670","8044762539","/catalog/product/perednii-bamper-aito-m8-2670/","true","avito_external","confirmed_by_owner","company_avito_account","true","manual_review_required","manual_review_required","manual_review_required","manual_review_required","manual_review_required","review_quality_availability_resolution_and_product_match"
"2671","8076421504","/catalog/product/levoe-perednee-krylo-voyah-dream-2671/","true","avito_external","confirmed_by_owner","company_avito_account","true","manual_review_required","manual_review_required","manual_review_required","manual_review_required","manual_review_required","review_quality_availability_resolution_and_product_match"
"2672","8108805932","/catalog/product/nakladka-zadnei-dveri-na-krylo-pravaya-baw-bj-212-2672/","true","avito_external","confirmed_by_owner","company_avito_account","true","manual_review_required","manual_review_required","manual_review_required","manual_review_required","manual_review_required","review_quality_availability_resolution_and_product_match"
"2673","7564582520","/catalog/product/petlya-kapota-levaya-polar-stone-01-2673/","true","avito_external","confirmed_by_owner","company_avito_account","true","manual_review_required","manual_review_required","manual_review_required","manual_review_required","manual_review_required","review_quality_availability_resolution_and_product_match"
"2674","7500058797","/catalog/product/bamper-perednii-mercedes-benz-g-class-2674/","false","missing","confirmed_by_owner","company_avito_account","true","manual_review_required","manual_review_required","manual_review_required","manual_review_required","manual_review_required","review_quality_availability_resolution_and_product_match"
"2675","8076767626","/catalog/product/zadnee-pravoe-krylo-kia-seltos-2675/","true","avito_external","confirmed_by_owner","company_avito_account","true","manual_review_required","manual_review_required","manual_review_required","manual_review_required","manual_review_required","review_quality_availability_resolution_and_product_match"
"2676","8076324399","/catalog/product/nizhnyaya-reshetka-perednego-bampera-voyah-dream-2676/","true","avito_external","confirmed_by_owner","company_avito_account","true","manual_review_required","manual_review_required","manual_review_required","manual_review_required","manual_review_required","review_quality_availability_resolution_and_product_match"
"2677","7980257382","/catalog/product/kryshka-bagazhnika-zeekr-9x-2677/","true","avito_external","confirmed_by_owner","company_avito_account","true","manual_review_required","manual_review_required","manual_review_required","manual_review_required","manual_review_required","review_quality_availability_resolution_and_product_match"
"2678","7372759812","/catalog/product/ramka-radiatorov-hongqi-hs5-2678/","false","missing","confirmed_by_owner","company_avito_account","true","manual_review_required","manual_review_required","manual_review_required","manual_review_required","manual_review_required","review_quality_availability_resolution_and_product_match"
"2679","7244216335","/catalog/product/kryshka-bagazhnika-voyah-free-2679/","false","missing","confirmed_by_owner","company_avito_account","true","manual_review_required","manual_review_required","manual_review_required","manual_review_required","manual_review_required","review_quality_availability_resolution_and_product_match"
"2680","8076278015","/catalog/product/kryshka-bagazhnika-nissan-x-trail-t33-2680/","true","avito_external","confirmed_by_owner","company_avito_account","true","manual_review_required","manual_review_required","manual_review_required","manual_review_required","manual_review_required","review_quality_availability_resolution_and_product_match"
"2681","8076854102","/catalog/product/podkrylok-perednii-pravyi-tank-500-2681/","true","avito_external","confirmed_by_owner","company_avito_account","true","manual_review_required","manual_review_required","manual_review_required","manual_review_required","manual_review_required","review_quality_availability_resolution_and_product_match"
"2682","7980910922","/catalog/product/krylo-perednee-levoe-byd-tang-l-2682/","true","avito_external","confirmed_by_owner","company_avito_account","true","manual_review_required","manual_review_required","manual_review_required","manual_review_required","manual_review_required","review_quality_availability_resolution_and_product_match"
"2683","8044640577","/catalog/product/dver-zadnyaya-levaya-volkswagen-talagon-2683/","true","avito_external","confirmed_by_owner","company_avito_account","true","manual_review_required","manual_review_required","manual_review_required","manual_review_required","manual_review_required","review_quality_availability_resolution_and_product_match"
"2684","8044232748","/catalog/product/dver-zadnyaya-levaya-byd-yangwang-u8l-2684/","true","avito_external","confirmed_by_owner","company_avito_account","true","manual_review_required","manual_review_required","manual_review_required","manual_review_required","manual_review_required","review_quality_availability_resolution_and_product_match"
"2685","7916403295","/catalog/product/nakladka-zamka-kapota-livan-x3-pro-2685/","true","avito_external","confirmed_by_owner","company_avito_account","true","manual_review_required","manual_review_required","manual_review_required","manual_review_required","manual_review_required","review_quality_availability_resolution_and_product_match"
"2686","8108697523","/catalog/product/levaya-zadnyaya-dver-haval-xiaolong-hi4-2686/","true","avito_external","confirmed_by_owner","company_avito_account","true","manual_review_required","manual_review_required","manual_review_required","manual_review_required","manual_review_required","review_quality_availability_resolution_and_product_match"
"2687","7916664476","/catalog/product/nakladka-perednei-levoi-dveri-nizhnyaya-livan-x3-pro-2687/","true","avito_external","confirmed_by_owner","company_avito_account","true","manual_review_required","manual_review_required","manual_review_required","manual_review_required","manual_review_required","review_quality_availability_resolution_and_product_match"
"2688","7948570058","/catalog/product/kapot-baic-x35-2688/","true","avito_external","confirmed_by_owner","company_avito_account","true","manual_review_required","manual_review_required","manual_review_required","manual_review_required","manual_review_required","review_quality_availability_resolution_and_product_match"
"2689","7820012832","/catalog/product/perednii-lyuk-panoramnoi-kryshi-baojun-rs-5-2689/","false","missing","confirmed_by_owner","company_avito_account","true","manual_review_required","manual_review_required","manual_review_required","manual_review_required","manual_review_required","review_quality_availability_resolution_and_product_match"
"2690","8012551736","/catalog/product/dver-perednyaya-levaya-geely-preface-2690/","true","avito_external","confirmed_by_owner","company_avito_account","true","manual_review_required","manual_review_required","manual_review_required","manual_review_required","manual_review_required","review_quality_availability_resolution_and_product_match"
"2691","7916853775","/catalog/product/zerkalo-levoe-livan-x3-pro-2691/","true","avito_external","confirmed_by_owner","company_avito_account","true","manual_review_required","manual_review_required","manual_review_required","manual_review_required","manual_review_required","review_quality_availability_resolution_and_product_match"
"2692","8012343350","/catalog/product/ramka-radiatora-geely-galaxy-m9-2692/","false","missing","confirmed_by_owner","company_avito_account","true","manual_review_required","manual_review_required","manual_review_required","manual_review_required","manual_review_required","review_quality_availability_resolution_and_product_match"
"2693","7244355273","/catalog/product/privod-dveri-bagazhnika-voyah-free-2693/","false","missing","confirmed_by_owner","company_avito_account","true","manual_review_required","manual_review_required","manual_review_required","manual_review_required","manual_review_required","review_quality_availability_resolution_and_product_match"
"2694","8108031201","/catalog/product/usilitel-zadnego-bampera-haval-xiaolong-hi4-2694/","true","avito_external","confirmed_by_owner","company_avito_account","true","manual_review_required","manual_review_required","manual_review_required","manual_review_required","manual_review_required","review_quality_availability_resolution_and_product_match"
"2695","7948890628","/catalog/product/pravaya-zadnyaya-dver-baic-u5-plus-2695/","true","avito_external","confirmed_by_owner","company_avito_account","true","manual_review_required","manual_review_required","manual_review_required","manual_review_required","manual_review_required","review_quality_availability_resolution_and_product_match"
"2696","7244837107","/catalog/product/reshetka-radiatora-geely-atlas-2696/","false","missing","confirmed_by_owner","company_avito_account","true","manual_review_required","manual_review_required","manual_review_required","manual_review_required","manual_review_required","review_quality_availability_resolution_and_product_match"
"2697","8108674642","/catalog/product/vertikalnaya-nakladka-levoi-perednei-dveri-exeed-exlantix-es-e3-2697/","false","missing","confirmed_by_owner","company_avito_account","true","manual_review_required","manual_review_required","manual_review_required","manual_review_required","manual_review_required","review_quality_availability_resolution_and_product_match"
"2698","7979923502","/catalog/product/perednyaya-levaya-dver-changan-deepal-s7-2698/","true","avito_external","confirmed_by_owner","company_avito_account","true","manual_review_required","manual_review_required","manual_review_required","manual_review_required","manual_review_required","review_quality_availability_resolution_and_product_match"
"2699","4141448384","/catalog/product/bamper-zadnii-zeekr-001-v-sbore-original-2699/","true","avito_external","confirmed_by_owner","company_avito_account","true","manual_review_required","manual_review_required","manual_review_required","manual_review_required","manual_review_required","review_quality_availability_resolution_and_product_match"
"2700","7500054255","/catalog/product/uplotnenie-kryla-mercedes-benz-g-class-2700/","false","missing","confirmed_by_owner","company_avito_account","true","manual_review_required","manual_review_required","manual_review_required","manual_review_required","manual_review_required","review_quality_availability_resolution_and_product_match"
"2701","8076146707","/catalog/product/podkrylok-zadnii-pravyi-tank-500-2701/","true","avito_external","confirmed_by_owner","company_avito_account","true","manual_review_required","manual_review_required","manual_review_required","manual_review_required","manual_review_required","review_quality_availability_resolution_and_product_match"
"2702","8108248382","/catalog/product/zerkalo-pravoe-volkswagen-tavendor-2702/","true","avito_external","confirmed_by_owner","company_avito_account","true","manual_review_required","manual_review_required","manual_review_required","manual_review_required","manual_review_required","review_quality_availability_resolution_and_product_match"
"2703","8076770515","/catalog/product/ramka-radiatora-kia-seltos-2703/","true","avito_external","confirmed_by_owner","company_avito_account","true","manual_review_required","manual_review_required","manual_review_required","manual_review_required","manual_review_required","review_quality_availability_resolution_and_product_match"
"2704","7948152662","/catalog/product/kapot-toyota-highlander-xu70-2704/","true","avito_external","confirmed_by_owner","company_avito_account","true","manual_review_required","manual_review_required","manual_review_required","manual_review_required","manual_review_required","review_quality_availability_resolution_and_product_match"
"2705","7980355261","/catalog/product/nakladka-levoi-perednei-dveri-hongqi-hs5-2705/","true","avito_external","confirmed_by_owner","company_avito_account","true","manual_review_required","manual_review_required","manual_review_required","manual_review_required","manual_review_required","review_quality_availability_resolution_and_product_match"
"2706","8076014258","/catalog/product/perednii-bamper-voyah-dream-2706/","true","avito_external","confirmed_by_owner","company_avito_account","true","manual_review_required","manual_review_required","manual_review_required","manual_review_required","manual_review_required","review_quality_availability_resolution_and_product_match"
"2707","7948300009","/catalog/product/perednii-bamper-baic-x7-2707/","true","avito_external","confirmed_by_owner","company_avito_account","true","manual_review_required","manual_review_required","manual_review_required","manual_review_required","manual_review_required","review_quality_availability_resolution_and_product_match"
"2708","8076816116","/catalog/product/pravaya-zadnyaya-dver-voyah-dream-2708/","true","avito_external","confirmed_by_owner","company_avito_account","true","manual_review_required","manual_review_required","manual_review_required","manual_review_required","manual_review_required","review_quality_availability_resolution_and_product_match"
"2709","7788743898","/catalog/product/nakladka-poroga-pravaya-nizhnyaya-hrom-molding-toyota-2709/","false","missing","confirmed_by_owner","company_avito_account","true","manual_review_required","manual_review_required","manual_review_required","manual_review_required","manual_review_required","review_quality_availability_resolution_and_product_match"
"2710","7948191927","/catalog/product/perednee-krylo-levoe-baic-u5-plus-2710/","true","avito_external","confirmed_by_owner","company_avito_account","true","manual_review_required","manual_review_required","manual_review_required","manual_review_required","manual_review_required","review_quality_availability_resolution_and_product_match"
"2711","8076809121","/catalog/product/dver-zadnyaya-levaya-kia-seltos-2711/","true","avito_external","confirmed_by_owner","company_avito_account","true","manual_review_required","manual_review_required","manual_review_required","manual_review_required","manual_review_required","review_quality_availability_resolution_and_product_match"
"2712","8076380864","/catalog/product/usilitel-perednego-bampera-kia-seltos-2712/","true","avito_external","confirmed_by_owner","company_avito_account","true","manual_review_required","manual_review_required","manual_review_required","manual_review_required","manual_review_required","review_quality_availability_resolution_and_product_match"
"2713","7500056963","/catalog/product/uteplitel-kapota-hongqi-hs5-2713/","true","avito_external","confirmed_by_owner","company_avito_account","true","manual_review_required","manual_review_required","manual_review_required","manual_review_required","manual_review_required","review_quality_availability_resolution_and_product_match"
"2714","8108832567","/catalog/product/kapot-baw-bj-212-2714/","true","avito_external","confirmed_by_owner","company_avito_account","true","manual_review_required","manual_review_required","manual_review_required","manual_review_required","manual_review_required","review_quality_availability_resolution_and_product_match"
"2715","8044677567","/catalog/product/levoe-perednee-krylo-aito-m8-2715/","true","avito_external","confirmed_by_owner","company_avito_account","true","manual_review_required","manual_review_required","manual_review_required","manual_review_required","manual_review_required","review_quality_availability_resolution_and_product_match"
"2716","8108439632","/catalog/product/reshetka-perednego-bampera-kia-sportage-china-v-2716/","true","avito_external","confirmed_by_owner","company_avito_account","true","manual_review_required","manual_review_required","manual_review_required","manual_review_required","manual_review_required","review_quality_availability_resolution_and_product_match"
"2717","8108510524","/catalog/product/ramka-radiatora-volkswagen-tavendor-2717/","true","avito_external","confirmed_by_owner","company_avito_account","true","manual_review_required","manual_review_required","manual_review_required","manual_review_required","manual_review_required","review_quality_availability_resolution_and_product_match"
"2718","8108710324","/catalog/product/krylo-perednee-levoe-haval-xiaolong-hi4-2718/","true","avito_external","confirmed_by_owner","company_avito_account","true","manual_review_required","manual_review_required","manual_review_required","manual_review_required","manual_review_required","review_quality_availability_resolution_and_product_match"
"2719","8076297184","/catalog/product/levoe-zerkalo-voyah-dream-2719/","true","avito_external","confirmed_by_owner","company_avito_account","true","manual_review_required","manual_review_required","manual_review_required","manual_review_required","manual_review_required","review_quality_availability_resolution_and_product_match"
"2720","8044878226","/catalog/product/zadnyaya-pravaya-dver-aito-m8-2720/","true","avito_external","confirmed_by_owner","company_avito_account","true","manual_review_required","manual_review_required","manual_review_required","manual_review_required","manual_review_required","review_quality_availability_resolution_and_product_match"
"2721","8076421268","/catalog/product/reshetka-radiatora-toyota-corolla-2721/","true","avito_external","confirmed_by_owner","company_avito_account","true","manual_review_required","manual_review_required","manual_review_required","manual_review_required","manual_review_required","review_quality_availability_resolution_and_product_match"
"2722","7564933165","/catalog/product/nakladka-ramki-radiatora-verh-polar-stone-01-2722/","true","avito_external","confirmed_by_owner","company_avito_account","true","manual_review_required","manual_review_required","manual_review_required","manual_review_required","manual_review_required","review_quality_availability_resolution_and_product_match"
"2723","8076217642","/catalog/product/nizhnyaya-nakladka-zadnego-bampera-voyah-passion-2723/","true","avito_external","confirmed_by_owner","company_avito_account","true","manual_review_required","manual_review_required","manual_review_required","manual_review_required","manual_review_required","review_quality_availability_resolution_and_product_match"
"2724","8076886045","/catalog/product/ramka-radiatora-pravaya-chast-toyota-corolla-2724/","true","avito_external","confirmed_by_owner","company_avito_account","true","manual_review_required","manual_review_required","manual_review_required","manual_review_required","manual_review_required","review_quality_availability_resolution_and_product_match"
"2725","8108602363","/catalog/product/levaya-chast-perednego-bampera-exeed-exlantix-es-e3-2725/","true","avito_external","confirmed_by_owner","company_avito_account","true","manual_review_required","manual_review_required","manual_review_required","manual_review_required","manual_review_required","review_quality_availability_resolution_and_product_match"
"2726","8076222266","/catalog/product/kapot-voyah-dream-2726/","true","avito_external","confirmed_by_owner","company_avito_account","true","manual_review_required","manual_review_required","manual_review_required","manual_review_required","manual_review_required","review_quality_availability_resolution_and_product_match"
"2727","7947961018","/catalog/product/reshetka-radiatora-verhnyaya-baic-x35-2727/","true","avito_external","confirmed_by_owner","company_avito_account","true","manual_review_required","manual_review_required","manual_review_required","manual_review_required","manual_review_required","review_quality_availability_resolution_and_product_match"
"2728","7948891366","/catalog/product/pravaya-perednyaya-dver-baic-u5-plus-2728/","true","avito_external","confirmed_by_owner","company_avito_account","true","manual_review_required","manual_review_required","manual_review_required","manual_review_required","manual_review_required","review_quality_availability_resolution_and_product_match"
"2729","8076437524","/catalog/product/yubka-perednego-bampera-tank-500-2729/","true","avito_external","confirmed_by_owner","company_avito_account","true","manual_review_required","manual_review_required","manual_review_required","manual_review_required","manual_review_required","review_quality_availability_resolution_and_product_match"
"2730","7980528575","/catalog/product/kapot-changan-deepal-s7-2730/","true","avito_external","confirmed_by_owner","company_avito_account","true","manual_review_required","manual_review_required","manual_review_required","manual_review_required","manual_review_required","review_quality_availability_resolution_and_product_match"
"2731","4141061320","/catalog/product/molding-zadnego-bampera-levyi-geely-monjaro-origi-2731/","true","avito_external","confirmed_by_owner","company_avito_account","true","manual_review_required","manual_review_required","manual_review_required","manual_review_required","manual_review_required","review_quality_availability_resolution_and_product_match"
"2732","7948372560","/catalog/product/zadnyaya-levaya-dver-geely-galaxy-l7-2732/","true","avito_external","confirmed_by_owner","company_avito_account","true","manual_review_required","manual_review_required","manual_review_required","manual_review_required","manual_review_required","review_quality_availability_resolution_and_product_match"
"2733","4172870450","/catalog/product/kryshka-bagazhnika-lixiang-l7-original-2733/","true","avito_external","confirmed_by_owner","company_avito_account","true","manual_review_required","manual_review_required","manual_review_required","manual_review_required","manual_review_required","review_quality_availability_resolution_and_product_match"
"2734","4141289457","/catalog/product/reshetka-radiatora-geely-monjaro-original-2734/","true","avito_external","confirmed_by_owner","company_avito_account","true","manual_review_required","manual_review_required","manual_review_required","manual_review_required","manual_review_required","review_quality_availability_resolution_and_product_match"
"2735","7948892884","/catalog/product/kryshka-bagazhnika-baic-x55-2735/","true","avito_external","confirmed_by_owner","company_avito_account","true","manual_review_required","manual_review_required","manual_review_required","manual_review_required","manual_review_required","review_quality_availability_resolution_and_product_match"
"2736","8076827939","/catalog/product/perednyaya-pravaya-dver-kia-k5-2736/","true","avito_external","confirmed_by_owner","company_avito_account","true","manual_review_required","manual_review_required","manual_review_required","manual_review_required","manual_review_required","review_quality_availability_resolution_and_product_match"
"2737","8107981107","/catalog/product/levaya-nakladka-zadnego-bampera-changan-cs75-plus-2737/","true","avito_external","confirmed_by_owner","company_avito_account","true","manual_review_required","manual_review_required","manual_review_required","manual_review_required","manual_review_required","review_quality_availability_resolution_and_product_match"
"2738","8075974418","/catalog/product/reshetka-radiatora-tank-700-2738/","true","avito_external","confirmed_by_owner","company_avito_account","true","manual_review_required","manual_review_required","manual_review_required","manual_review_required","manual_review_required","review_quality_availability_resolution_and_product_match"
"2739","4493473457","/catalog/product/krylo-perednee-pravoe-geely-monjaro-original-2739/","true","avito_external","confirmed_by_owner","company_avito_account","true","manual_review_required","manual_review_required","manual_review_required","manual_review_required","manual_review_required","review_quality_availability_resolution_and_product_match"
"2740","7564799926","/catalog/product/podkrylok-perednii-levyi-polar-stone-01-2740/","true","avito_external","confirmed_by_owner","company_avito_account","true","manual_review_required","manual_review_required","manual_review_required","manual_review_required","manual_review_required","review_quality_availability_resolution_and_product_match"
"2741","7500645203","/catalog/product/podkrylok-perednii-pravyi-mercedes-benz-g-class-2741/","false","missing","confirmed_by_owner","company_avito_account","true","manual_review_required","manual_review_required","manual_review_required","manual_review_required","manual_review_required","review_quality_availability_resolution_and_product_match"
"2742","7916676077","/catalog/product/nakladka-poroga-levaya-vneshnyaya-livan-x3-pro-2742/","true","avito_external","confirmed_by_owner","company_avito_account","true","manual_review_required","manual_review_required","manual_review_required","manual_review_required","manual_review_required","review_quality_availability_resolution_and_product_match"
"2743","7404573409","/catalog/product/kapot-hongqi-hs5-2743/","true","avito_external","confirmed_by_owner","company_avito_account","true","manual_review_required","manual_review_required","manual_review_required","manual_review_required","manual_review_required","review_quality_availability_resolution_and_product_match"
"2744","7500898668","/catalog/product/podkrylok-perednii-pravyi-livan-x6-pro-2744/","true","avito_external","confirmed_by_owner","company_avito_account","true","manual_review_required","manual_review_required","manual_review_required","manual_review_required","manual_review_required","review_quality_availability_resolution_and_product_match"
"2745","8076246790","/catalog/product/perednyaya-dver-levaya-toyota-corolla-2745/","true","avito_external","confirmed_by_owner","company_avito_account","true","manual_review_required","manual_review_required","manual_review_required","manual_review_required","manual_review_required","review_quality_availability_resolution_and_product_match"
"2746","7436851694","/catalog/product/zadnii-bamper-lixiang-l6-2746/","false","missing","confirmed_by_owner","company_avito_account","true","manual_review_required","manual_review_required","manual_review_required","manual_review_required","manual_review_required","review_quality_availability_resolution_and_product_match"
"2747","4141272219","/catalog/product/kronshtein-parkovochnogo-radara-pravyi-geely-monjaro-2747/","true","avito_external","confirmed_by_owner","company_avito_account","true","manual_review_required","manual_review_required","manual_review_required","manual_review_required","manual_review_required","review_quality_availability_resolution_and_product_match"
"2748","7564192549","/catalog/product/bamper-zadnii-hiphi-z-original-2748/","true","avito_external","confirmed_by_owner","company_avito_account","true","manual_review_required","manual_review_required","manual_review_required","manual_review_required","manual_review_required","review_quality_availability_resolution_and_product_match"
"2749","7948809730","/catalog/product/zerkalo-levoe-volkswagen-tayron-2749/","true","avito_external","confirmed_by_owner","company_avito_account","true","manual_review_required","manual_review_required","manual_review_required","manual_review_required","manual_review_required","review_quality_availability_resolution_and_product_match"
"2750","7948549750","/catalog/product/kryshka-bagazhnika-baic-u5-plus-2750/","true","avito_external","confirmed_by_owner","company_avito_account","true","manual_review_required","manual_review_required","manual_review_required","manual_review_required","manual_review_required","review_quality_availability_resolution_and_product_match"
"2751","7980469523","/catalog/product/ramka-radiatora-wey-80-2751/","false","missing","confirmed_by_owner","company_avito_account","true","manual_review_required","manual_review_required","manual_review_required","manual_review_required","manual_review_required","review_quality_availability_resolution_and_product_match"
"2752","7916365240","/catalog/product/nakladka-zadnei-pravoi-dveri-nizhnyaya-livan-x3-pro-2752/","true","avito_external","confirmed_by_owner","company_avito_account","true","manual_review_required","manual_review_required","manual_review_required","manual_review_required","manual_review_required","review_quality_availability_resolution_and_product_match"
"2753","8044782111","/catalog/product/reshetka-perednego-bampera-geely-galaxy-starship-7-2753/","true","avito_external","confirmed_by_owner","company_avito_account","true","manual_review_required","manual_review_required","manual_review_required","manual_review_required","manual_review_required","review_quality_availability_resolution_and_product_match"
"2754","8044614360","/catalog/product/dver-zadnyaya-levaya-tank-700-2754/","true","avito_external","confirmed_by_owner","company_avito_account","true","manual_review_required","manual_review_required","manual_review_required","manual_review_required","manual_review_required","review_quality_availability_resolution_and_product_match"
"2755","8108169505","/catalog/product/reshetka-radiatora-kia-sportage-china-v-2755/","true","avito_external","confirmed_by_owner","company_avito_account","true","manual_review_required","manual_review_required","manual_review_required","manual_review_required","manual_review_required","review_quality_availability_resolution_and_product_match"
"2756","7948485677","/catalog/product/usilitel-zadnego-bampera-baic-x7-2756/","true","avito_external","confirmed_by_owner","company_avito_account","true","manual_review_required","manual_review_required","manual_review_required","manual_review_required","manual_review_required","review_quality_availability_resolution_and_product_match"
"2757","8108659585","/catalog/product/usilitel-zadnego-bampera-volkswagen-tavendor-2757/","true","avito_external","confirmed_by_owner","company_avito_account","true","manual_review_required","manual_review_required","manual_review_required","manual_review_required","manual_review_required","review_quality_availability_resolution_and_product_match"
"2758","7980036921","/catalog/product/bamper-zadnii-nizhnyaya-chast-livan-x6-pro-2758/","true","avito_external","confirmed_by_owner","company_avito_account","true","manual_review_required","manual_review_required","manual_review_required","manual_review_required","manual_review_required","review_quality_availability_resolution_and_product_match"
"2759","7820362812","/catalog/product/levaya-podnozhka-byd-leopard-5-2759/","true","avito_external","confirmed_by_owner","company_avito_account","true","manual_review_required","manual_review_required","manual_review_required","manual_review_required","manual_review_required","review_quality_availability_resolution_and_product_match"
"2760","4141183200","/catalog/product/kronshtein-zadnego-bampera-levyi-geely-monjaro-ori-2760/","true","avito_external","confirmed_by_owner","company_avito_account","true","manual_review_required","manual_review_required","manual_review_required","manual_review_required","manual_review_required","review_quality_availability_resolution_and_product_match"
"2761","8076168922","/catalog/product/kryshka-bagazhnika-tank-700-2761/","true","avito_external","confirmed_by_owner","company_avito_account","true","manual_review_required","manual_review_required","manual_review_required","manual_review_required","manual_review_required","review_quality_availability_resolution_and_product_match"
"2762","8044894099","/catalog/product/zerkalo-zadnego-vida-levoe-voyah-taishan-2762/","true","avito_external","confirmed_by_owner","company_avito_account","true","manual_review_required","manual_review_required","manual_review_required","manual_review_required","manual_review_required","review_quality_availability_resolution_and_product_match"
"2763","8108058466","/catalog/product/perednyaya-pravaya-dver-haval-xiaolong-hi4-2763/","true","avito_external","confirmed_by_owner","company_avito_account","true","manual_review_required","manual_review_required","manual_review_required","manual_review_required","manual_review_required","review_quality_availability_resolution_and_product_match"
"2764","7980591360","/catalog/product/nizhnyaya-nakladka-zadnego-bampera-wey-07-2764/","true","avito_external","confirmed_by_owner","company_avito_account","true","manual_review_required","manual_review_required","manual_review_required","manual_review_required","manual_review_required","review_quality_availability_resolution_and_product_match"
"2765","7980827773","/catalog/product/zerkalo-pravoe-byd-tang-l-2765/","true","avito_external","confirmed_by_owner","company_avito_account","true","manual_review_required","manual_review_required","manual_review_required","manual_review_required","manual_review_required","review_quality_availability_resolution_and_product_match"
"2766","8076446830","/catalog/product/usilitel-zadnego-bampera-kia-seltos-2766/","true","avito_external","confirmed_by_owner","company_avito_account","true","manual_review_required","manual_review_required","manual_review_required","manual_review_required","manual_review_required","review_quality_availability_resolution_and_product_match"
"2767","4333336372","/catalog/product/krylo-zadnee-pravoe-voyah-free-original-2767/","true","avito_external","confirmed_by_owner","company_avito_account","true","manual_review_required","manual_review_required","manual_review_required","manual_review_required","manual_review_required","review_quality_availability_resolution_and_product_match"
"2768","7788456161","/catalog/product/nakladka-perednego-bampera-levaya-toyota-camry-xv-8-2768/","true","avito_external","confirmed_by_owner","company_avito_account","true","manual_review_required","manual_review_required","manual_review_required","manual_review_required","manual_review_required","review_quality_availability_resolution_and_product_match"
"2769","8044251232","/catalog/product/perednii-bamper-volkswagen-talagon-2769/","true","avito_external","confirmed_by_owner","company_avito_account","true","manual_review_required","manual_review_required","manual_review_required","manual_review_required","manual_review_required","review_quality_availability_resolution_and_product_match"
"2770","8108616946","/catalog/product/krylo-perednee-pravoe-baw-bj-212-2770/","true","avito_external","confirmed_by_owner","company_avito_account","true","manual_review_required","manual_review_required","manual_review_required","manual_review_required","manual_review_required","review_quality_availability_resolution_and_product_match"
"2771","7564958586","/catalog/product/dver-zadnyaya-pravaya-polar-stone-01-2771/","false","missing","confirmed_by_owner","company_avito_account","true","manual_review_required","manual_review_required","manual_review_required","manual_review_required","manual_review_required","review_quality_availability_resolution_and_product_match"
"2772","8076444694","/catalog/product/yubka-perednego-bampera-tank-700-2772/","true","avito_external","confirmed_by_owner","company_avito_account","true","manual_review_required","manual_review_required","manual_review_required","manual_review_required","manual_review_required","review_quality_availability_resolution_and_product_match"
"2773","7948389282","/catalog/product/zadnii-bamper-baic-x7-2773/","true","avito_external","confirmed_by_owner","company_avito_account","true","manual_review_required","manual_review_required","manual_review_required","manual_review_required","manual_review_required","review_quality_availability_resolution_and_product_match"
"2774","7948721348","/catalog/product/ramka-radiatora-kia-k3-2774/","true","avito_external","confirmed_by_owner","company_avito_account","true","manual_review_required","manual_review_required","manual_review_required","manual_review_required","manual_review_required","review_quality_availability_resolution_and_product_match"
"2775","7724263160","/catalog/product/nouskat-geely-atlas-pro-2775/","false","missing","confirmed_by_owner","company_avito_account","true","manual_review_required","manual_review_required","manual_review_required","manual_review_required","manual_review_required","review_quality_availability_resolution_and_product_match"
"2776","7948498543","/catalog/product/pravaya-zadnyaya-dver-baic-x55-2776/","true","avito_external","confirmed_by_owner","company_avito_account","true","manual_review_required","manual_review_required","manual_review_required","manual_review_required","manual_review_required","review_quality_availability_resolution_and_product_match"
"2777","7980116126","/catalog/product/zadnyaya-pravaya-dver-toyota-camry-xv80-2777/","true","avito_external","confirmed_by_owner","company_avito_account","true","manual_review_required","manual_review_required","manual_review_required","manual_review_required","manual_review_required","review_quality_availability_resolution_and_product_match"
"2778","7948166682","/catalog/product/usilitel-perednego-bampera-toyota-highlander-xu70-2778/","true","avito_external","confirmed_by_owner","company_avito_account","true","manual_review_required","manual_review_required","manual_review_required","manual_review_required","manual_review_required","review_quality_availability_resolution_and_product_match"
"2779","7980223154","/catalog/product/reshetka-radiatora-byd-tang-l-2779/","true","avito_external","confirmed_by_owner","company_avito_account","true","manual_review_required","manual_review_required","manual_review_required","manual_review_required","manual_review_required","review_quality_availability_resolution_and_product_match"
"2780","4141047658","/catalog/product/kronshtein-parkovochnogo-radara-perednii-levyi-geely-2780/","true","avito_external","confirmed_by_owner","company_avito_account","true","manual_review_required","manual_review_required","manual_review_required","manual_review_required","manual_review_required","review_quality_availability_resolution_and_product_match"
"2781","7916282989","/catalog/product/nakladka-perednego-levogo-kryla-2781/","true","avito_external","confirmed_by_owner","company_avito_account","true","manual_review_required","manual_review_required","manual_review_required","manual_review_required","manual_review_required","review_quality_availability_resolution_and_product_match"
"2782","8075993470","/catalog/product/zadnii-bamper-kia-seltos-2782/","true","avito_external","confirmed_by_owner","company_avito_account","true","manual_review_required","manual_review_required","manual_review_required","manual_review_required","manual_review_required","review_quality_availability_resolution_and_product_match"
"2783","8108323530","/catalog/product/pravaya-nakladka-zadnego-bampera-exeed-exlantix-es-e3-2783/","true","avito_external","confirmed_by_owner","company_avito_account","true","manual_review_required","manual_review_required","manual_review_required","manual_review_required","manual_review_required","review_quality_availability_resolution_and_product_match"
"2784","7660667523","/catalog/product/nizhnyaya-chast-perednego-bampera-geely-coolray-2784/","false","missing","confirmed_by_owner","company_avito_account","true","manual_review_required","manual_review_required","manual_review_required","manual_review_required","manual_review_required","review_quality_availability_resolution_and_product_match"
"2785","8044276675","/catalog/product/reshetka-perednego-bampera-volkswagen-talagon-2785/","true","avito_external","confirmed_by_owner","company_avito_account","true","manual_review_required","manual_review_required","manual_review_required","manual_review_required","manual_review_required","review_quality_availability_resolution_and_product_match"
"2786","8043996502","/catalog/product/dver-perednyaya-levaya-voyah-taishan-2786/","true","avito_external","confirmed_by_owner","company_avito_account","true","manual_review_required","manual_review_required","manual_review_required","manual_review_required","manual_review_required","review_quality_availability_resolution_and_product_match"
"2787","8108565026","/catalog/product/kapot-voyah-passion-2787/","true","avito_external","confirmed_by_owner","company_avito_account","true","manual_review_required","manual_review_required","manual_review_required","manual_review_required","manual_review_required","review_quality_availability_resolution_and_product_match"
"2788","7980270196","/catalog/product/kryshka-bagazhnika-hongqi-hs5-2788/","true","avito_external","confirmed_by_owner","company_avito_account","true","manual_review_required","manual_review_required","manual_review_required","manual_review_required","manual_review_required","review_quality_availability_resolution_and_product_match"
"2789","7980835006","/catalog/product/perednee-levoe-krylo-changan-deepal-s7-2789/","true","avito_external","confirmed_by_owner","company_avito_account","true","manual_review_required","manual_review_required","manual_review_required","manual_review_required","manual_review_required","review_quality_availability_resolution_and_product_match"
"2790","7916555960","/catalog/product/kronshtein-krepleniya-bampera-levyi-livan-x3-pro-2790/","true","avito_external","confirmed_by_owner","company_avito_account","true","manual_review_required","manual_review_required","manual_review_required","manual_review_required","manual_review_required","review_quality_availability_resolution_and_product_match"
"2791","7948404904","/catalog/product/absorber-zadnego-bampera-toyota-highlander-xu70-2791/","true","avito_external","confirmed_by_owner","company_avito_account","true","manual_review_required","manual_review_required","manual_review_required","manual_review_required","manual_review_required","review_quality_availability_resolution_and_product_match"
"2792","7948575784","/catalog/product/podkrylok-zadnii-pravyi-kia-k3-2792/","true","avito_external","confirmed_by_owner","company_avito_account","true","manual_review_required","manual_review_required","manual_review_required","manual_review_required","manual_review_required","review_quality_availability_resolution_and_product_match"
"2793","7244531016","/catalog/product/panel-kuzova-zadnyaya-voyah-free-2793/","false","missing","confirmed_by_owner","company_avito_account","true","manual_review_required","manual_review_required","manual_review_required","manual_review_required","manual_review_required","review_quality_availability_resolution_and_product_match"
"2794","8108458387","/catalog/product/kryshka-bagazhnika-volkswagen-tavendor-2794/","true","avito_external","confirmed_by_owner","company_avito_account","true","manual_review_required","manual_review_required","manual_review_required","manual_review_required","manual_review_required","review_quality_availability_resolution_and_product_match"
"2795","8044658683","/catalog/product/perednii-bamper-byd-yangwang-u8l-2795/","true","avito_external","confirmed_by_owner","company_avito_account","true","manual_review_required","manual_review_required","manual_review_required","manual_review_required","manual_review_required","review_quality_availability_resolution_and_product_match"
"2796","7948502322","/catalog/product/usilitel-perednego-bampera-kia-k3-2796/","true","avito_external","confirmed_by_owner","company_avito_account","true","manual_review_required","manual_review_required","manual_review_required","manual_review_required","manual_review_required","review_quality_availability_resolution_and_product_match"
"2797","8044207277","/catalog/product/zadnii-bamper-volkswagen-talagon-2797/","true","avito_external","confirmed_by_owner","company_avito_account","true","manual_review_required","manual_review_required","manual_review_required","manual_review_required","manual_review_required","review_quality_availability_resolution_and_product_match"
"2798","7916120872","/catalog/product/nakladka-zadnego-bampera-tsentralnaya-livan-x3-pro-2798/","true","avito_external","confirmed_by_owner","company_avito_account","true","manual_review_required","manual_review_required","manual_review_required","manual_review_required","manual_review_required","review_quality_availability_resolution_and_product_match"
"2799","7948903815","/catalog/product/nizhnyaya-nakladka-perednego-bampera-baic-x7-2799/","true","avito_external","confirmed_by_owner","company_avito_account","true","manual_review_required","manual_review_required","manual_review_required","manual_review_required","manual_review_required","review_quality_availability_resolution_and_product_match"
"2800","8076353799","/catalog/product/usilitel-perednego-bampera-kia-k5-2800/","true","avito_external","confirmed_by_owner","company_avito_account","true","manual_review_required","manual_review_required","manual_review_required","manual_review_required","manual_review_required","review_quality_availability_resolution_and_product_match"
"2801","7915992062","/catalog/product/nakladka-zadnego-bampera-levaya-livan-x3-pro-2801/","true","avito_external","confirmed_by_owner","company_avito_account","true","manual_review_required","manual_review_required","manual_review_required","manual_review_required","manual_review_required","review_quality_availability_resolution_and_product_match"
"2802","8108685825","/catalog/product/perednyaya-pravaya-dver-changan-cs75-plus-2802/","true","avito_external","confirmed_by_owner","company_avito_account","true","manual_review_required","manual_review_required","manual_review_required","manual_review_required","manual_review_required","review_quality_availability_resolution_and_product_match"
"2803","8107934301","/catalog/product/nizhnyaya-zaschita-zadnyaya-aito-m8-2803/","false","missing","confirmed_by_owner","company_avito_account","true","manual_review_required","manual_review_required","manual_review_required","manual_review_required","manual_review_required","review_quality_availability_resolution_and_product_match"
"2804","7980749629","/catalog/product/usilitel-perednego-bampera-byd-tang-l-2804/","false","missing","confirmed_by_owner","company_avito_account","true","manual_review_required","manual_review_required","manual_review_required","manual_review_required","manual_review_required","review_quality_availability_resolution_and_product_match"
"2805","8108614870","/catalog/product/zadnyaya-pravaya-dver-toyota-rav4-v-2805/","true","avito_external","confirmed_by_owner","company_avito_account","true","manual_review_required","manual_review_required","manual_review_required","manual_review_required","manual_review_required","review_quality_availability_resolution_and_product_match"
"2806","4140945597","/catalog/product/zadnii-levyi-kronshtein-bampera-geely-monjaro-orig-2806/","true","avito_external","confirmed_by_owner","company_avito_account","true","manual_review_required","manual_review_required","manual_review_required","manual_review_required","manual_review_required","review_quality_availability_resolution_and_product_match"
"2807","8076143658","/catalog/product/nouskat-toyota-rav4-xa50-restailing-2807/","true","avito_external","confirmed_by_owner","company_avito_account","true","manual_review_required","manual_review_required","manual_review_required","manual_review_required","manual_review_required","review_quality_availability_resolution_and_product_match"
"2808","8108512429","/catalog/product/ramka-radiatora-voyah-passion-2808/","true","avito_external","confirmed_by_owner","company_avito_account","true","manual_review_required","manual_review_required","manual_review_required","manual_review_required","manual_review_required","review_quality_availability_resolution_and_product_match"
"2809","7820889214","/catalog/product/byd-leopard-5-krylo-perednee-levoe-2809/","true","avito_external","confirmed_by_owner","company_avito_account","true","manual_review_required","manual_review_required","manual_review_required","manual_review_required","manual_review_required","review_quality_availability_resolution_and_product_match"
"2810","7436936099","/catalog/product/kapot-foton-tunland-g7-2810/","false","missing","confirmed_by_owner","company_avito_account","true","manual_review_required","manual_review_required","manual_review_required","manual_review_required","manual_review_required","review_quality_availability_resolution_and_product_match"
"2811","8108753848","/catalog/product/podkrylok-zadnii-levyi-volkswagen-tavendor-2811/","true","avito_external","confirmed_by_owner","company_avito_account","true","manual_review_required","manual_review_required","manual_review_required","manual_review_required","manual_review_required","review_quality_availability_resolution_and_product_match"
"2812","7948913249","/catalog/product/levaya-zadnyaya-dver-baic-x55-2812/","true","avito_external","confirmed_by_owner","company_avito_account","true","manual_review_required","manual_review_required","manual_review_required","manual_review_required","manual_review_required","review_quality_availability_resolution_and_product_match"
"2813","7532244876","/catalog/product/usilitel-perednego-bampera-haval-jolion-2813/","false","missing","confirmed_by_owner","company_avito_account","true","manual_review_required","manual_review_required","manual_review_required","manual_review_required","manual_review_required","review_quality_availability_resolution_and_product_match"
"2814","7916558752","/catalog/product/reshetka-perednego-bampera-mercedes-g-class-2814/","true","avito_external","confirmed_by_owner","company_avito_account","true","manual_review_required","manual_review_required","manual_review_required","manual_review_required","manual_review_required","review_quality_availability_resolution_and_product_match"
"2815","7948348153","/catalog/product/usilitel-zadnego-bampera-geely-galaxy-l7-2815/","true","avito_external","confirmed_by_owner","company_avito_account","true","manual_review_required","manual_review_required","manual_review_required","manual_review_required","manual_review_required","review_quality_availability_resolution_and_product_match"
"2816","8012048770","/catalog/product/perednii-bamper-geely-preface-2816/","true","avito_external","confirmed_by_owner","company_avito_account","true","manual_review_required","manual_review_required","manual_review_required","manual_review_required","manual_review_required","review_quality_availability_resolution_and_product_match"
"2817","7916728743","/catalog/product/nakladka-perednego-bampera-levaya-livan-x3-pro-2817/","true","avito_external","confirmed_by_owner","company_avito_account","true","manual_review_required","manual_review_required","manual_review_required","manual_review_required","manual_review_required","review_quality_availability_resolution_and_product_match"
"2818","7948814820","/catalog/product/perednyaya-pravaya-dver-geely-galaxy-l7-2818/","true","avito_external","confirmed_by_owner","company_avito_account","true","manual_review_required","manual_review_required","manual_review_required","manual_review_required","manual_review_required","review_quality_availability_resolution_and_product_match"
"2819","7532635950","/catalog/product/dver-perednyaya-pravaya-exeed-vx-2819/","false","missing","confirmed_by_owner","company_avito_account","true","manual_review_required","manual_review_required","manual_review_required","manual_review_required","manual_review_required","review_quality_availability_resolution_and_product_match"
"2820","7340878163","/catalog/product/reshetka-radiatora-haval-f7x-2820/","true","avito_external","confirmed_by_owner","company_avito_account","true","manual_review_required","manual_review_required","manual_review_required","manual_review_required","manual_review_required","review_quality_availability_resolution_and_product_match"
"2821","7916487868","/catalog/product/nakladka-zadnego-levogo-kryla-na-arku-livan-x3-pro-2821/","true","avito_external","confirmed_by_owner","company_avito_account","true","manual_review_required","manual_review_required","manual_review_required","manual_review_required","manual_review_required","review_quality_availability_resolution_and_product_match"
"2822","7948457162","/catalog/product/pravyi-zadnii-podkrylok-baic-u5-plus-2822/","true","avito_external","confirmed_by_owner","company_avito_account","true","manual_review_required","manual_review_required","manual_review_required","manual_review_required","manual_review_required","review_quality_availability_resolution_and_product_match"
"2823","8075934190","/catalog/product/nizhnyaya-chast-zadnego-bampera-kia-k5-2823/","true","avito_external","confirmed_by_owner","company_avito_account","true","manual_review_required","manual_review_required","manual_review_required","manual_review_required","manual_review_required","review_quality_availability_resolution_and_product_match"
"2824","7884482689","/catalog/product/bamper-perednii-niz-livan-x6-pro-2824/","true","avito_external","confirmed_by_owner","company_avito_account","true","manual_review_required","manual_review_required","manual_review_required","manual_review_required","manual_review_required","review_quality_availability_resolution_and_product_match"
"2825","8107924135","/catalog/product/zadnyaya-pravaya-dver-changan-cs75-plus-2825/","true","avito_external","confirmed_by_owner","company_avito_account","true","manual_review_required","manual_review_required","manual_review_required","manual_review_required","manual_review_required","review_quality_availability_resolution_and_product_match"
"2826","7788014617","/catalog/product/usilitel-bampera-perednego-toyota-camry-xv-80-2826/","true","avito_external","confirmed_by_owner","company_avito_account","true","manual_review_required","manual_review_required","manual_review_required","manual_review_required","manual_review_required","review_quality_availability_resolution_and_product_match"
"2827","8012576054","/catalog/product/dver-zadnyaya-pravaya-xiaomi-su-7-2827/","true","avito_external","confirmed_by_owner","company_avito_account","true","manual_review_required","manual_review_required","manual_review_required","manual_review_required","manual_review_required","review_quality_availability_resolution_and_product_match"
"2828","7948841168","/catalog/product/pravaya-nakladka-zadn-bamp-geely-galaxy-l7-2828/","true","avito_external","confirmed_by_owner","company_avito_account","true","manual_review_required","manual_review_required","manual_review_required","manual_review_required","manual_review_required","review_quality_availability_resolution_and_product_match"
"2829","8076724466","/catalog/product/krylo-perednee-pravoe-byd-seal-06-gt-2829/","true","avito_external","confirmed_by_owner","company_avito_account","true","manual_review_required","manual_review_required","manual_review_required","manual_review_required","manual_review_required","review_quality_availability_resolution_and_product_match"
"2830","7564113854","/catalog/product/podkrylok-perednii-pravyi-polar-stone-01-2830/","true","avito_external","confirmed_by_owner","company_avito_account","true","manual_review_required","manual_review_required","manual_review_required","manual_review_required","manual_review_required","review_quality_availability_resolution_and_product_match"
"2831","8076142895","/catalog/product/reshetka-radiatora-changan-hanter-plus-2831/","true","avito_external","confirmed_by_owner","company_avito_account","true","manual_review_required","manual_review_required","manual_review_required","manual_review_required","manual_review_required","review_quality_availability_resolution_and_product_match"
"2832","4332537031","/catalog/product/dver-zadnyaya-pravaya-voyah-free-original-2832/","true","avito_external","confirmed_by_owner","company_avito_account","true","manual_review_required","manual_review_required","manual_review_required","manual_review_required","manual_review_required","review_quality_availability_resolution_and_product_match"
"2833","7980691987","/catalog/product/zerkalo-levoe-xiaomi-su7-2833/","true","avito_external","confirmed_by_owner","company_avito_account","true","manual_review_required","manual_review_required","manual_review_required","manual_review_required","manual_review_required","review_quality_availability_resolution_and_product_match"
"2834","8043929796","/catalog/product/nizhnyaya-nakladka-perednego-bampera-geely-galaxy-starship-7-2834/","true","avito_external","confirmed_by_owner","company_avito_account","true","manual_review_required","manual_review_required","manual_review_required","manual_review_required","manual_review_required","review_quality_availability_resolution_and_product_match"
"2835","8108880639","/catalog/product/levoe-zerkalo-exeed-exlantix-es-e3-2835/","true","avito_external","confirmed_by_owner","company_avito_account","true","manual_review_required","manual_review_required","manual_review_required","manual_review_required","manual_review_required","review_quality_availability_resolution_and_product_match"
"2836","7948610078","/catalog/product/bamper-zadnii-kia-k3-2836/","true","avito_external","confirmed_by_owner","company_avito_account","true","manual_review_required","manual_review_required","manual_review_required","manual_review_required","manual_review_required","review_quality_availability_resolution_and_product_match"
"2837","7244760703","/catalog/product/oblitsovka-bampera-perednego-nizhnyaya-changan-hanter-2837/","false","missing","confirmed_by_owner","company_avito_account","true","manual_review_required","manual_review_required","manual_review_required","manual_review_required","manual_review_required","review_quality_availability_resolution_and_product_match"
"2838","8108653514","/catalog/product/reshetka-perednego-bampera-toyota-rav4-v-2838/","true","avito_external","confirmed_by_owner","company_avito_account","true","manual_review_required","manual_review_required","manual_review_required","manual_review_required","manual_review_required","review_quality_availability_resolution_and_product_match"
"2839","8108789562","/catalog/product/perednii-bamper-exeed-exlantix-es-e3-2839/","true","avito_external","confirmed_by_owner","company_avito_account","true","manual_review_required","manual_review_required","manual_review_required","manual_review_required","manual_review_required","review_quality_availability_resolution_and_product_match"
"2840","7980779087","/catalog/product/dver-perednyaya-levaya-wey-07-2840/","true","avito_external","confirmed_by_owner","company_avito_account","true","manual_review_required","manual_review_required","manual_review_required","manual_review_required","manual_review_required","review_quality_availability_resolution_and_product_match"
"2841","8107968092","/catalog/product/verhnyaya-chast-ramki-radiatora-kia-sportage-v-2841/","true","avito_external","confirmed_by_owner","company_avito_account","true","manual_review_required","manual_review_required","manual_review_required","manual_review_required","manual_review_required","review_quality_availability_resolution_and_product_match"
"2842","7948261587","/catalog/product/nakladka-zadnei-pravoi-dveri-volkswagen-tayron-2842/","true","avito_external","confirmed_by_owner","company_avito_account","true","manual_review_required","manual_review_required","manual_review_required","manual_review_required","manual_review_required","review_quality_availability_resolution_and_product_match"
"2843","7820196573","/catalog/product/nakladka-levoi-perednei-dveri-byd-leopard-5-2843/","true","avito_external","confirmed_by_owner","company_avito_account","true","manual_review_required","manual_review_required","manual_review_required","manual_review_required","manual_review_required","review_quality_availability_resolution_and_product_match"
"2844","8108508559","/catalog/product/krylo-perednee-levoe-byd-seal-06-gt-2844/","false","missing","confirmed_by_owner","company_avito_account","true","manual_review_required","manual_review_required","manual_review_required","manual_review_required","manual_review_required","review_quality_availability_resolution_and_product_match"
"2845","7948862005","/catalog/product/nakladka-poroga-pravaya-volkswagen-tayron-2845/","false","missing","confirmed_by_owner","company_avito_account","true","manual_review_required","manual_review_required","manual_review_required","manual_review_required","manual_review_required","review_quality_availability_resolution_and_product_match"
"2846","8076406585","/catalog/product/zadnii-bamper-tank-500-2846/","true","avito_external","confirmed_by_owner","company_avito_account","true","manual_review_required","manual_review_required","manual_review_required","manual_review_required","manual_review_required","review_quality_availability_resolution_and_product_match"
"2847","7916739937","/catalog/product/reshetka-radiatora-livan-x3-pro-2847/","true","avito_external","confirmed_by_owner","company_avito_account","true","manual_review_required","manual_review_required","manual_review_required","manual_review_required","manual_review_required","review_quality_availability_resolution_and_product_match"
"2848","8076441276","/catalog/product/perednyaya-dver-pravaya-toyota-corolla-2848/","true","avito_external","confirmed_by_owner","company_avito_account","true","manual_review_required","manual_review_required","manual_review_required","manual_review_required","manual_review_required","review_quality_availability_resolution_and_product_match"
"2849","7948835912","/catalog/product/perednee-levoe-krylo-geely-galaxy-l7-2849/","true","avito_external","confirmed_by_owner","company_avito_account","true","manual_review_required","manual_review_required","manual_review_required","manual_review_required","manual_review_required","review_quality_availability_resolution_and_product_match"
"2850","7980652365","/catalog/product/pravyi-perednii-podkrylok-hongqi-hs5-2850/","true","avito_external","confirmed_by_owner","company_avito_account","true","manual_review_required","manual_review_required","manual_review_required","manual_review_required","manual_review_required","review_quality_availability_resolution_and_product_match"
"2851","7532400665","/catalog/product/dver-zadnyaya-pravaya-exeed-vx-2851/","false","missing","confirmed_by_owner","company_avito_account","true","manual_review_required","manual_review_required","manual_review_required","manual_review_required","manual_review_required","review_quality_availability_resolution_and_product_match"
"2852","7884211174","/catalog/product/reshetka-radiatora-livan-x6-pro-2852/","true","avito_external","confirmed_by_owner","company_avito_account","true","manual_review_required","manual_review_required","manual_review_required","manual_review_required","manual_review_required","review_quality_availability_resolution_and_product_match"
"2853","4141498574","/catalog/product/bamper-perednii-geely-monjaro-v-sbore-original-2853/","true","avito_external","confirmed_by_owner","company_avito_account","true","manual_review_required","manual_review_required","manual_review_required","manual_review_required","manual_review_required","review_quality_availability_resolution_and_product_match"
"2854","8012727709","/catalog/product/kryshka-bagazhnika-byd-fangchengbao-titanium-7-2854/","true","avito_external","confirmed_by_owner","company_avito_account","true","manual_review_required","manual_review_required","manual_review_required","manual_review_required","manual_review_required","review_quality_availability_resolution_and_product_match"
"2855","7948260675","/catalog/product/reiling-pravyi-livan-x6-pro-2855/","true","avito_external","confirmed_by_owner","company_avito_account","true","manual_review_required","manual_review_required","manual_review_required","manual_review_required","manual_review_required","review_quality_availability_resolution_and_product_match"
"2856","7948455507","/catalog/product/nakladka-perednei-levoi-dveri-baic-x7-2856/","true","avito_external","confirmed_by_owner","company_avito_account","true","manual_review_required","manual_review_required","manual_review_required","manual_review_required","manual_review_required","review_quality_availability_resolution_and_product_match"
"2857","7948106004","/catalog/product/zadnii-bamper-baic-bj40-2857/","true","avito_external","confirmed_by_owner","company_avito_account","true","manual_review_required","manual_review_required","manual_review_required","manual_review_required","manual_review_required","review_quality_availability_resolution_and_product_match"
"2858","8044157780","/catalog/product/perednee-levoe-krylo-volkswagen-talagon-2858/","true","avito_external","confirmed_by_owner","company_avito_account","true","manual_review_required","manual_review_required","manual_review_required","manual_review_required","manual_review_required","review_quality_availability_resolution_and_product_match"
"2859","8076800094","/catalog/product/dver-perednyaya-levaya-kia-seltos-2859/","true","avito_external","confirmed_by_owner","company_avito_account","true","manual_review_required","manual_review_required","manual_review_required","manual_review_required","manual_review_required","review_quality_availability_resolution_and_product_match"
"2860","7948261495","/catalog/product/nizhnyaya-nakladka-zadnego-bampera-toyota-highlander-2860/","true","avito_external","confirmed_by_owner","company_avito_account","true","manual_review_required","manual_review_required","manual_review_required","manual_review_required","manual_review_required","review_quality_availability_resolution_and_product_match"
"2861","7788443008","/catalog/product/reshetka-perednego-bampera-toyota-camry-xv-80-2861/","true","avito_external","confirmed_by_owner","company_avito_account","true","manual_review_required","manual_review_required","manual_review_required","manual_review_required","manual_review_required","review_quality_availability_resolution_and_product_match"
"2862","8108271108","/catalog/product/perednee-levoe-krylo-changan-cs75-plus-2862/","true","avito_external","confirmed_by_owner","company_avito_account","true","manual_review_required","manual_review_required","manual_review_required","manual_review_required","manual_review_required","review_quality_availability_resolution_and_product_match"
"2863","7500895335","/catalog/product/petlya-kapota-levaya-hongqi-hs5-2863/","true","avito_external","confirmed_by_owner","company_avito_account","true","manual_review_required","manual_review_required","manual_review_required","manual_review_required","manual_review_required","review_quality_availability_resolution_and_product_match"
"2864","8108289244","/catalog/product/vertikalnaya-nakladka-pravoi-perednei-dveri-exeed-exlantix-es-e3-2864/","false","missing","confirmed_by_owner","company_avito_account","true","manual_review_required","manual_review_required","manual_review_required","manual_review_required","manual_review_required","review_quality_availability_resolution_and_product_match"
"2865","4141500246","/catalog/product/kronshtein-parkovochnogo-radara-perednii-geely-monja-2865/","true","avito_external","confirmed_by_owner","company_avito_account","true","manual_review_required","manual_review_required","manual_review_required","manual_review_required","manual_review_required","review_quality_availability_resolution_and_product_match"
"2866","8044694841","/catalog/product/dver-perednyaya-levaya-volkswagen-talagon-2866/","true","avito_external","confirmed_by_owner","company_avito_account","true","manual_review_required","manual_review_required","manual_review_required","manual_review_required","manual_review_required","review_quality_availability_resolution_and_product_match"
"2867","8076599672","/catalog/product/kryshka-bagazhnika-kia-sportage-china-v-2867/","true","avito_external","confirmed_by_owner","company_avito_account","true","manual_review_required","manual_review_required","manual_review_required","manual_review_required","manual_review_required","review_quality_availability_resolution_and_product_match"
"2868","8108241615","/catalog/product/podkrylok-pravyi-perednii-aito-m8-2868/","false","missing","confirmed_by_owner","company_avito_account","true","manual_review_required","manual_review_required","manual_review_required","manual_review_required","manual_review_required","review_quality_availability_resolution_and_product_match"
"2869","7980521614","/catalog/product/dver-zadnyaya-pravaya-xiaomi-su7-2869/","true","avito_external","confirmed_by_owner","company_avito_account","true","manual_review_required","manual_review_required","manual_review_required","manual_review_required","manual_review_required","review_quality_availability_resolution_and_product_match"
"2870","7948679818","/catalog/product/levoe-perednee-krylo-baic-x7-2870/","true","avito_external","confirmed_by_owner","company_avito_account","true","manual_review_required","manual_review_required","manual_review_required","manual_review_required","manual_review_required","review_quality_availability_resolution_and_product_match"
"2871","8012676036","/catalog/product/perednii-bamper-byd-fangchengbao-titanium-7-2871/","true","avito_external","confirmed_by_owner","company_avito_account","true","manual_review_required","manual_review_required","manual_review_required","manual_review_required","manual_review_required","review_quality_availability_resolution_and_product_match"
"2872","8108157529","/catalog/product/pravoe-perednee-krylo-volkswagen-tavendor-2872/","true","avito_external","confirmed_by_owner","company_avito_account","true","manual_review_required","manual_review_required","manual_review_required","manual_review_required","manual_review_required","review_quality_availability_resolution_and_product_match"
"2873","7916511453","/catalog/product/perednee-levoe-krylo-livan-x3-pro-2873/","true","avito_external","confirmed_by_owner","company_avito_account","true","manual_review_required","manual_review_required","manual_review_required","manual_review_required","manual_review_required","review_quality_availability_resolution_and_product_match"
"2874","7820052224","/catalog/product/byd-leopard-5-bamper-perednii-2874/","true","avito_external","confirmed_by_owner","company_avito_account","true","manual_review_required","manual_review_required","manual_review_required","manual_review_required","manual_review_required","review_quality_availability_resolution_and_product_match"
"2875","8076238182","/catalog/product/kapot-tank-700-2875/","true","avito_external","confirmed_by_owner","company_avito_account","true","manual_review_required","manual_review_required","manual_review_required","manual_review_required","manual_review_required","review_quality_availability_resolution_and_product_match"
"2876","7980261386","/catalog/product/perednii-bamper-byd-tang-l-2876/","true","avito_external","confirmed_by_owner","company_avito_account","true","manual_review_required","manual_review_required","manual_review_required","manual_review_required","manual_review_required","review_quality_availability_resolution_and_product_match"
"2877","8076012208","/catalog/product/nizhnyaya-chast-zadnego-bampera-kia-seltos-2877/","true","avito_external","confirmed_by_owner","company_avito_account","true","manual_review_required","manual_review_required","manual_review_required","manual_review_required","manual_review_required","review_quality_availability_resolution_and_product_match"
"2878","8108448324","/catalog/product/levaya-chast-zadnego-bampera-kia-sportage-china-v-2878/","true","avito_external","confirmed_by_owner","company_avito_account","true","manual_review_required","manual_review_required","manual_review_required","manual_review_required","manual_review_required","review_quality_availability_resolution_and_product_match"
"2879","7980392542","/catalog/product/nakladka-perednei-levoi-dveri-wey-80-2879/","true","avito_external","confirmed_by_owner","company_avito_account","true","manual_review_required","manual_review_required","manual_review_required","manual_review_required","manual_review_required","review_quality_availability_resolution_and_product_match"
"2880","8108524927","/catalog/product/kryshka-bagazhnika-changan-cs75-plus-2880/","true","avito_external","confirmed_by_owner","company_avito_account","true","manual_review_required","manual_review_required","manual_review_required","manual_review_required","manual_review_required","review_quality_availability_resolution_and_product_match"
"2881","8107969000","/catalog/product/dver-perednyaya-pravaya-volkswagen-tavendor-2881/","true","avito_external","confirmed_by_owner","company_avito_account","true","manual_review_required","manual_review_required","manual_review_required","manual_review_required","manual_review_required","review_quality_availability_resolution_and_product_match"
"2882","7468608368","/catalog/product/perednyaya-levaya-dver-geely-coolrey-original-2882/","true","avito_external","confirmed_by_owner","company_avito_account","true","manual_review_required","manual_review_required","manual_review_required","manual_review_required","manual_review_required","review_quality_availability_resolution_and_product_match"
"2883","8076284145","/catalog/product/dver-perednyaya-pravaya-kia-seltos-2883/","true","avito_external","confirmed_by_owner","company_avito_account","true","manual_review_required","manual_review_required","manual_review_required","manual_review_required","manual_review_required","review_quality_availability_resolution_and_product_match"
"2884","7980747193","/catalog/product/nakladka-levogo-perednego-kryla-hongqi-hs5-2884/","true","avito_external","confirmed_by_owner","company_avito_account","true","manual_review_required","manual_review_required","manual_review_required","manual_review_required","manual_review_required","review_quality_availability_resolution_and_product_match"
"2885","7980352806","/catalog/product/krylo-perednee-pravoe-zeekr-9x-2885/","true","avito_external","confirmed_by_owner","company_avito_account","true","manual_review_required","manual_review_required","manual_review_required","manual_review_required","manual_review_required","review_quality_availability_resolution_and_product_match"
"2886","8012622682","/catalog/product/dver-perednyaya-pravaya-byd-fangchengbao-titanium-7-2886/","true","avito_external","confirmed_by_owner","company_avito_account","true","manual_review_required","manual_review_required","manual_review_required","manual_review_required","manual_review_required","review_quality_availability_resolution_and_product_match"
"2887","7948216363","/catalog/product/usilitel-zadnego-bampera-toyota-highlander-xu70-2887/","true","avito_external","confirmed_by_owner","company_avito_account","true","manual_review_required","manual_review_required","manual_review_required","manual_review_required","manual_review_required","review_quality_availability_resolution_and_product_match"
"2888","8076505811","/catalog/product/krylo-perednee-levoe-byd-seal-06-gt-2888/","true","avito_external","confirmed_by_owner","company_avito_account","true","manual_review_required","manual_review_required","manual_review_required","manual_review_required","manual_review_required","review_quality_availability_resolution_and_product_match"
"2889","8108182847","/catalog/product/nouskat-audi-a8-d4-restailing-2013-2017-2889/","true","avito_external","confirmed_by_owner","company_avito_account","true","manual_review_required","manual_review_required","manual_review_required","manual_review_required","manual_review_required","review_quality_availability_resolution_and_product_match"
"2890","8108763601","/catalog/product/kapot-toyota-rav4-v-2890/","true","avito_external","confirmed_by_owner","company_avito_account","true","manual_review_required","manual_review_required","manual_review_required","manual_review_required","manual_review_required","review_quality_availability_resolution_and_product_match"
"2891","7788174513","/catalog/product/podkrylok-perednii-pravyi-toyota-camry-xv-80-2891/","false","missing","confirmed_by_owner","company_avito_account","true","manual_review_required","manual_review_required","manual_review_required","manual_review_required","manual_review_required","review_quality_availability_resolution_and_product_match"
"2892","8044391327","/catalog/product/reshetka-radiatora-byd-yangwang-u8l-2892/","true","avito_external","confirmed_by_owner","company_avito_account","true","manual_review_required","manual_review_required","manual_review_required","manual_review_required","manual_review_required","review_quality_availability_resolution_and_product_match"
"2893","8044748093","/catalog/product/reshetka-radiatora-voyah-taishan-2893/","true","avito_external","confirmed_by_owner","company_avito_account","true","manual_review_required","manual_review_required","manual_review_required","manual_review_required","manual_review_required","review_quality_availability_resolution_and_product_match"
"2894","7500860745","/catalog/product/levoe-perednee-krylo-hongqi-hs5-2894/","true","avito_external","confirmed_by_owner","company_avito_account","true","manual_review_required","manual_review_required","manual_review_required","manual_review_required","manual_review_required","review_quality_availability_resolution_and_product_match"
"2895","8108466207","/catalog/product/reshetka-radiatora-haval-xiaolong-hi4-2895/","true","avito_external","confirmed_by_owner","company_avito_account","true","manual_review_required","manual_review_required","manual_review_required","manual_review_required","manual_review_required","review_quality_availability_resolution_and_product_match"
"2896","7916732089","/catalog/product/usilitel-perednego-bampera-geely-okavango-2896/","true","avito_external","confirmed_by_owner","company_avito_account","true","manual_review_required","manual_review_required","manual_review_required","manual_review_required","manual_review_required","review_quality_availability_resolution_and_product_match"
"2897","7948764308","/catalog/product/perednee-levoe-krylo-toyota-highlander-xu70-2897/","true","avito_external","confirmed_by_owner","company_avito_account","true","manual_review_required","manual_review_required","manual_review_required","manual_review_required","manual_review_required","review_quality_availability_resolution_and_product_match"
"2898","7980156657","/catalog/product/zerkalo-levoe-wey-07-2898/","true","avito_external","confirmed_by_owner","company_avito_account","true","manual_review_required","manual_review_required","manual_review_required","manual_review_required","manual_review_required","review_quality_availability_resolution_and_product_match"
"2899","7948787673","/catalog/product/usilitel-zadnego-bampera-volkswagen-tayron-2899/","true","avito_external","confirmed_by_owner","company_avito_account","true","manual_review_required","manual_review_required","manual_review_required","manual_review_required","manual_review_required","review_quality_availability_resolution_and_product_match"
"2900","7980808235","/catalog/product/perednii-bamper-zeekr-9x-2900/","true","avito_external","confirmed_by_owner","company_avito_account","true","manual_review_required","manual_review_required","manual_review_required","manual_review_required","manual_review_required","review_quality_availability_resolution_and_product_match"
"2901","8107968408","/catalog/product/levoe-zerkalo-haval-xiaolong-hi4-2901/","true","avito_external","confirmed_by_owner","company_avito_account","true","manual_review_required","manual_review_required","manual_review_required","manual_review_required","manual_review_required","review_quality_availability_resolution_and_product_match"
"2902","8076633984","/catalog/product/zadnyaya-dver-pravaya-toyota-corolla-2902/","true","avito_external","confirmed_by_owner","company_avito_account","true","manual_review_required","manual_review_required","manual_review_required","manual_review_required","manual_review_required","review_quality_availability_resolution_and_product_match"
"2903","8076250618","/catalog/product/nakladka-na-levuyu-perednyuyu-dver-voyah-dream-2903/","true","avito_external","confirmed_by_owner","company_avito_account","true","manual_review_required","manual_review_required","manual_review_required","manual_review_required","manual_review_required","review_quality_availability_resolution_and_product_match"
"2904","7628618213","/catalog/product/reshetka-radiatora-lexus-rx-2904/","false","missing","confirmed_by_owner","company_avito_account","true","manual_review_required","manual_review_required","manual_review_required","manual_review_required","manual_review_required","review_quality_availability_resolution_and_product_match"
"2905","7980275855","/catalog/product/nizhnyaya-nakladka-zadnego-bampera-wey-80-2905/","true","avito_external","confirmed_by_owner","company_avito_account","true","manual_review_required","manual_review_required","manual_review_required","manual_review_required","manual_review_required","review_quality_availability_resolution_and_product_match"
"2906","7500854999","/catalog/product/nakladka-perednego-kryla-pravaya-mercedes-g-class-2906/","false","missing","confirmed_by_owner","company_avito_account","true","manual_review_required","manual_review_required","manual_review_required","manual_review_required","manual_review_required","review_quality_availability_resolution_and_product_match"
"2907","8076185444","/catalog/product/reshetka-radiatora-kia-k5-2907/","true","avito_external","confirmed_by_owner","company_avito_account","true","manual_review_required","manual_review_required","manual_review_required","manual_review_required","manual_review_required","review_quality_availability_resolution_and_product_match"
"2908","7916438220","/catalog/product/deflektor-radiatora-pravyi-livan-x6-pro-2908/","true","avito_external","confirmed_by_owner","company_avito_account","true","manual_review_required","manual_review_required","manual_review_required","manual_review_required","manual_review_required","review_quality_availability_resolution_and_product_match"
